Country,Country_Code,Indicator_Name,Indicator_Code,Year,GDP
Aruba,ABW,GDP (current US$),NY.GDP.MKTP.CD,2015,2962906703.9106145
Afghanistan,AFG,GDP (current US$),NY.GDP.MKTP.CD,2015,19134221644.732494
Angola,AGO,GDP (current US$),NY.GDP.MKTP.CD,2015,102543067840.81906
Albania,ALB,GDP (current US$),NY.GDP.MKTP.CD,2015,11470171826.957481
Andorra,AND,GDP (current US$),NY.GDP.MKTP.CD,2015,2789881258.6054673
United Arab Emirates,ARE,GDP (current US$),NY.GDP.MKTP.CD,2015,381973135513.0647
Argentina,ARG,GDP (current US$),NY.GDP.MKTP.CD,2015,594749285413.2124
Armenia,ARM,GDP (current US$),NY.GDP.MKTP.CD,2015,10553337518.414
American Samoa,ASM,GDP (current US$),NY.GDP.MKTP.CD,2015,673000000.0
Antigua and Barbuda,ATG,GDP (current US$),NY.GDP.MKTP.CD,2015,1437485185.1851852
Australia,AUS,GDP (current US$),NY.GDP.MKTP.CD,2015,1356805839935.903
Austria,AUT,GDP (current US$),NY.GDP.MKTP.CD,2015,379546097300.6326
Azerbaijan,AZE,GDP (current US$),NY.GDP.MKTP.CD,2015,53076235354.74602
Burundi,BDI,GDP (current US$),NY.GDP.MKTP.CD,2015,2810532912.499755
Belgium,BEL,GDP (current US$),NY.GDP.MKTP.CD,2015,461044767544.531
Benin,BEN,GDP (current US$),NY.GDP.MKTP.CD,2015,11388160996.773783
Burkina Faso,BFA,GDP (current US$),NY.GDP.MKTP.CD,2015,11832159315.62978
Bangladesh,BGD,GDP (current US$),NY.GDP.MKTP.CD,2015,195146608978.1311
Bulgaria,BGR,GDP (current US$),NY.GDP.MKTP.CD,2015,50768512172.93726
Bahrain,BHR,GDP (current US$),NY.GDP.MKTP.CD,2015,32523297872.340424
"Bahamas, The",BHS,GDP (current US$),NY.GDP.MKTP.CD,2015,11837600000.0
Bosnia and Herzegovina,BIH,GDP (current US$),NY.GDP.MKTP.CD,2015,16404348361.09265
Belarus,BLR,GDP (current US$),NY.GDP.MKTP.CD,2015,56454769844.763176
Belize,BLZ,GDP (current US$),NY.GDP.MKTP.CD,2015,2193095150.0
Bermuda,BMU,GDP (current US$),NY.GDP.MKTP.CD,2015,6654541000.0
Bolivia,BOL,GDP (current US$),NY.GDP.MKTP.CD,2015,33000198248.914616
Brazil,BRA,GDP (current US$),NY.GDP.MKTP.CD,2015,1802212206814.504
Barbados,BRB,GDP (current US$),NY.GDP.MKTP.CD,2015,5699619150.0
Brunei Darussalam,BRN,GDP (current US$),NY.GDP.MKTP.CD,2015,12930296870.124685
Bhutan,BTN,GDP (current US$),NY.GDP.MKTP.CD,2015,2187815803.368328
Botswana,BWA,GDP (current US$),NY.GDP.MKTP.CD,2015,13530748844.504961
Central African Republic,CAF,GDP (current US$),NY.GDP.MKTP.CD,2015,1695825714.1928205
Canada,CAN,GDP (current US$),NY.GDP.MKTP.CD,2015,1556510380200.2317
Switzerland,CHE,GDP (current US$),NY.GDP.MKTP.CD,2015,706199008878.6565
Chile,CHL,GDP (current US$),NY.GDP.MKTP.CD,2015,242450355830.88394
China,CHN,GDP (current US$),NY.GDP.MKTP.CD,2015,11280814787468.914
Cote d'Ivoire,CIV,GDP (current US$),NY.GDP.MKTP.CD,2015,45815005169.26511
Cameroon,CMR,GDP (current US$),NY.GDP.MKTP.CD,2015,32210233020.456917
"Congo, Dem. Rep.",COD,GDP (current US$),NY.GDP.MKTP.CD,2015,40179574490.3032
"Congo, Rep.",COG,GDP (current US$),NY.GDP.MKTP.CD,2015,12434793867.3568
Colombia,COL,GDP (current US$),NY.GDP.MKTP.CD,2015,293492370193.1661
Comoros,COM,GDP (current US$),NY.GDP.MKTP.CD,2015,966029600.8622274
Cabo Verde,CPV,GDP (current US$),NY.GDP.MKTP.CD,2015,1749857620.3532875
Costa Rica,CRI,GDP (current US$),NY.GDP.MKTP.CD,2015,56441920888.425
Cuba,CUB,GDP (current US$),NY.GDP.MKTP.CD,2015,87132800000.0
Curacao,CUW,GDP (current US$),NY.GDP.MKTP.CD,2015,3058779217.8770947
Cayman Islands,CYM,GDP (current US$),NY.GDP.MKTP.CD,2015,4708167232.668931
Cyprus,CYP,GDP (current US$),NY.GDP.MKTP.CD,2015,19909269064.847256
Czechia,CZE,GDP (current US$),NY.GDP.MKTP.CD,2015,189107698561.9188
Germany,DEU,GDP (current US$),NY.GDP.MKTP.CD,2015,3425099578746.092
Djibouti,DJI,GDP (current US$),NY.GDP.MKTP.CD,2015,2424391785.4389744
Dominica,DMA,GDP (current US$),NY.GDP.MKTP.CD,2015,583177777.7777778
Denmark,DNK,GDP (current US$),NY.GDP.MKTP.CD,2015,301758922337.6373
Dominican Republic,DOM,GDP (current US$),NY.GDP.MKTP.CD,2015,70966782572.4386
Algeria,DZA,GDP (current US$),NY.GDP.MKTP.CD,2015,187493855609.34464
Ecuador,ECU,GDP (current US$),NY.GDP.MKTP.CD,2015,97209558000.0
"Egypt, Arab Rep.",EGY,GDP (current US$),NY.GDP.MKTP.CD,2015,329366576819.407
Spain,ESP,GDP (current US$),NY.GDP.MKTP.CD,2015,1206164777553.1243
Estonia,EST,GDP (current US$),NY.GDP.MKTP.CD,2015,23311847750.93944
Ethiopia,ETH,GDP (current US$),NY.GDP.MKTP.CD,2015,62103418181.818184
Finland,FIN,GDP (current US$),NY.GDP.MKTP.CD,2015,233210733506.24988
Fiji,FJI,GDP (current US$),NY.GDP.MKTP.CD,2015,4682479893.975582
France,FRA,GDP (current US$),NY.GDP.MKTP.CD,2015,2442483452642.4985
Faroe Islands,FRO,GDP (current US$),NY.GDP.MKTP.CD,2015,2573905971.054594
"Micronesia, Fed. Sts.",FSM,GDP (current US$),NY.GDP.MKTP.CD,2015,312000000.0
Gabon,GAB,GDP (current US$),NY.GDP.MKTP.CD,2015,14383107762.695183
United Kingdom,GBR,GDP (current US$),NY.GDP.MKTP.CD,2015,2945579890258.4585
Georgia,GEO,GDP (current US$),NY.GDP.MKTP.CD,2015,15223796148.83962
Ghana,GHA,GDP (current US$),NY.GDP.MKTP.CD,2015,49436806230.48395
Guinea,GIN,GDP (current US$),NY.GDP.MKTP.CD,2015,8794201742.846092
"Gambia, The",GMB,GDP (current US$),NY.GDP.MKTP.CD,2015,1378176608.9320412
Guinea-Bissau,GNB,GDP (current US$),NY.GDP.MKTP.CD,2015,1152384166.796375
Equatorial Guinea,GNQ,GDP (current US$),NY.GDP.MKTP.CD,2015,13185496881.017399
Greece,GRC,GDP (current US$),NY.GDP.MKTP.CD,2015,194567373678.09912
Grenada,GRD,GDP (current US$),NY.GDP.MKTP.CD,2015,997007407.4074073
Greenland,GRL,GDP (current US$),NY.GDP.MKTP.CD,2015,2499113022.8167543
Guatemala,GTM,GDP (current US$),NY.GDP.MKTP.CD,2015,62186066547.6566
Guam,GUM,GDP (current US$),NY.GDP.MKTP.CD,2015,5799000000.0
Guyana,GUY,GDP (current US$),NY.GDP.MKTP.CD,2015,4279840193.7046003
"Hong Kong SAR, China",HKG,GDP (current US$),NY.GDP.MKTP.CD,2015,309385622601.3481
Honduras,HND,GDP (current US$),NY.GDP.MKTP.CD,2015,20979791685.416042
Croatia,HRV,GDP (current US$),NY.GDP.MKTP.CD,2015,50999271058.58492
Haiti,HTI,GDP (current US$),NY.GDP.MKTP.CD,2015,14849629308.602478
Hungary,HUN,GDP (current US$),NY.GDP.MKTP.CD,2015,125244126623.28946
Indonesia,IDN,GDP (current US$),NY.GDP.MKTP.CD,2015,860854232686.2139
Isle of Man,IMN,GDP (current US$),NY.GDP.MKTP.CD,2015,7084800892.222841
India,IND,GDP (current US$),NY.GDP.MKTP.CD,2015,2103588360044.9392
Ireland,IRL,GDP (current US$),NY.GDP.MKTP.CD,2015,302101388556.27057
"Iran, Islamic Rep.",IRN,GDP (current US$),NY.GDP.MKTP.CD,2015,409191686496.6768
Iraq,IRQ,GDP (current US$),NY.GDP.MKTP.CD,2015,166774104959.10168
Iceland,ISL,GDP (current US$),NY.GDP.MKTP.CD,2015,17700486957.190662
Israel,ISR,GDP (current US$),NY.GDP.MKTP.CD,2015,302841190257.7079
Italy,ITA,GDP (current US$),NY.GDP.MKTP.CD,2015,1845428048839.1006
Jamaica,JAM,GDP (current US$),NY.GDP.MKTP.CD,2015,14963589915.591198
Jordan,JOR,GDP (current US$),NY.GDP.MKTP.CD,2015,42394049295.77465
Japan,JPN,GDP (current US$),NY.GDP.MKTP.CD,2015,4534438580494.94
Kazakhstan,KAZ,GDP (current US$),NY.GDP.MKTP.CD,2015,184388404706.04178
Kenya,KEN,GDP (current US$),NY.GDP.MKTP.CD,2015,70120446896.8359
Kyrgyz Republic,KGZ,GDP (current US$),NY.GDP.MKTP.CD,2015,6678177511.663131
Cambodia,KHM,GDP (current US$),NY.GDP.MKTP.CD,2015,24174170369.07381
Kiribati,KIR,GDP (current US$),NY.GDP.MKTP.CD,2015,191559398.68829304
St. Kitts and Nevis,KNA,GDP (current US$),NY.GDP.MKTP.CD,2015,957222222.2222222
"Korea, Rep.",KOR,GDP (current US$),NY.GDP.MKTP.CD,2015,1539212301135.547
Kuwait,KWT,GDP (current US$),NY.GDP.MKTP.CD,2015,114585555688.51129
Lao PDR,LAO,GDP (current US$),NY.GDP.MKTP.CD,2015,14426380125.648829
Lebanon,LBN,GDP (current US$),NY.GDP.MKTP.CD,2015,49929337836.81592
Liberia,LBR,GDP (current US$),NY.GDP.MKTP.CD,2015,3227075700.0
Libya,LBY,GDP (current US$),NY.GDP.MKTP.CD,2015,48717501321.30524
St. Lucia,LCA,GDP (current US$),NY.GDP.MKTP.CD,2015,1807640740.7407405
Liechtenstein,LIE,GDP (current US$),NY.GDP.MKTP.CD,2015,6268515276.174405
Sri Lanka,LKA,GDP (current US$),NY.GDP.MKTP.CD,2015,85090300895.65456
Lesotho,LSO,GDP (current US$),NY.GDP.MKTP.CD,2015,2359686724.538286
Lithuania,LTU,GDP (current US$),NY.GDP.MKTP.CD,2015,41540954817.20389
Luxembourg,LUX,GDP (current US$),NY.GDP.MKTP.CD,2015,60071584216.13747
Latvia,LVA,GDP (current US$),NY.GDP.MKTP.CD,2015,26344565876.89022
"Macao SAR, China",MAC,GDP (current US$),NY.GDP.MKTP.CD,2015,44940613353.103836
Morocco,MAR,GDP (current US$),NY.GDP.MKTP.CD,2015,110413823841.59187
Monaco,MCO,GDP (current US$),NY.GDP.MKTP.CD,2015,6264753585.624997
Moldova,MDA,GDP (current US$),NY.GDP.MKTP.CD,2015,7797667196.730872
Madagascar,MDG,GDP (current US$),NY.GDP.MKTP.CD,2015,11323020701.301685
Maldives,MDV,GDP (current US$),NY.GDP.MKTP.CD,2015,4129505319.129205
Mexico,MEX,GDP (current US$),NY.GDP.MKTP.CD,2015,1213294467653.782
Marshall Islands,MHL,GDP (current US$),NY.GDP.MKTP.CD,2015,183700000.0
North Macedonia,MKD,GDP (current US$),NY.GDP.MKTP.CD,2015,10064519962.565548
Mali,MLI,GDP (current US$),NY.GDP.MKTP.CD,2015,15583181170.41047
Malta,MLT,GDP (current US$),NY.GDP.MKTP.CD,2015,11340789705.804525
Myanmar,MMR,GDP (current US$),NY.GDP.MKTP.CD,2015,59607290407.61913
Montenegro,MNE,GDP (current US$),NY.GDP.MKTP.CD,2015,4010884106.801365
Mongolia,MNG,GDP (current US$),NY.GDP.MKTP.CD,2015,11619892590.694118
Northern Mariana Islands,MNP,GDP (current US$),NY.GDP.MKTP.CD,2015,910000000.0
Mozambique,MOZ,GDP (current US$),NY.GDP.MKTP.CD,2015,16208985769.614956
Mauritania,MRT,GDP (current US$),NY.GDP.MKTP.CD,2015,6182303676.551437
Mauritius,MUS,GDP (current US$),NY.GDP.MKTP.CD,2015,12162211503.079298
Malawi,MWI,GDP (current US$),NY.GDP.MKTP.CD,2015,9219474379.315342
Malaysia,MYS,GDP (current US$),NY.GDP.MKTP.CD,2015,301355266964.9473
Namibia,NAM,GDP (current US$),NY.GDP.MKTP.CD,2015,11335161083.506102
New Caledonia,NCL,GDP (current US$),NY.GDP.MKTP.CD,2015,8738203074.395699
Niger,NER,GDP (current US$),NY.GDP.MKTP.CD,2015,9683867926.442823
Nigeria,NGA,GDP (current US$),NY.GDP.MKTP.CD,2015,493026682800.6295
Nicaragua,NIC,GDP (current US$),NY.GDP.MKTP.CD,2015,12756696261.067633
Netherlands,NLD,GDP (current US$),NY.GDP.MKTP.CD,2015,775743675302.734
Norway,NOR,GDP (current US$),NY.GDP.MKTP.CD,2015,400669174330.8875
Nepal,NPL,GDP (current US$),NY.GDP.MKTP.CD,2015,24360801286.76381
Nauru,NRU,GDP (current US$),NY.GDP.MKTP.CD,2015,84863440.58019969
New Zealand,NZL,GDP (current US$),NY.GDP.MKTP.CD,2015,178147457242.97842
Oman,OMN,GDP (current US$),NY.GDP.MKTP.CD,2015,78710793237.97139
Pakistan,PAK,GDP (current US$),NY.GDP.MKTP.CD,2015,299963590534.7735
Panama,PAN,GDP (current US$),NY.GDP.MKTP.CD,2015,55767806100.0
Peru,PER,GDP (current US$),NY.GDP.MKTP.CD,2015,189802976285.61893
Philippines,PHL,GDP (current US$),NY.GDP.MKTP.CD,2015,306445871242.32245
Palau,PLW,GDP (current US$),NY.GDP.MKTP.CD,2015,283224750.0
Papua New Guinea,PNG,GDP (current US$),NY.GDP.MKTP.CD,2015,21723437010.098206
Poland,POL,GDP (current US$),NY.GDP.MKTP.CD,2015,480054118583.3665
Puerto Rico (US),PRI,GDP (current US$),NY.GDP.MKTP.CD,2015,103375500000.0
Portugal,PRT,GDP (current US$),NY.GDP.MKTP.CD,2015,199038523119.63934
Paraguay,PRY,GDP (current US$),NY.GDP.MKTP.CD,2015,36211447840.09714
West Bank and Gaza,PSE,GDP (current US$),NY.GDP.MKTP.CD,2015,13972400000.0
French Polynesia,PYF,GDP (current US$),NY.GDP.MKTP.CD,2015,5325846361.811863
Qatar,QAT,GDP (current US$),NY.GDP.MKTP.CD,2015,161739955576.92307
Romania,ROU,GDP (current US$),NY.GDP.MKTP.CD,2015,177885131240.31528
Russian Federation,RUS,GDP (current US$),NY.GDP.MKTP.CD,2015,1363482182197.7053
Rwanda,RWA,GDP (current US$),NY.GDP.MKTP.CD,2015,8447064078.843735
Saudi Arabia,SAU,GDP (current US$),NY.GDP.MKTP.CD,2015,693414400000.0
Sudan,SDN,GDP (current US$),NY.GDP.MKTP.CD,2015,51726758676.76768
Senegal,SEN,GDP (current US$),NY.GDP.MKTP.CD,2015,17774766696.175896
Singapore,SGP,GDP (current US$),NY.GDP.MKTP.CD,2015,307998545269.39795
Solomon Islands,SLB,GDP (current US$),NY.GDP.MKTP.CD,2015,1307908813.5996246
Sierra Leone,SLE,GDP (current US$),NY.GDP.MKTP.CD,2015,6788352974.783295
El Salvador,SLV,GDP (current US$),NY.GDP.MKTP.CD,2015,23438240000.0
San Marino,SMR,GDP (current US$),NY.GDP.MKTP.CD,2015,1419400395.7330072
"Somalia, Fed. Rep.",SOM,GDP (current US$),NY.GDP.MKTP.CD,2015,6152149099.999415
Serbia,SRB,GDP (current US$),NY.GDP.MKTP.CD,2015,41297410634.9586
South Sudan,SSD,GDP (current US$),NY.GDP.MKTP.CD,2015,11997800760.224182
Sao Tome and Principe,STP,GDP (current US$),NY.GDP.MKTP.CD,2015,259999643.04738805
Suriname,SUR,GDP (current US$),NY.GDP.MKTP.CD,2015,5126237646.220717
Slovak Republic,SVK,GDP (current US$),NY.GDP.MKTP.CD,2015,89178548717.33238
Slovenia,SVN,GDP (current US$),NY.GDP.MKTP.CD,2015,42709468274.81365
Sweden,SWE,GDP (current US$),NY.GDP.MKTP.CD,2015,501602351911.60016
Eswatini,SWZ,GDP (current US$),NY.GDP.MKTP.CD,2015,3908217914.2182436
Sint Maarten (Dutch part),SXM,GDP (current US$),NY.GDP.MKTP.CD,2015,1417888715.083799
Seychelles,SYC,GDP (current US$),NY.GDP.MKTP.CD,2015,1432403352.1294434
Syrian Arab Republic,SYR,GDP (current US$),NY.GDP.MKTP.CD,2015,16466861435.023588
Turks and Caicos Islands,TCA,GDP (current US$),NY.GDP.MKTP.CD,2015,1078274000.0
Chad,TCD,GDP (current US$),NY.GDP.MKTP.CD,2015,14559599499.50111
Togo,TGO,GDP (current US$),NY.GDP.MKTP.CD,2015,5755457836.018664
Thailand,THA,GDP (current US$),NY.GDP.MKTP.CD,2015,401296238228.0839
Tajikistan,TJK,GDP (current US$),NY.GDP.MKTP.CD,2015,8271431485.0748415
Turkmenistan,TKM,GDP (current US$),NY.GDP.MKTP.CD,2015,35799714285.71429
Timor-Leste,TLS,GDP (current US$),NY.GDP.MKTP.CD,2015,1590282400.0
Tonga,TON,GDP (current US$),NY.GDP.MKTP.CD,2015,437525538.90301853
Trinidad and Tobago,TTO,GDP (current US$),NY.GDP.MKTP.CD,2015,26841141793.214268
Tunisia,TUN,GDP (current US$),NY.GDP.MKTP.CD,2015,45779494041.92953
Turkiye,TUR,GDP (current US$),NY.GDP.MKTP.CD,2015,865460050683.6558
Tuvalu,TUV,GDP (current US$),NY.GDP.MKTP.CD,2015,36811936.082458735
Tanzania,TZA,GDP (current US$),NY.GDP.MKTP.CD,2015,47413919817.12405
Uganda,UGA,GDP (current US$),NY.GDP.MKTP.CD,2015,32387183730.10015
Ukraine,UKR,GDP (current US$),NY.GDP.MKTP.CD,2015,91030967789.07175
Uruguay,URY,GDP (current US$),NY.GDP.MKTP.CD,2015,57680327998.668884
United States,USA,GDP (current US$),NY.GDP.MKTP.CD,2015,18295019000000.0
Uzbekistan,UZB,GDP (current US$),NY.GDP.MKTP.CD,2015,97564568986.81606
St. Vincent and the Grenadines,VCT,GDP (current US$),NY.GDP.MKTP.CD,2015,786555555.5555555
"Venezuela, RB",VEN,GDP (current US$),NY.GDP.MKTP.CD,2015,125249941853.53416
Virgin Islands (U.S.),VIR,GDP (current US$),NY.GDP.MKTP.CD,2015,3663000000.0
Viet Nam,VNM,GDP (current US$),NY.GDP.MKTP.CD,2015,239258328381.7414
Vanuatu,VUT,GDP (current US$),NY.GDP.MKTP.CD,2015,855360239.6098688
Samoa,WSM,GDP (current US$),NY.GDP.MKTP.CD,2015,824150498.6535364
Kosovo,XKX,GDP (current US$),NY.GDP.MKTP.CD,2015,6295845465.358981
"Yemen, Rep.",YEM,GDP (current US$),NY.GDP.MKTP.CD,2015,42444490073.85545
South Africa,ZAF,GDP (current US$),NY.GDP.MKTP.CD,2015,346709790458.56305
Zambia,ZMB,GDP (current US$),NY.GDP.MKTP.CD,2015,21251216798.776245
Zimbabwe,ZWE,GDP (current US$),NY.GDP.MKTP.CD,2015,19973250000.0
Aruba,ABW,GDP (current US$),NY.GDP.MKTP.CD,2016,2983637430.167598
Afghanistan,AFG,GDP (current US$),NY.GDP.MKTP.CD,2016,18116572395.077213
Angola,AGO,GDP (current US$),NY.GDP.MKTP.CD,2016,60770049747.38317
Albania,ALB,GDP (current US$),NY.GDP.MKTP.CD,2016,11988668784.662786
Andorra,AND,GDP (current US$),NY.GDP.MKTP.CD,2016,2896610479.8677115
United Arab Emirates,ARE,GDP (current US$),NY.GDP.MKTP.CD,2016,381717208620.9639
Argentina,ARG,GDP (current US$),NY.GDP.MKTP.CD,2016,557532320662.9546
Armenia,ARM,GDP (current US$),NY.GDP.MKTP.CD,2016,10546136235.521862
American Samoa,ASM,GDP (current US$),NY.GDP.MKTP.CD,2016,671000000.0
Antigua and Barbuda,ATG,GDP (current US$),NY.GDP.MKTP.CD,2016,1489603703.7037036
Australia,AUS,GDP (current US$),NY.GDP.MKTP.CD,2016,1211588128417.6074
Austria,AUT,GDP (current US$),NY.GDP.MKTP.CD,2016,393687359770.2733
Azerbaijan,AZE,GDP (current US$),NY.GDP.MKTP.CD,2016,37866996882.915695
Burundi,BDI,GDP (current US$),NY.GDP.MKTP.CD,2016,2618093125.1468735
Belgium,BEL,GDP (current US$),NY.GDP.MKTP.CD,2016,474271566739.72876
Benin,BEN,GDP (current US$),NY.GDP.MKTP.CD,2016,11821065853.38379
Burkina Faso,BFA,GDP (current US$),NY.GDP.MKTP.CD,2016,12833363045.336655
Bangladesh,BGD,GDP (current US$),NY.GDP.MKTP.CD,2016,265224515675.03375
Bulgaria,BGR,GDP (current US$),NY.GDP.MKTP.CD,2016,53932152153.54573
Bahrain,BHR,GDP (current US$),NY.GDP.MKTP.CD,2016,33884680851.06383
"Bahamas, The",BHS,GDP (current US$),NY.GDP.MKTP.CD,2016,11880900000.0
Bosnia and Herzegovina,BIH,GDP (current US$),NY.GDP.MKTP.CD,2016,17116926553.851254
Belarus,BLR,GDP (current US$),NY.GDP.MKTP.CD,2016,47723545321.25899
Belize,BLZ,GDP (current US$),NY.GDP.MKTP.CD,2016,2239604950.0
Bermuda,BMU,GDP (current US$),NY.GDP.MKTP.CD,2016,6899911000.0
Bolivia,BOL,GDP (current US$),NY.GDP.MKTP.CD,2016,33941126193.921852
Brazil,BRA,GDP (current US$),NY.GDP.MKTP.CD,2016,1795693482853.0127
Barbados,BRB,GDP (current US$),NY.GDP.MKTP.CD,2016,5679029450.0
Brunei Darussalam,BRN,GDP (current US$),NY.GDP.MKTP.CD,2016,11400266044.665098
Bhutan,BTN,GDP (current US$),NY.GDP.MKTP.CD,2016,2357504760.7859197
Botswana,BWA,GDP (current US$),NY.GDP.MKTP.CD,2016,15082637184.04962
Central African Republic,CAF,GDP (current US$),NY.GDP.MKTP.CD,2016,1825018144.6559532
Canada,CAN,GDP (current US$),NY.GDP.MKTP.CD,2016,1527996250640.921
Switzerland,CHE,GDP (current US$),NY.GDP.MKTP.CD,2016,698607778794.5657
Chile,CHL,GDP (current US$),NY.GDP.MKTP.CD,2016,249344863928.43762
China,CHN,GDP (current US$),NY.GDP.MKTP.CD,2016,11456024084961.979
Cote d'Ivoire,CIV,GDP (current US$),NY.GDP.MKTP.CD,2016,48407761036.82379
Cameroon,CMR,GDP (current US$),NY.GDP.MKTP.CD,2016,33814337044.376472
"Congo, Dem. Rep.",COD,GDP (current US$),NY.GDP.MKTP.CD,2016,38600224214.47277
"Congo, Rep.",COG,GDP (current US$),NY.GDP.MKTP.CD,2016,10931328150.847847
Colombia,COL,GDP (current US$),NY.GDP.MKTP.CD,2016,282720100286.22815
Comoros,COM,GDP (current US$),NY.GDP.MKTP.CD,2016,1012835493.193246
Cabo Verde,CPV,GDP (current US$),NY.GDP.MKTP.CD,2016,1849789985.9957225
Costa Rica,CRI,GDP (current US$),NY.GDP.MKTP.CD,2016,58847019587.62602
Cuba,CUB,GDP (current US$),NY.GDP.MKTP.CD,2016,91370407900.0
Curacao,CUW,GDP (current US$),NY.GDP.MKTP.CD,2016,3024690167.5977654
Cayman Islands,CYM,GDP (current US$),NY.GDP.MKTP.CD,2016,4909322237.288949
Cyprus,CYP,GDP (current US$),NY.GDP.MKTP.CD,2016,21046452117.375927
Czechia,CZE,GDP (current US$),NY.GDP.MKTP.CD,2016,198160659303.93896
Germany,DEU,GDP (current US$),NY.GDP.MKTP.CD,2016,3536787895178.997
Djibouti,DJI,GDP (current US$),NY.GDP.MKTP.CD,2016,2604955228.701166
Dominica,DMA,GDP (current US$),NY.GDP.MKTP.CD,2016,612711111.111111
Denmark,DNK,GDP (current US$),NY.GDP.MKTP.CD,2016,312181849372.233
Dominican Republic,DOM,GDP (current US$),NY.GDP.MKTP.CD,2016,75552902635.70749
Algeria,DZA,GDP (current US$),NY.GDP.MKTP.CD,2016,180763839522.15082
Ecuador,ECU,GDP (current US$),NY.GDP.MKTP.CD,2016,97671433000.0
"Egypt, Arab Rep.",EGY,GDP (current US$),NY.GDP.MKTP.CD,2016,332441717791.411
Spain,ESP,GDP (current US$),NY.GDP.MKTP.CD,2016,1243015667917.1238
Estonia,EST,GDP (current US$),NY.GDP.MKTP.CD,2016,24561027787.789555
Ethiopia,ETH,GDP (current US$),NY.GDP.MKTP.CD,2016,68475871209.606995
Finland,FIN,GDP (current US$),NY.GDP.MKTP.CD,2016,238777818792.60757
Fiji,FJI,GDP (current US$),NY.GDP.MKTP.CD,2016,4930213644.366533
France,FRA,GDP (current US$),NY.GDP.MKTP.CD,2016,2470407619777.1265
Faroe Islands,FRO,GDP (current US$),NY.GDP.MKTP.CD,2016,2813278868.782085
"Micronesia, Fed. Sts.",FSM,GDP (current US$),NY.GDP.MKTP.CD,2016,327000000.0
Gabon,GAB,GDP (current US$),NY.GDP.MKTP.CD,2016,14023890265.366455
United Kingdom,GBR,GDP (current US$),NY.GDP.MKTP.CD,2016,2706807606538.7305
Georgia,GEO,GDP (current US$),NY.GDP.MKTP.CD,2016,15444548901.963682
Ghana,GHA,GDP (current US$),NY.GDP.MKTP.CD,2016,56144179397.85165
Guinea,GIN,GDP (current US$),NY.GDP.MKTP.CD,2016,8595955222.497192
"Gambia, The",GMB,GDP (current US$),NY.GDP.MKTP.CD,2016,1484578885.9713225
Guinea-Bissau,GNB,GDP (current US$),NY.GDP.MKTP.CD,2016,1245074264.1039608
Equatorial Guinea,GNQ,GDP (current US$),NY.GDP.MKTP.CD,2016,11240808847.887815
Greece,GRC,GDP (current US$),NY.GDP.MKTP.CD,2016,193097239005.87012
Grenada,GRD,GDP (current US$),NY.GDP.MKTP.CD,2016,1061640740.7407407
Greenland,GRL,GDP (current US$),NY.GDP.MKTP.CD,2016,2707139544.4669547
Guatemala,GTM,GDP (current US$),NY.GDP.MKTP.CD,2016,66053408205.88381
Guam,GUM,GDP (current US$),NY.GDP.MKTP.CD,2016,5901000000.0
Guyana,GUY,GDP (current US$),NY.GDP.MKTP.CD,2016,4482697336.561744
"Hong Kong SAR, China",HKG,GDP (current US$),NY.GDP.MKTP.CD,2016,320860317562.5624
Honduras,HND,GDP (current US$),NY.GDP.MKTP.CD,2016,21717604952.183525
Croatia,HRV,GDP (current US$),NY.GDP.MKTP.CD,2016,52650804052.13942
Haiti,HTI,GDP (current US$),NY.GDP.MKTP.CD,2016,14069277526.227812
Hungary,HUN,GDP (current US$),NY.GDP.MKTP.CD,2016,128983560865.29254
Indonesia,IDN,GDP (current US$),NY.GDP.MKTP.CD,2016,931877364037.6975
Isle of Man,IMN,GDP (current US$),NY.GDP.MKTP.CD,2016,6846377563.006829
India,IND,GDP (current US$),NY.GDP.MKTP.CD,2016,2294796885663.163
Ireland,IRL,GDP (current US$),NY.GDP.MKTP.CD,2016,305431252708.7482
"Iran, Islamic Rep.",IRN,GDP (current US$),NY.GDP.MKTP.CD,2016,478618064870.9994
Iraq,IRQ,GDP (current US$),NY.GDP.MKTP.CD,2016,166743557747.67148
Iceland,ISL,GDP (current US$),NY.GDP.MKTP.CD,2016,21083713310.457043
Israel,ISR,GDP (current US$),NY.GDP.MKTP.CD,2016,321083954798.3368
Italy,ITA,GDP (current US$),NY.GDP.MKTP.CD,2016,1887111188176.9307
Jamaica,JAM,GDP (current US$),NY.GDP.MKTP.CD,2016,14898999754.122948
Jordan,JOR,GDP (current US$),NY.GDP.MKTP.CD,2016,43688498732.39437
Japan,JPN,GDP (current US$),NY.GDP.MKTP.CD,2016,5110357383254.436
Kazakhstan,KAZ,GDP (current US$),NY.GDP.MKTP.CD,2016,137278320084.17114
Kenya,KEN,GDP (current US$),NY.GDP.MKTP.CD,2016,74815144163.89308
Kyrgyz Republic,KGZ,GDP (current US$),NY.GDP.MKTP.CD,2016,6813095379.118702
Cambodia,KHM,GDP (current US$),NY.GDP.MKTP.CD,2016,26556545153.3573
Kiribati,KIR,GDP (current US$),NY.GDP.MKTP.CD,2016,206467818.503227
St. Kitts and Nevis,KNA,GDP (current US$),NY.GDP.MKTP.CD,2016,1006818518.5185184
"Korea, Rep.",KOR,GDP (current US$),NY.GDP.MKTP.CD,2016,1579150518945.4392
Kuwait,KWT,GDP (current US$),NY.GDP.MKTP.CD,2016,109406674124.65208
Lao PDR,LAO,GDP (current US$),NY.GDP.MKTP.CD,2016,15912501722.614256
Lebanon,LBN,GDP (current US$),NY.GDP.MKTP.CD,2016,51147308774.12936
Liberia,LBR,GDP (current US$),NY.GDP.MKTP.CD,2016,3398419600.0
Libya,LBY,GDP (current US$),NY.GDP.MKTP.CD,2016,49912073701.298004
St. Lucia,LCA,GDP (current US$),NY.GDP.MKTP.CD,2016,1868544444.4444444
Liechtenstein,LIE,GDP (current US$),NY.GDP.MKTP.CD,2016,6237302033.50132
Sri Lanka,LKA,GDP (current US$),NY.GDP.MKTP.CD,2016,88000210878.12357
Lesotho,LSO,GDP (current US$),NY.GDP.MKTP.CD,2016,2114426452.201897
Lithuania,LTU,GDP (current US$),NY.GDP.MKTP.CD,2016,42970749245.03357
Luxembourg,LUX,GDP (current US$),NY.GDP.MKTP.CD,2016,62216885435.94879
Latvia,LVA,GDP (current US$),NY.GDP.MKTP.CD,2016,27117105059.507458
"Macao SAR, China",MAC,GDP (current US$),NY.GDP.MKTP.CD,2016,44964868323.75575
Morocco,MAR,GDP (current US$),NY.GDP.MKTP.CD,2016,111572947004.91748
Monaco,MCO,GDP (current US$),NY.GDP.MKTP.CD,2016,6471287668.599237
Moldova,MDA,GDP (current US$),NY.GDP.MKTP.CD,2016,7980917075.774796
Madagascar,MDG,GDP (current US$),NY.GDP.MKTP.CD,2016,11848613858.441998
Maldives,MDV,GDP (current US$),NY.GDP.MKTP.CD,2016,4409942623.855379
Mexico,MEX,GDP (current US$),NY.GDP.MKTP.CD,2016,1112233497452.6975
Marshall Islands,MHL,GDP (current US$),NY.GDP.MKTP.CD,2016,201800000.0
North Macedonia,MKD,GDP (current US$),NY.GDP.MKTP.CD,2016,10672467073.287252
Mali,MLI,GDP (current US$),NY.GDP.MKTP.CD,2016,16743796799.83289
Malta,MLT,GDP (current US$),NY.GDP.MKTP.CD,2016,12025777078.092169
Myanmar,MMR,GDP (current US$),NY.GDP.MKTP.CD,2016,63298361996.2153
Montenegro,MNE,GDP (current US$),NY.GDP.MKTP.CD,2016,4357467226.268999
Mongolia,MNG,GDP (current US$),NY.GDP.MKTP.CD,2016,11181350649.357347
Northern Mariana Islands,MNP,GDP (current US$),NY.GDP.MKTP.CD,2016,1230000000.0
Mozambique,MOZ,GDP (current US$),NY.GDP.MKTP.CD,2016,12069051237.171114
Mauritania,MRT,GDP (current US$),NY.GDP.MKTP.CD,2016,6407900701.2582855
Mauritius,MUS,GDP (current US$),NY.GDP.MKTP.CD,2016,12757680846.56629
Malawi,MWI,GDP (current US$),NY.GDP.MKTP.CD,2016,7909868618.46366
Malaysia,MYS,GDP (current US$),NY.GDP.MKTP.CD,2016,301256033870.33356
Namibia,NAM,GDP (current US$),NY.GDP.MKTP.CD,2016,10722018732.093588
New Caledonia,NCL,GDP (current US$),NY.GDP.MKTP.CD,2016,8724568954.897991
Niger,NER,GDP (current US$),NY.GDP.MKTP.CD,2016,10341025540.232183
Nigeria,NGA,GDP (current US$),NY.GDP.MKTP.CD,2016,404649125252.15955
Nicaragua,NIC,GDP (current US$),NY.GDP.MKTP.CD,2016,13286093388.475203
Netherlands,NLD,GDP (current US$),NY.GDP.MKTP.CD,2016,797163949289.8853
Norway,NOR,GDP (current US$),NY.GDP.MKTP.CD,2016,383284047619.0476
Nepal,NPL,GDP (current US$),NY.GDP.MKTP.CD,2016,24524109483.529346
Nauru,NRU,GDP (current US$),NY.GDP.MKTP.CD,2016,97541943.03550526
New Zealand,NZL,GDP (current US$),NY.GDP.MKTP.CD,2016,188980351890.8477
Oman,OMN,GDP (current US$),NY.GDP.MKTP.CD,2016,75128738621.58647
Pakistan,PAK,GDP (current US$),NY.GDP.MKTP.CD,2016,313630000130.43536
Panama,PAN,GDP (current US$),NY.GDP.MKTP.CD,2016,59760858700.0
Peru,PER,GDP (current US$),NY.GDP.MKTP.CD,2016,191898104390.37863
Philippines,PHL,GDP (current US$),NY.GDP.MKTP.CD,2016,318627003016.73126
Palau,PLW,GDP (current US$),NY.GDP.MKTP.CD,2016,303326125.0
Papua New Guinea,PNG,GDP (current US$),NY.GDP.MKTP.CD,2016,20758876952.623165
Poland,POL,GDP (current US$),NY.GDP.MKTP.CD,2016,473259623976.26245
Puerto Rico (US),PRI,GDP (current US$),NY.GDP.MKTP.CD,2016,104336700000.0
Portugal,PRT,GDP (current US$),NY.GDP.MKTP.CD,2016,206305431241.63824
Paraguay,PRY,GDP (current US$),NY.GDP.MKTP.CD,2016,36089700222.946144
West Bank and Gaza,PSE,GDP (current US$),NY.GDP.MKTP.CD,2016,15405400000.0
French Polynesia,PYF,GDP (current US$),NY.GDP.MKTP.CD,2016,5497036476.8031
Qatar,QAT,GDP (current US$),NY.GDP.MKTP.CD,2016,151732181868.13187
Romania,ROU,GDP (current US$),NY.GDP.MKTP.CD,2016,185290759248.84393
Russian Federation,RUS,GDP (current US$),NY.GDP.MKTP.CD,2016,1276786350881.137
Rwanda,RWA,GDP (current US$),NY.GDP.MKTP.CD,2016,8596812240.523048
Saudi Arabia,SAU,GDP (current US$),NY.GDP.MKTP.CD,2016,689279466666.6666
Sudan,SDN,GDP (current US$),NY.GDP.MKTP.CD,2016,42630376000.0
Senegal,SEN,GDP (current US$),NY.GDP.MKTP.CD,2016,19040312333.186382
Singapore,SGP,GDP (current US$),NY.GDP.MKTP.CD,2016,320759207438.6231
Solomon Islands,SLB,GDP (current US$),NY.GDP.MKTP.CD,2016,1379486290.7143333
Sierra Leone,SLE,GDP (current US$),NY.GDP.MKTP.CD,2016,6084297211.102173
El Salvador,SLV,GDP (current US$),NY.GDP.MKTP.CD,2016,24191430000.0
San Marino,SMR,GDP (current US$),NY.GDP.MKTP.CD,2016,1468342400.0824938
"Somalia, Fed. Rep.",SOM,GDP (current US$),NY.GDP.MKTP.CD,2016,6613743069.999124
Serbia,SRB,GDP (current US$),NY.GDP.MKTP.CD,2016,42225495909.56332
Sao Tome and Principe,STP,GDP (current US$),NY.GDP.MKTP.CD,2016,292267272.1969252
Suriname,SUR,GDP (current US$),NY.GDP.MKTP.CD,2016,3317421648.0991807
Slovak Republic,SVK,GDP (current US$),NY.GDP.MKTP.CD,2016,90347173228.63564
Slovenia,SVN,GDP (current US$),NY.GDP.MKTP.CD,2016,44290685824.0682
Sweden,SWE,GDP (current US$),NY.GDP.MKTP.CD,2016,513058312950.939
Eswatini,SWZ,GDP (current US$),NY.GDP.MKTP.CD,2016,3722306116.7287154
Sint Maarten (Dutch part),SXM,GDP (current US$),NY.GDP.MKTP.CD,2016,1427017206.7039106
Seychelles,SYC,GDP (current US$),NY.GDP.MKTP.CD,2016,1568513348.1446254
Syrian Arab Republic,SYR,GDP (current US$),NY.GDP.MKTP.CD,2016,12597854088.360237
Turks and Caicos Islands,TCA,GDP (current US$),NY.GDP.MKTP.CD,2016,1202078000.0
Chad,TCD,GDP (current US$),NY.GDP.MKTP.CD,2016,13026289835.778894
Togo,TGO,GDP (current US$),NY.GDP.MKTP.CD,2016,6071167584.195098
Thailand,THA,GDP (current US$),NY.GDP.MKTP.CD,2016,413366349747.5081
Tajikistan,TJK,GDP (current US$),NY.GDP.MKTP.CD,2016,6992416096.890184
Turkmenistan,TKM,GDP (current US$),NY.GDP.MKTP.CD,2016,33313947368.421055
Timor-Leste,TLS,GDP (current US$),NY.GDP.MKTP.CD,2016,1640464600.0
Tonga,TON,GDP (current US$),NY.GDP.MKTP.CD,2016,420828254.541601
Trinidad and Tobago,TTO,GDP (current US$),NY.GDP.MKTP.CD,2016,23624322192.627434
Tunisia,TUN,GDP (current US$),NY.GDP.MKTP.CD,2016,44360072680.44765
Turkiye,TUR,GDP (current US$),NY.GDP.MKTP.CD,2016,870818016909.8402
Tuvalu,TUV,GDP (current US$),NY.GDP.MKTP.CD,2016,41629064.22323883
Tanzania,TZA,GDP (current US$),NY.GDP.MKTP.CD,2016,49774409374.453766
Uganda,UGA,GDP (current US$),NY.GDP.MKTP.CD,2016,29203988696.262615
Ukraine,UKR,GDP (current US$),NY.GDP.MKTP.CD,2016,93355869403.92232
Uruguay,URY,GDP (current US$),NY.GDP.MKTP.CD,2016,57480787465.27156
United States,USA,GDP (current US$),NY.GDP.MKTP.CD,2016,18804913000000.0
Uzbekistan,UZB,GDP (current US$),NY.GDP.MKTP.CD,2016,97871364319.39845
St. Vincent and the Grenadines,VCT,GDP (current US$),NY.GDP.MKTP.CD,2016,814303703.7037036
"Venezuela, RB",VEN,GDP (current US$),NY.GDP.MKTP.CD,2016,112948035494.95886
Virgin Islands (U.S.),VIR,GDP (current US$),NY.GDP.MKTP.CD,2016,3798000000.0
Viet Nam,VNM,GDP (current US$),NY.GDP.MKTP.CD,2016,257096001177.98184
Vanuatu,VUT,GDP (current US$),NY.GDP.MKTP.CD,2016,908725512.7909657
Samoa,WSM,GDP (current US$),NY.GDP.MKTP.CD,2016,843924796.6974211
Kosovo,XKX,GDP (current US$),NY.GDP.MKTP.CD,2016,6682674062.961495
"Yemen, Rep.",YEM,GDP (current US$),NY.GDP.MKTP.CD,2016,31317825274.150734
South Africa,ZAF,GDP (current US$),NY.GDP.MKTP.CD,2016,323585509674.4806
Zambia,ZMB,GDP (current US$),NY.GDP.MKTP.CD,2016,20958412538.309345
Zimbabwe,ZWE,GDP (current US$),NY.GDP.MKTP.CD,2016,20559249999.999996
Aruba,ABW,GDP (current US$),NY.GDP.MKTP.CD,2017,3092427932.9608936
Afghanistan,AFG,GDP (current US$),NY.GDP.MKTP.CD,2017,18753456497.815865
Angola,AGO,GDP (current US$),NY.GDP.MKTP.CD,2017,85629598654.19057
Albania,ALB,GDP (current US$),NY.GDP.MKTP.CD,2017,13258268435.604792
Andorra,AND,GDP (current US$),NY.GDP.MKTP.CD,2017,3000162081.2235346
United Arab Emirates,ARE,GDP (current US$),NY.GDP.MKTP.CD,2017,403365056078.8455
Argentina,ARG,GDP (current US$),NY.GDP.MKTP.CD,2017,643628393281.364
Armenia,ARM,GDP (current US$),NY.GDP.MKTP.CD,2017,11527458709.015797
American Samoa,ASM,GDP (current US$),NY.GDP.MKTP.CD,2017,612000000.0
Antigua and Barbuda,ATG,GDP (current US$),NY.GDP.MKTP.CD,2017,1534855555.5555553
Australia,AUS,GDP (current US$),NY.GDP.MKTP.CD,2017,1330890554614.0916
Austria,AUT,GDP (current US$),NY.GDP.MKTP.CD,2017,414926138132.6913
Azerbaijan,AZE,GDP (current US$),NY.GDP.MKTP.CD,2017,40866627351.98167
Burundi,BDI,GDP (current US$),NY.GDP.MKTP.CD,2017,2831362208.340392
Belgium,BEL,GDP (current US$),NY.GDP.MKTP.CD,2017,500908767351.5303
Benin,BEN,GDP (current US$),NY.GDP.MKTP.CD,2017,12701655836.9467
Burkina Faso,BFA,GDP (current US$),NY.GDP.MKTP.CD,2017,14106955615.344177
Bangladesh,BGD,GDP (current US$),NY.GDP.MKTP.CD,2017,293732446624.5958
Bulgaria,BGR,GDP (current US$),NY.GDP.MKTP.CD,2017,59170671046.47984
Bahrain,BHR,GDP (current US$),NY.GDP.MKTP.CD,2017,37204813829.78723
"Bahamas, The",BHS,GDP (current US$),NY.GDP.MKTP.CD,2017,12446900000.0
Bosnia and Herzegovina,BIH,GDP (current US$),NY.GDP.MKTP.CD,2017,18326373135.609875
Belarus,BLR,GDP (current US$),NY.GDP.MKTP.CD,2017,54725405751.15585
Belize,BLZ,GDP (current US$),NY.GDP.MKTP.CD,2017,2266028250.0
Bermuda,BMU,GDP (current US$),NY.GDP.MKTP.CD,2017,7142316000.0
Bolivia,BOL,GDP (current US$),NY.GDP.MKTP.CD,2017,45927439594.79016
Brazil,BRA,GDP (current US$),NY.GDP.MKTP.CD,2017,2063514977365.6548
Barbados,BRB,GDP (current US$),NY.GDP.MKTP.CD,2017,5847381600.0
Brunei Darussalam,BRN,GDP (current US$),NY.GDP.MKTP.CD,2017,12128168045.124489
Bhutan,BTN,GDP (current US$),NY.GDP.MKTP.CD,2017,2591358009.202758
Botswana,BWA,GDP (current US$),NY.GDP.MKTP.CD,2017,16105155856.770824
Central African Republic,CAF,GDP (current US$),NY.GDP.MKTP.CD,2017,2072349972.6817954
Canada,CAN,GDP (current US$),NY.GDP.MKTP.CD,2017,1649269496514.6165
Switzerland,CHE,GDP (current US$),NY.GDP.MKTP.CD,2017,706660443624.4846
Chile,CHL,GDP (current US$),NY.GDP.MKTP.CD,2017,276154259981.0972
China,CHN,GDP (current US$),NY.GDP.MKTP.CD,2017,12537559062282.92
Cote d'Ivoire,CIV,GDP (current US$),NY.GDP.MKTP.CD,2017,52512343996.68996
Cameroon,CMR,GDP (current US$),NY.GDP.MKTP.CD,2017,36098547033.16547
"Congo, Dem. Rep.",COD,GDP (current US$),NY.GDP.MKTP.CD,2017,37537521565.530785
"Congo, Rep.",COG,GDP (current US$),NY.GDP.MKTP.CD,2017,11834473039.36448
Colombia,COL,GDP (current US$),NY.GDP.MKTP.CD,2017,311866875156.8792
Comoros,COM,GDP (current US$),NY.GDP.MKTP.CD,2017,1077439756.594511
Cabo Verde,CPV,GDP (current US$),NY.GDP.MKTP.CD,2017,1996741539.9508774
Costa Rica,CRI,GDP (current US$),NY.GDP.MKTP.CD,2017,60516044660.74958
Cuba,CUB,GDP (current US$),NY.GDP.MKTP.CD,2017,96850649700.0
Curacao,CUW,GDP (current US$),NY.GDP.MKTP.CD,2017,3033433240.2234635
Cayman Islands,CYM,GDP (current US$),NY.GDP.MKTP.CD,2017,5166281305.12522
Cyprus,CYP,GDP (current US$),NY.GDP.MKTP.CD,2017,22946583375.55063
Czechia,CZE,GDP (current US$),NY.GDP.MKTP.CD,2017,221563575696.2173
Germany,DEU,GDP (current US$),NY.GDP.MKTP.CD,2017,3765351626105.8887
Djibouti,DJI,GDP (current US$),NY.GDP.MKTP.CD,2017,2762581334.2261186
Dominica,DMA,GDP (current US$),NY.GDP.MKTP.CD,2017,563355555.5555555
Denmark,DNK,GDP (current US$),NY.GDP.MKTP.CD,2017,331610593961.98785
Dominican Republic,DOM,GDP (current US$),NY.GDP.MKTP.CD,2017,79070274743.16579
Algeria,DZA,GDP (current US$),NY.GDP.MKTP.CD,2017,189880896903.0733
Ecuador,ECU,GDP (current US$),NY.GDP.MKTP.CD,2017,104467486000.0
"Egypt, Arab Rep.",EGY,GDP (current US$),NY.GDP.MKTP.CD,2017,248362771739.13043
Spain,ESP,GDP (current US$),NY.GDP.MKTP.CD,2017,1321754088818.826
Estonia,EST,GDP (current US$),NY.GDP.MKTP.CD,2017,27469461919.11887
Ethiopia,ETH,GDP (current US$),NY.GDP.MKTP.CD,2017,76366081766.66667
Finland,FIN,GDP (current US$),NY.GDP.MKTP.CD,2017,253846138440.00043
Fiji,FJI,GDP (current US$),NY.GDP.MKTP.CD,2017,5353469174.478379
France,FRA,GDP (current US$),NY.GDP.MKTP.CD,2017,2588868323334.7104
Faroe Islands,FRO,GDP (current US$),NY.GDP.MKTP.CD,2017,2980057377.879666
"Micronesia, Fed. Sts.",FSM,GDP (current US$),NY.GDP.MKTP.CD,2017,361000000.0
Gabon,GAB,GDP (current US$),NY.GDP.MKTP.CD,2017,14929487485.162275
United Kingdom,GBR,GDP (current US$),NY.GDP.MKTP.CD,2017,2699118387873.0957
Georgia,GEO,GDP (current US$),NY.GDP.MKTP.CD,2017,16473125375.068438
Ghana,GHA,GDP (current US$),NY.GDP.MKTP.CD,2017,60385409434.856674
Guinea,GIN,GDP (current US$),NY.GDP.MKTP.CD,2017,10324668271.136229
"Gambia, The",GMB,GDP (current US$),NY.GDP.MKTP.CD,2017,1504909462.6952114
Guinea-Bissau,GNB,GDP (current US$),NY.GDP.MKTP.CD,2017,1469978606.1214306
Equatorial Guinea,GNQ,GDP (current US$),NY.GDP.MKTP.CD,2017,12200913878.982721
Greece,GRC,GDP (current US$),NY.GDP.MKTP.CD,2017,200381103984.298
Grenada,GRD,GDP (current US$),NY.GDP.MKTP.CD,2017,1125685185.1851852
Greenland,GRL,GDP (current US$),NY.GDP.MKTP.CD,2017,2851613679.0343266
Guatemala,GTM,GDP (current US$),NY.GDP.MKTP.CD,2017,71653780740.42258
Guam,GUM,GDP (current US$),NY.GDP.MKTP.CD,2017,6013000000.0
Guyana,GUY,GDP (current US$),NY.GDP.MKTP.CD,2017,4748174334.140436
"Hong Kong SAR, China",HKG,GDP (current US$),NY.GDP.MKTP.CD,2017,341273289534.46594
Honduras,HND,GDP (current US$),NY.GDP.MKTP.CD,2017,23136247990.597725
Croatia,HRV,GDP (current US$),NY.GDP.MKTP.CD,2017,56182225079.10722
Haiti,HTI,GDP (current US$),NY.GDP.MKTP.CD,2017,15093357161.149847
Hungary,HUN,GDP (current US$),NY.GDP.MKTP.CD,2017,143335098991.86218
Indonesia,IDN,GDP (current US$),NY.GDP.MKTP.CD,2017,1015618744159.7339
Isle of Man,IMN,GDP (current US$),NY.GDP.MKTP.CD,2017,6979788333.502793
India,IND,GDP (current US$),NY.GDP.MKTP.CD,2017,2651474262755.452
Ireland,IRL,GDP (current US$),NY.GDP.MKTP.CD,2017,348355212568.5147
"Iran, Islamic Rep.",IRN,GDP (current US$),NY.GDP.MKTP.CD,2017,510239893417.64484
Iraq,IRQ,GDP (current US$),NY.GDP.MKTP.CD,2017,187217660050.6757
Iceland,ISL,GDP (current US$),NY.GDP.MKTP.CD,2017,25060086487.890076
Israel,ISR,GDP (current US$),NY.GDP.MKTP.CD,2017,357360816856.6416
Italy,ITA,GDP (current US$),NY.GDP.MKTP.CD,2017,1970720904584.7092
Jamaica,JAM,GDP (current US$),NY.GDP.MKTP.CD,2017,15783583236.675047
Jordan,JOR,GDP (current US$),NY.GDP.MKTP.CD,2017,45535614366.19718
Japan,JPN,GDP (current US$),NY.GDP.MKTP.CD,2017,5038231631660.707
Kazakhstan,KAZ,GDP (current US$),NY.GDP.MKTP.CD,2017,166805788827.23325
Kenya,KEN,GDP (current US$),NY.GDP.MKTP.CD,2017,82036510877.25989
Kyrgyz Republic,KGZ,GDP (current US$),NY.GDP.MKTP.CD,2017,7702938379.42036
Cambodia,KHM,GDP (current US$),NY.GDP.MKTP.CD,2017,29355665909.790527
Kiribati,KIR,GDP (current US$),NY.GDP.MKTP.CD,2017,223029864.54193038
St. Kitts and Nevis,KNA,GDP (current US$),NY.GDP.MKTP.CD,2017,1056977777.7777777
"Korea, Rep.",KOR,GDP (current US$),NY.GDP.MKTP.CD,2017,1710196756713.1694
Kuwait,KWT,GDP (current US$),NY.GDP.MKTP.CD,2017,120687539805.50519
Lao PDR,LAO,GDP (current US$),NY.GDP.MKTP.CD,2017,17071155481.49936
Lebanon,LBN,GDP (current US$),NY.GDP.MKTP.CD,2017,53027680685.90382
Liberia,LBR,GDP (current US$),NY.GDP.MKTP.CD,2017,3390703400.0
Libya,LBY,GDP (current US$),NY.GDP.MKTP.CD,2017,67157452181.77383
St. Lucia,LCA,GDP (current US$),NY.GDP.MKTP.CD,2017,1998503703.7037036
Liechtenstein,LIE,GDP (current US$),NY.GDP.MKTP.CD,2017,6474308717.852892
Sri Lanka,LKA,GDP (current US$),NY.GDP.MKTP.CD,2017,94369350439.47319
Lesotho,LSO,GDP (current US$),NY.GDP.MKTP.CD,2017,2306741672.290062
Lithuania,LTU,GDP (current US$),NY.GDP.MKTP.CD,2017,47756764508.44596
Luxembourg,LUX,GDP (current US$),NY.GDP.MKTP.CD,2017,65712180342.98364
Latvia,LVA,GDP (current US$),NY.GDP.MKTP.CD,2017,29391059767.425934
"Macao SAR, China",MAC,GDP (current US$),NY.GDP.MKTP.CD,2017,50297028370.66678
Morocco,MAR,GDP (current US$),NY.GDP.MKTP.CD,2017,118540573367.84428
Monaco,MCO,GDP (current US$),NY.GDP.MKTP.CD,2017,6430258224.588246
Moldova,MDA,GDP (current US$),NY.GDP.MKTP.CD,2017,9514404016.209494
Madagascar,MDG,GDP (current US$),NY.GDP.MKTP.CD,2017,13176313593.550934
Maldives,MDV,GDP (current US$),NY.GDP.MKTP.CD,2017,4816426256.529144
Mexico,MEX,GDP (current US$),NY.GDP.MKTP.CD,2017,1190721475853.164
Marshall Islands,MHL,GDP (current US$),NY.GDP.MKTP.CD,2017,213700000.0
North Macedonia,MKD,GDP (current US$),NY.GDP.MKTP.CD,2017,11307067069.665821
Mali,MLI,GDP (current US$),NY.GDP.MKTP.CD,2017,18308362040.052063
Malta,MLT,GDP (current US$),NY.GDP.MKTP.CD,2017,14161374599.337906
Myanmar,MMR,GDP (current US$),NY.GDP.MKTP.CD,2017,66053040483.001625
Montenegro,MNE,GDP (current US$),NY.GDP.MKTP.CD,2017,4803964684.216479
Mongolia,MNG,GDP (current US$),NY.GDP.MKTP.CD,2017,11480847740.73598
Northern Mariana Islands,MNP,GDP (current US$),NY.GDP.MKTP.CD,2017,1560000000.0
Mozambique,MOZ,GDP (current US$),NY.GDP.MKTP.CD,2017,13264640645.77679
Mauritania,MRT,GDP (current US$),NY.GDP.MKTP.CD,2017,6812472965.338677
Mauritius,MUS,GDP (current US$),NY.GDP.MKTP.CD,2017,13896938315.279932
Malawi,MWI,GDP (current US$),NY.GDP.MKTP.CD,2017,8943543793.583902
Malaysia,MYS,GDP (current US$),NY.GDP.MKTP.CD,2017,319109094160.3431
Namibia,NAM,GDP (current US$),NY.GDP.MKTP.CD,2017,12895153370.91319
New Caledonia,NCL,GDP (current US$),NY.GDP.MKTP.CD,2017,9174048681.98577
Niger,NER,GDP (current US$),NY.GDP.MKTP.CD,2017,11359273443.389748
Nigeria,NGA,GDP (current US$),NY.GDP.MKTP.CD,2017,375745731053.4268
Nicaragua,NIC,GDP (current US$),NY.GDP.MKTP.CD,2017,13785893007.47687
Netherlands,NLD,GDP (current US$),NY.GDP.MKTP.CD,2017,848233537845.8838
Norway,NOR,GDP (current US$),NY.GDP.MKTP.CD,2017,415673181543.42114
Nepal,NPL,GDP (current US$),NY.GDP.MKTP.CD,2017,28971588940.363995
Nauru,NRU,GDP (current US$),NY.GDP.MKTP.CD,2017,109355638.86695491
New Zealand,NZL,GDP (current US$),NY.GDP.MKTP.CD,2017,206561943051.35373
Oman,OMN,GDP (current US$),NY.GDP.MKTP.CD,2017,80856697009.10272
Pakistan,PAK,GDP (current US$),NY.GDP.MKTP.CD,2017,339205534861.1001
Panama,PAN,GDP (current US$),NY.GDP.MKTP.CD,2017,64327688800.0
Peru,PER,GDP (current US$),NY.GDP.MKTP.CD,2017,211007984080.91058
Philippines,PHL,GDP (current US$),NY.GDP.MKTP.CD,2017,328480736802.7598
Palau,PLW,GDP (current US$),NY.GDP.MKTP.CD,2017,289983656.25
Papua New Guinea,PNG,GDP (current US$),NY.GDP.MKTP.CD,2017,22742699138.356014
Poland,POL,GDP (current US$),NY.GDP.MKTP.CD,2017,528356723263.0732
Puerto Rico (US),PRI,GDP (current US$),NY.GDP.MKTP.CD,2017,103445500000.0
Portugal,PRT,GDP (current US$),NY.GDP.MKTP.CD,2017,220862990767.2286
Paraguay,PRY,GDP (current US$),NY.GDP.MKTP.CD,2017,38997129473.55579
West Bank and Gaza,PSE,GDP (current US$),NY.GDP.MKTP.CD,2017,16128000000.0
French Polynesia,PYF,GDP (current US$),NY.GDP.MKTP.CD,2017,5833352692.799503
Qatar,QAT,GDP (current US$),NY.GDP.MKTP.CD,2017,161099122225.27472
Romania,ROU,GDP (current US$),NY.GDP.MKTP.CD,2017,210147385855.41934
Russian Federation,RUS,GDP (current US$),NY.GDP.MKTP.CD,2017,1574199360089.0022
Rwanda,RWA,GDP (current US$),NY.GDP.MKTP.CD,2017,9164345443.257502
Saudi Arabia,SAU,GDP (current US$),NY.GDP.MKTP.CD,2017,741266133333.3334
Sudan,SDN,GDP (current US$),NY.GDP.MKTP.CD,2017,41283617976.190475
Senegal,SEN,GDP (current US$),NY.GDP.MKTP.CD,2017,20965069572.716755
Singapore,SGP,GDP (current US$),NY.GDP.MKTP.CD,2017,344795119213.5706
Solomon Islands,SLB,GDP (current US$),NY.GDP.MKTP.CD,2017,1469790526.3971987
Sierra Leone,SLE,GDP (current US$),NY.GDP.MKTP.CD,2017,5749846528.480457
El Salvador,SLV,GDP (current US$),NY.GDP.MKTP.CD,2017,24979190000.0
San Marino,SMR,GDP (current US$),NY.GDP.MKTP.CD,2017,1528621192.8860025
"Somalia, Fed. Rep.",SOM,GDP (current US$),NY.GDP.MKTP.CD,2017,7621501710.001204
Serbia,SRB,GDP (current US$),NY.GDP.MKTP.CD,2017,45972834713.80773
Sao Tome and Principe,STP,GDP (current US$),NY.GDP.MKTP.CD,2017,322002845.2293353
Suriname,SUR,GDP (current US$),NY.GDP.MKTP.CD,2017,3591679430.999881
Slovak Republic,SVK,GDP (current US$),NY.GDP.MKTP.CD,2017,95978130734.97664
Slovenia,SVN,GDP (current US$),NY.GDP.MKTP.CD,2017,48153200134.66126
Sweden,SWE,GDP (current US$),NY.GDP.MKTP.CD,2017,535172356784.7687
Eswatini,SWZ,GDP (current US$),NY.GDP.MKTP.CD,2017,4462640651.49219
Sint Maarten (Dutch part),SXM,GDP (current US$),NY.GDP.MKTP.CD,2017,1353212122.9050279
Seychelles,SYC,GDP (current US$),NY.GDP.MKTP.CD,2017,1675370641.0141618
Syrian Arab Republic,SYR,GDP (current US$),NY.GDP.MKTP.CD,2017,16369842725.471844
Turks and Caicos Islands,TCA,GDP (current US$),NY.GDP.MKTP.CD,2017,1197958000.0
Chad,TCD,GDP (current US$),NY.GDP.MKTP.CD,2017,13349041408.715218
Togo,TGO,GDP (current US$),NY.GDP.MKTP.CD,2017,6387424239.880101
Thailand,THA,GDP (current US$),NY.GDP.MKTP.CD,2017,456356813536.7637
Tajikistan,TJK,GDP (current US$),NY.GDP.MKTP.CD,2017,7536402852.858016
Turkmenistan,TKM,GDP (current US$),NY.GDP.MKTP.CD,2017,33352261306.532665
Timor-Leste,TLS,GDP (current US$),NY.GDP.MKTP.CD,2017,1584878400.0
Tonga,TON,GDP (current US$),NY.GDP.MKTP.CD,2017,459976847.10812783
Trinidad and Tobago,TTO,GDP (current US$),NY.GDP.MKTP.CD,2017,23830750900.689945
Tunisia,TUN,GDP (current US$),NY.GDP.MKTP.CD,2017,42163530590.9462
Turkiye,TUR,GDP (current US$),NY.GDP.MKTP.CD,2017,863874522365.2756
Tuvalu,TUV,GDP (current US$),NY.GDP.MKTP.CD,2017,45276595.353314556
Tanzania,TZA,GDP (current US$),NY.GDP.MKTP.CD,2017,53274884532.78861
Uganda,UGA,GDP (current US$),NY.GDP.MKTP.CD,2017,30744473841.42399
Ukraine,UKR,GDP (current US$),NY.GDP.MKTP.CD,2017,112090505081.73862
Uruguay,URY,GDP (current US$),NY.GDP.MKTP.CD,2017,65006039809.73901
United States,USA,GDP (current US$),NY.GDP.MKTP.CD,2017,19612102000000.0
Uzbekistan,UZB,GDP (current US$),NY.GDP.MKTP.CD,2017,72276404057.64897
St. Vincent and the Grenadines,VCT,GDP (current US$),NY.GDP.MKTP.CD,2017,844040740.7407407
"Venezuela, RB",VEN,GDP (current US$),NY.GDP.MKTP.CD,2017,115892475742.78946
Virgin Islands (U.S.),VIR,GDP (current US$),NY.GDP.MKTP.CD,2017,3794000000.0
Viet Nam,VNM,GDP (current US$),NY.GDP.MKTP.CD,2017,281353605986.90344
Vanuatu,VUT,GDP (current US$),NY.GDP.MKTP.CD,2017,998536154.8820534
Samoa,WSM,GDP (current US$),NY.GDP.MKTP.CD,2017,884844384.4632136
Kosovo,XKX,GDP (current US$),NY.GDP.MKTP.CD,2017,7180768692.263542
"Yemen, Rep.",YEM,GDP (current US$),NY.GDP.MKTP.CD,2017,26842229044.584846
South Africa,ZAF,GDP (current US$),NY.GDP.MKTP.CD,2017,381448814653.4564
Zambia,ZMB,GDP (current US$),NY.GDP.MKTP.CD,2017,25873601260.835304
Zimbabwe,ZWE,GDP (current US$),NY.GDP.MKTP.CD,2017,51035657370.51794
Aruba,ABW,GDP (current US$),NY.GDP.MKTP.CD,2018,3276187709.4972067
Afghanistan,AFG,GDP (current US$),NY.GDP.MKTP.CD,2018,18053222687.412624
Angola,AGO,GDP (current US$),NY.GDP.MKTP.CD,2018,90506061877.27652
Albania,ALB,GDP (current US$),NY.GDP.MKTP.CD,2018,15379508329.756819
Andorra,AND,GDP (current US$),NY.GDP.MKTP.CD,2018,3218419896.933331
United Arab Emirates,ARE,GDP (current US$),NY.GDP.MKTP.CD,2018,440560003161.23627
Argentina,ARG,GDP (current US$),NY.GDP.MKTP.CD,2018,524819892360.1758
Armenia,ARM,GDP (current US$),NY.GDP.MKTP.CD,2018,12457940694.73953
American Samoa,ASM,GDP (current US$),NY.GDP.MKTP.CD,2018,639000000.0
Antigua and Barbuda,ATG,GDP (current US$),NY.GDP.MKTP.CD,2018,1661529629.6296296
Australia,AUS,GDP (current US$),NY.GDP.MKTP.CD,2018,1433144978761.6658
Austria,AUT,GDP (current US$),NY.GDP.MKTP.CD,2018,452582294972.7754
Azerbaijan,AZE,GDP (current US$),NY.GDP.MKTP.CD,2018,47112470051.77007
Burundi,BDI,GDP (current US$),NY.GDP.MKTP.CD,2018,2913411408.4478335
Belgium,BEL,GDP (current US$),NY.GDP.MKTP.CD,2018,542638913427.9212
Benin,BEN,GDP (current US$),NY.GDP.MKTP.CD,2018,14262408089.926104
Burkina Faso,BFA,GDP (current US$),NY.GDP.MKTP.CD,2018,15890066221.288244
Bangladesh,BGD,GDP (current US$),NY.GDP.MKTP.CD,2018,321362752441.78033
Bulgaria,BGR,GDP (current US$),NY.GDP.MKTP.CD,2018,66100606676.65435
Bahrain,BHR,GDP (current US$),NY.GDP.MKTP.CD,2018,39567978723.40426
"Bahamas, The",BHS,GDP (current US$),NY.GDP.MKTP.CD,2018,12819200000.0
Bosnia and Herzegovina,BIH,GDP (current US$),NY.GDP.MKTP.CD,2018,20484058033.11436
Belarus,BLR,GDP (current US$),NY.GDP.MKTP.CD,2018,60031026576.26
Belize,BLZ,GDP (current US$),NY.GDP.MKTP.CD,2018,2285915050.0
Bermuda,BMU,GDP (current US$),NY.GDP.MKTP.CD,2018,7225977000.0
Bolivia,BOL,GDP (current US$),NY.GDP.MKTP.CD,2018,48414038842.2576
Brazil,BRA,GDP (current US$),NY.GDP.MKTP.CD,2018,1916933898010.9885
Barbados,BRB,GDP (current US$),NY.GDP.MKTP.CD,2018,6001101550.0
Brunei Darussalam,BRN,GDP (current US$),NY.GDP.MKTP.CD,2018,13566908391.089458
Bhutan,BTN,GDP (current US$),NY.GDP.MKTP.CD,2018,2583335721.8590403
Botswana,BWA,GDP (current US$),NY.GDP.MKTP.CD,2018,17031943186.13526
Central African Republic,CAF,GDP (current US$),NY.GDP.MKTP.CD,2018,2220979146.1124053
Canada,CAN,GDP (current US$),NY.GDP.MKTP.CD,2018,1725330736237.6924
Switzerland,CHE,GDP (current US$),NY.GDP.MKTP.CD,2018,740766531453.991
Chile,CHL,GDP (current US$),NY.GDP.MKTP.CD,2018,295857562991.70905
China,CHN,GDP (current US$),NY.GDP.MKTP.CD,2018,14147765772963.76
Cote d'Ivoire,CIV,GDP (current US$),NY.GDP.MKTP.CD,2018,58522477786.68885
Cameroon,CMR,GDP (current US$),NY.GDP.MKTP.CD,2018,39955552189.79499
"Congo, Dem. Rep.",COD,GDP (current US$),NY.GDP.MKTP.CD,2018,46659954092.48624
"Congo, Rep.",COG,GDP (current US$),NY.GDP.MKTP.CD,2018,14773900288.513496
Colombia,COL,GDP (current US$),NY.GDP.MKTP.CD,2018,334198218098.27594
Comoros,COM,GDP (current US$),NY.GDP.MKTP.CD,2018,1188797449.3858447
Cabo Verde,CPV,GDP (current US$),NY.GDP.MKTP.CD,2018,2205099506.9999404
Costa Rica,CRI,GDP (current US$),NY.GDP.MKTP.CD,2018,62567765946.26648
Cuba,CUB,GDP (current US$),NY.GDP.MKTP.CD,2018,100050036100.0
Curacao,CUW,GDP (current US$),NY.GDP.MKTP.CD,2018,3046364804.4692736
Cayman Islands,CYM,GDP (current US$),NY.GDP.MKTP.CD,2018,5530178440.713762
Cyprus,CYP,GDP (current US$),NY.GDP.MKTP.CD,2018,25754011492.220375
Czechia,CZE,GDP (current US$),NY.GDP.MKTP.CD,2018,251992360762.23602
Germany,DEU,GDP (current US$),NY.GDP.MKTP.CD,2018,4055433215301.958
Djibouti,DJI,GDP (current US$),NY.GDP.MKTP.CD,2018,2913464658.0876765
Dominica,DMA,GDP (current US$),NY.GDP.MKTP.CD,2018,628244444.4444444
Denmark,DNK,GDP (current US$),NY.GDP.MKTP.CD,2018,355293374912.39276
Dominican Republic,DOM,GDP (current US$),NY.GDP.MKTP.CD,2018,84994732049.34607
Algeria,DZA,GDP (current US$),NY.GDP.MKTP.CD,2018,194554483655.52774
Ecuador,ECU,GDP (current US$),NY.GDP.MKTP.CD,2018,107478961000.0
"Egypt, Arab Rep.",EGY,GDP (current US$),NY.GDP.MKTP.CD,2018,262588632526.73044
Spain,ESP,GDP (current US$),NY.GDP.MKTP.CD,2018,1431642809327.0579
Estonia,EST,GDP (current US$),NY.GDP.MKTP.CD,2018,31222632740.72468
Ethiopia,ETH,GDP (current US$),NY.GDP.MKTP.CD,2018,83337901071.9697
Finland,FIN,GDP (current US$),NY.GDP.MKTP.CD,2018,273869255596.07825
Fiji,FJI,GDP (current US$),NY.GDP.MKTP.CD,2018,5581425327.443973
France,FRA,GDP (current US$),NY.GDP.MKTP.CD,2018,2781576320884.39
Faroe Islands,FRO,GDP (current US$),NY.GDP.MKTP.CD,2018,3188600927.4668827
"Micronesia, Fed. Sts.",FSM,GDP (current US$),NY.GDP.MKTP.CD,2018,394000000.0
Gabon,GAB,GDP (current US$),NY.GDP.MKTP.CD,2018,16867326401.962582
United Kingdom,GBR,GDP (current US$),NY.GDP.MKTP.CD,2018,2897028009916.0503
Georgia,GEO,GDP (current US$),NY.GDP.MKTP.CD,2018,17902544880.64707
Ghana,GHA,GDP (current US$),NY.GDP.MKTP.CD,2018,67259353965.60871
Guinea,GIN,GDP (current US$),NY.GDP.MKTP.CD,2018,11857030366.78909
"Gambia, The",GMB,GDP (current US$),NY.GDP.MKTP.CD,2018,1670671327.8165143
Guinea-Bissau,GNB,GDP (current US$),NY.GDP.MKTP.CD,2018,1554133593.9169855
Equatorial Guinea,GNQ,GDP (current US$),NY.GDP.MKTP.CD,2018,13097012133.615946
Greece,GRC,GDP (current US$),NY.GDP.MKTP.CD,2018,213298873494.3936
Grenada,GRD,GDP (current US$),NY.GDP.MKTP.CD,2018,1166514814.8148148
Greenland,GRL,GDP (current US$),NY.GDP.MKTP.CD,2018,3055782146.15957
Guatemala,GTM,GDP (current US$),NY.GDP.MKTP.CD,2018,73328356007.6152
Guam,GUM,GDP (current US$),NY.GDP.MKTP.CD,2018,6051000000.0
Guyana,GUY,GDP (current US$),NY.GDP.MKTP.CD,2018,4787636997.853427
"Hong Kong SAR, China",HKG,GDP (current US$),NY.GDP.MKTP.CD,2018,361731070995.72626
Honduras,HND,GDP (current US$),NY.GDP.MKTP.CD,2018,24067750760.49897
Croatia,HRV,GDP (current US$),NY.GDP.MKTP.CD,2018,61668280700.09684
Haiti,HTI,GDP (current US$),NY.GDP.MKTP.CD,2018,16403864617.84576
Hungary,HUN,GDP (current US$),NY.GDP.MKTP.CD,2018,161184691013.83466
Indonesia,IDN,GDP (current US$),NY.GDP.MKTP.CD,2018,1042271532988.6317
Isle of Man,IMN,GDP (current US$),NY.GDP.MKTP.CD,2018,7491649455.927165
India,IND,GDP (current US$),NY.GDP.MKTP.CD,2018,2702929641648.7407
Ireland,IRL,GDP (current US$),NY.GDP.MKTP.CD,2018,395780319816.60284
"Iran, Islamic Rep.",IRN,GDP (current US$),NY.GDP.MKTP.CD,2018,411903303606.0441
Iraq,IRQ,GDP (current US$),NY.GDP.MKTP.CD,2018,227367469034.03085
Iceland,ISL,GDP (current US$),NY.GDP.MKTP.CD,2018,26677652544.349865
Israel,ISR,GDP (current US$),NY.GDP.MKTP.CD,2018,375470422244.4078
Italy,ITA,GDP (current US$),NY.GDP.MKTP.CD,2018,2099435266458.665
Jamaica,JAM,GDP (current US$),NY.GDP.MKTP.CD,2018,16855447986.22206
Jordan,JOR,GDP (current US$),NY.GDP.MKTP.CD,2018,47435850422.53522
Japan,JPN,GDP (current US$),NY.GDP.MKTP.CD,2018,5154293721629.556
Kazakhstan,KAZ,GDP (current US$),NY.GDP.MKTP.CD,2018,179339977690.48486
Kenya,KEN,GDP (current US$),NY.GDP.MKTP.CD,2018,92202979985.2863
Kyrgyz Republic,KGZ,GDP (current US$),NY.GDP.MKTP.CD,2018,8271106235.415524
Cambodia,KHM,GDP (current US$),NY.GDP.MKTP.CD,2018,33145892168.89583
Kiribati,KIR,GDP (current US$),NY.GDP.MKTP.CD,2018,233859230.19219792
St. Kitts and Nevis,KNA,GDP (current US$),NY.GDP.MKTP.CD,2018,1076548148.148148
"Korea, Rep.",KOR,GDP (current US$),NY.GDP.MKTP.CD,2018,1824251454306.8289
Kuwait,KWT,GDP (current US$),NY.GDP.MKTP.CD,2018,138646316350.7266
Lao PDR,LAO,GDP (current US$),NY.GDP.MKTP.CD,2018,18141641089.796326
Lebanon,LBN,GDP (current US$),NY.GDP.MKTP.CD,2018,54901519155.55556
Liberia,LBR,GDP (current US$),NY.GDP.MKTP.CD,2018,3422754800.0
Libya,LBY,GDP (current US$),NY.GDP.MKTP.CD,2018,76686029772.14833
St. Lucia,LCA,GDP (current US$),NY.GDP.MKTP.CD,2018,2060955555.5555553
Liechtenstein,LIE,GDP (current US$),NY.GDP.MKTP.CD,2018,6692620691.841458
Sri Lanka,LKA,GDP (current US$),NY.GDP.MKTP.CD,2018,94450015982.806
Lesotho,LSO,GDP (current US$),NY.GDP.MKTP.CD,2018,2556247291.9978547
Lithuania,LTU,GDP (current US$),NY.GDP.MKTP.CD,2018,54261795148.53722
Luxembourg,LUX,GDP (current US$),NY.GDP.MKTP.CD,2018,71085623495.11446
Latvia,LVA,GDP (current US$),NY.GDP.MKTP.CD,2018,33247935477.357624
"Macao SAR, China",MAC,GDP (current US$),NY.GDP.MKTP.CD,2018,55076322634.343956
Morocco,MAR,GDP (current US$),NY.GDP.MKTP.CD,2018,127341147581.81831
Monaco,MCO,GDP (current US$),NY.GDP.MKTP.CD,2018,7184336760.392152
Moldova,MDA,GDP (current US$),NY.GDP.MKTP.CD,2018,11252353420.879784
Madagascar,MDG,GDP (current US$),NY.GDP.MKTP.CD,2018,13760033282.292511
Maldives,MDV,GDP (current US$),NY.GDP.MKTP.CD,2018,5404344162.698884
Mexico,MEX,GDP (current US$),NY.GDP.MKTP.CD,2018,1256300182983.653
Marshall Islands,MHL,GDP (current US$),NY.GDP.MKTP.CD,2018,220000000.0
North Macedonia,MKD,GDP (current US$),NY.GDP.MKTP.CD,2018,12683068114.23885
Mali,MLI,GDP (current US$),NY.GDP.MKTP.CD,2018,20368015381.2413
Malta,MLT,GDP (current US$),NY.GDP.MKTP.CD,2018,16153785816.818106
Myanmar,MMR,GDP (current US$),NY.GDP.MKTP.CD,2018,67860515989.517044
Montenegro,MNE,GDP (current US$),NY.GDP.MKTP.CD,2018,5433469310.851839
Mongolia,MNG,GDP (current US$),NY.GDP.MKTP.CD,2018,13178094720.498564
Northern Mariana Islands,MNP,GDP (current US$),NY.GDP.MKTP.CD,2018,1301000000.0
Mozambique,MOZ,GDP (current US$),NY.GDP.MKTP.CD,2018,15017358952.845171
Mauritania,MRT,GDP (current US$),NY.GDP.MKTP.CD,2018,7475471309.522651
Mauritius,MUS,GDP (current US$),NY.GDP.MKTP.CD,2018,14957535715.969637
Malawi,MWI,GDP (current US$),NY.GDP.MKTP.CD,2018,9879220354.29186
Malaysia,MYS,GDP (current US$),NY.GDP.MKTP.CD,2018,358788845712.5297
Namibia,NAM,GDP (current US$),NY.GDP.MKTP.CD,2018,13682019076.402178
New Caledonia,NCL,GDP (current US$),NY.GDP.MKTP.CD,2018,9896402283.685873
Niger,NER,GDP (current US$),NY.GDP.MKTP.CD,2018,12800907985.986292
Nigeria,NGA,GDP (current US$),NY.GDP.MKTP.CD,2018,421739251509.0796
Nicaragua,NIC,GDP (current US$),NY.GDP.MKTP.CD,2018,13025221974.231974
Netherlands,NLD,GDP (current US$),NY.GDP.MKTP.CD,2018,929733599796.862
Norway,NOR,GDP (current US$),NY.GDP.MKTP.CD,2018,454588871810.6363
Nepal,NPL,GDP (current US$),NY.GDP.MKTP.CD,2018,33111525237.14897
Nauru,NRU,GDP (current US$),NY.GDP.MKTP.CD,2018,130995566.30390972
New Zealand,NZL,GDP (current US$),NY.GDP.MKTP.CD,2018,211726161989.49487
Oman,OMN,GDP (current US$),NY.GDP.MKTP.CD,2018,91505851755.52666
Pakistan,PAK,GDP (current US$),NY.GDP.MKTP.CD,2018,356128166704.921
Panama,PAN,GDP (current US$),NY.GDP.MKTP.CD,2018,67316471200.0
Peru,PER,GDP (current US$),NY.GDP.MKTP.CD,2018,222597009739.23532
Philippines,PHL,GDP (current US$),NY.GDP.MKTP.CD,2018,346841896587.31256
Palau,PLW,GDP (current US$),NY.GDP.MKTP.CD,2018,288228343.75
Papua New Guinea,PNG,GDP (current US$),NY.GDP.MKTP.CD,2018,24109780708.02678
Poland,POL,GDP (current US$),NY.GDP.MKTP.CD,2018,594616632477.0186
Puerto Rico (US),PRI,GDP (current US$),NY.GDP.MKTP.CD,2018,100958100000.0
Portugal,PRT,GDP (current US$),NY.GDP.MKTP.CD,2018,242092894542.88766
Paraguay,PRY,GDP (current US$),NY.GDP.MKTP.CD,2018,40225448340.632164
West Bank and Gaza,PSE,GDP (current US$),NY.GDP.MKTP.CD,2018,16276600000.0
French Polynesia,PYF,GDP (current US$),NY.GDP.MKTP.CD,2018,6135116253.334518
Qatar,QAT,GDP (current US$),NY.GDP.MKTP.CD,2018,183334953818.6813
Romania,ROU,GDP (current US$),NY.GDP.MKTP.CD,2018,241791427223.9033
Russian Federation,RUS,GDP (current US$),NY.GDP.MKTP.CD,2018,1657328773461.3062
Rwanda,RWA,GDP (current US$),NY.GDP.MKTP.CD,2018,9650161136.17648
Saudi Arabia,SAU,GDP (current US$),NY.GDP.MKTP.CD,2018,886564800000.0
Sudan,SDN,GDP (current US$),NY.GDP.MKTP.CD,2018,32333780383.29238
Senegal,SEN,GDP (current US$),NY.GDP.MKTP.CD,2018,23116701556.138107
Singapore,SGP,GDP (current US$),NY.GDP.MKTP.CD,2018,377976367877.0382
Solomon Islands,SLB,GDP (current US$),NY.GDP.MKTP.CD,2018,1615473250.2525933
Sierra Leone,SLE,GDP (current US$),NY.GDP.MKTP.CD,2018,6390514688.528162
El Salvador,SLV,GDP (current US$),NY.GDP.MKTP.CD,2018,26020850000.0
San Marino,SMR,GDP (current US$),NY.GDP.MKTP.CD,2018,1655354328.791842
"Somalia, Fed. Rep.",SOM,GDP (current US$),NY.GDP.MKTP.CD,2018,7873000000.0
Serbia,SRB,GDP (current US$),NY.GDP.MKTP.CD,2018,52787520248.924194
Sao Tome and Principe,STP,GDP (current US$),NY.GDP.MKTP.CD,2018,383717327.8305078
Suriname,SUR,GDP (current US$),NY.GDP.MKTP.CD,2018,3996198866.574535
Slovak Republic,SVK,GDP (current US$),NY.GDP.MKTP.CD,2018,106611673364.83679
Slovenia,SVN,GDP (current US$),NY.GDP.MKTP.CD,2018,53689067639.91761
Sweden,SWE,GDP (current US$),NY.GDP.MKTP.CD,2018,549649344043.1821
Eswatini,SWZ,GDP (current US$),NY.GDP.MKTP.CD,2018,4643751059.282029
Sint Maarten (Dutch part),SXM,GDP (current US$),NY.GDP.MKTP.CD,2018,1259200446.9273744
Seychelles,SYC,GDP (current US$),NY.GDP.MKTP.CD,2018,1784313926.768066
Syrian Arab Republic,SYR,GDP (current US$),NY.GDP.MKTP.CD,2018,21497779247.98348
Turks and Caicos Islands,TCA,GDP (current US$),NY.GDP.MKTP.CD,2018,1314329000.0
Chad,TCD,GDP (current US$),NY.GDP.MKTP.CD,2018,15327000248.870071
Togo,TGO,GDP (current US$),NY.GDP.MKTP.CD,2018,7029215766.463669
Thailand,THA,GDP (current US$),NY.GDP.MKTP.CD,2018,506754208404.4847
Tajikistan,TJK,GDP (current US$),NY.GDP.MKTP.CD,2018,7764999999.453624
Turkmenistan,TKM,GDP (current US$),NY.GDP.MKTP.CD,2018,26036313868.613136
Timor-Leste,TLS,GDP (current US$),NY.GDP.MKTP.CD,2018,1555988600.0
Tonga,TON,GDP (current US$),NY.GDP.MKTP.CD,2018,493530766.9305638
Trinidad and Tobago,TTO,GDP (current US$),NY.GDP.MKTP.CD,2018,23883058083.217064
Tunisia,TUN,GDP (current US$),NY.GDP.MKTP.CD,2018,42686504459.800964
Turkiye,TUR,GDP (current US$),NY.GDP.MKTP.CD,2018,788356985773.667
Tuvalu,TUV,GDP (current US$),NY.GDP.MKTP.CD,2018,48015259.87513561
Tanzania,TZA,GDP (current US$),NY.GDP.MKTP.CD,2018,57003712892.08581
Uganda,UGA,GDP (current US$),NY.GDP.MKTP.CD,2018,32927025619.679546
Ukraine,UKR,GDP (current US$),NY.GDP.MKTP.CD,2018,130891088293.54999
Uruguay,URY,GDP (current US$),NY.GDP.MKTP.CD,2018,65344577415.75352
United States,USA,GDP (current US$),NY.GDP.MKTP.CD,2018,20656516000000.0
Uzbekistan,UZB,GDP (current US$),NY.GDP.MKTP.CD,2018,61318332402.79082
St. Vincent and the Grenadines,VCT,GDP (current US$),NY.GDP.MKTP.CD,2018,884329629.6296296
"Venezuela, RB",VEN,GDP (current US$),NY.GDP.MKTP.CD,2018,101987075928.9176
Virgin Islands (U.S.),VIR,GDP (current US$),NY.GDP.MKTP.CD,2018,3923000000.0
Viet Nam,VNM,GDP (current US$),NY.GDP.MKTP.CD,2018,310106478394.6589
Vanuatu,VUT,GDP (current US$),NY.GDP.MKTP.CD,2018,1034402941.0429809
Samoa,WSM,GDP (current US$),NY.GDP.MKTP.CD,2018,878448433.4043417
Kosovo,XKX,GDP (current US$),NY.GDP.MKTP.CD,2018,7878762812.201563
"Yemen, Rep.",YEM,GDP (current US$),NY.GDP.MKTP.CD,2018,21606160663.03177
South Africa,ZAF,GDP (current US$),NY.GDP.MKTP.CD,2018,405260723892.51685
Zambia,ZMB,GDP (current US$),NY.GDP.MKTP.CD,2018,26311507273.67354
Zimbabwe,ZWE,GDP (current US$),NY.GDP.MKTP.CD,2018,34141666666.666668
Aruba,ABW,GDP (current US$),NY.GDP.MKTP.CD,2019,3347561738.945911
Afghanistan,AFG,GDP (current US$),NY.GDP.MKTP.CD,2019,18799444490.11278
Angola,AGO,GDP (current US$),NY.GDP.MKTP.CD,2019,81193813808.03824
Albania,ALB,GDP (current US$),NY.GDP.MKTP.CD,2019,15585111614.037556
Andorra,AND,GDP (current US$),NY.GDP.MKTP.CD,2019,3155149347.9215636
United Arab Emirates,ARE,GDP (current US$),NY.GDP.MKTP.CD,2019,433926218686.1076
Argentina,ARG,GDP (current US$),NY.GDP.MKTP.CD,2019,447754683615.22455
Armenia,ARM,GDP (current US$),NY.GDP.MKTP.CD,2019,13619290539.211607
American Samoa,ASM,GDP (current US$),NY.GDP.MKTP.CD,2019,647000000.0
Antigua and Barbuda,ATG,GDP (current US$),NY.GDP.MKTP.CD,2019,1726448148.148148
Australia,AUS,GDP (current US$),NY.GDP.MKTP.CD,2019,1398349602956.3535
Austria,AUT,GDP (current US$),NY.GDP.MKTP.CD,2019,442983642371.8424
Azerbaijan,AZE,GDP (current US$),NY.GDP.MKTP.CD,2019,48174235294.117645
Burundi,BDI,GDP (current US$),NY.GDP.MKTP.CD,2019,2871555326.310291
Belgium,BEL,GDP (current US$),NY.GDP.MKTP.CD,2019,536726344405.4893
Benin,BEN,GDP (current US$),NY.GDP.MKTP.CD,2019,14391686313.464123
Burkina Faso,BFA,GDP (current US$),NY.GDP.MKTP.CD,2019,16032813503.37069
Bangladesh,BGD,GDP (current US$),NY.GDP.MKTP.CD,2019,351231654603.69226
Bulgaria,BGR,GDP (current US$),NY.GDP.MKTP.CD,2019,68511235459.490685
Bahrain,BHR,GDP (current US$),NY.GDP.MKTP.CD,2019,40446808510.6383
"Bahamas, The",BHS,GDP (current US$),NY.GDP.MKTP.CD,2019,13277000000.0
Bosnia and Herzegovina,BIH,GDP (current US$),NY.GDP.MKTP.CD,2019,20482608984.331627
Belarus,BLR,GDP (current US$),NY.GDP.MKTP.CD,2019,64410170653.45689
Belize,BLZ,GDP (current US$),NY.GDP.MKTP.CD,2019,2381187850.0
Bermuda,BMU,GDP (current US$),NY.GDP.MKTP.CD,2019,7423465000.0
Bolivia,BOL,GDP (current US$),NY.GDP.MKTP.CD,2019,49056643589.00145
Brazil,BRA,GDP (current US$),NY.GDP.MKTP.CD,2019,1873288205059.69
Barbados,BRB,GDP (current US$),NY.GDP.MKTP.CD,2019,6166710800.0
Brunei Darussalam,BRN,GDP (current US$),NY.GDP.MKTP.CD,2019,13469235364.703175
Bhutan,BTN,GDP (current US$),NY.GDP.MKTP.CD,2019,2735683570.461552
Botswana,BWA,GDP (current US$),NY.GDP.MKTP.CD,2019,16725908148.548136
Central African Republic,CAF,GDP (current US$),NY.GDP.MKTP.CD,2019,2221301351.439182
Canada,CAN,GDP (current US$),NY.GDP.MKTP.CD,2019,1743728952156.854
Switzerland,CHE,GDP (current US$),NY.GDP.MKTP.CD,2019,736384764156.8766
Chile,CHL,GDP (current US$),NY.GDP.MKTP.CD,2019,278308438545.1182
China,CHN,GDP (current US$),NY.GDP.MKTP.CD,2019,14560167101283.44
Cote d'Ivoire,CIV,GDP (current US$),NY.GDP.MKTP.CD,2019,60382894697.35568
Cameroon,CMR,GDP (current US$),NY.GDP.MKTP.CD,2019,39667757527.65778
"Congo, Dem. Rep.",COD,GDP (current US$),NY.GDP.MKTP.CD,2019,46845900350.03317
"Congo, Rep.",COG,GDP (current US$),NY.GDP.MKTP.CD,2019,13976637779.976324
Colombia,COL,GDP (current US$),NY.GDP.MKTP.CD,2019,323031701192.83997
Comoros,COM,GDP (current US$),NY.GDP.MKTP.CD,2019,1195019531.9010963
Cabo Verde,CPV,GDP (current US$),NY.GDP.MKTP.CD,2019,2252177124.324024
Costa Rica,CRI,GDP (current US$),NY.GDP.MKTP.CD,2019,64753504730.01799
Cuba,CUB,GDP (current US$),NY.GDP.MKTP.CD,2019,103427600000.0
Curacao,CUW,GDP (current US$),NY.GDP.MKTP.CD,2019,3026124134.0782123
Cayman Islands,CYM,GDP (current US$),NY.GDP.MKTP.CD,2019,5941896607.586431
Cyprus,CYP,GDP (current US$),NY.GDP.MKTP.CD,2019,26196660680.117603
Czechia,CZE,GDP (current US$),NY.GDP.MKTP.CD,2019,256794209028.76953
Germany,DEU,GDP (current US$),NY.GDP.MKTP.CD,2019,3959894794039.2095
Djibouti,DJI,GDP (current US$),NY.GDP.MKTP.CD,2019,3088851450.3069415
Dominica,DMA,GDP (current US$),NY.GDP.MKTP.CD,2019,644259259.2592592
Denmark,DNK,GDP (current US$),NY.GDP.MKTP.CD,2019,345401473012.6152
Dominican Republic,DOM,GDP (current US$),NY.GDP.MKTP.CD,2019,89146130744.72299
Algeria,DZA,GDP (current US$),NY.GDP.MKTP.CD,2019,193459662090.67682
Ecuador,ECU,GDP (current US$),NY.GDP.MKTP.CD,2019,107595830000.0
"Egypt, Arab Rep.",EGY,GDP (current US$),NY.GDP.MKTP.CD,2019,318678815489.74945
Spain,ESP,GDP (current US$),NY.GDP.MKTP.CD,2019,1403496387686.2722
Estonia,EST,GDP (current US$),NY.GDP.MKTP.CD,2019,31873748770.031322
Ethiopia,ETH,GDP (current US$),NY.GDP.MKTP.CD,2019,91834517113.63857
Finland,FIN,GDP (current US$),NY.GDP.MKTP.CD,2019,267014821129.41135
Fiji,FJI,GDP (current US$),NY.GDP.MKTP.CD,2019,5344907153.466985
France,FRA,GDP (current US$),NY.GDP.MKTP.CD,2019,2722793515171.7603
Faroe Islands,FRO,GDP (current US$),NY.GDP.MKTP.CD,2019,3266432734.22819
"Micronesia, Fed. Sts.",FSM,GDP (current US$),NY.GDP.MKTP.CD,2019,395000000.0
Gabon,GAB,GDP (current US$),NY.GDP.MKTP.CD,2019,16874405465.391039
United Kingdom,GBR,GDP (current US$),NY.GDP.MKTP.CD,2019,2875710080015.3003
Georgia,GEO,GDP (current US$),NY.GDP.MKTP.CD,2019,17638337116.9126
Ghana,GHA,GDP (current US$),NY.GDP.MKTP.CD,2019,68352629246.15547
Guinea,GIN,GDP (current US$),NY.GDP.MKTP.CD,2019,13442861496.44542
"Gambia, The",GMB,GDP (current US$),NY.GDP.MKTP.CD,2019,1813609692.4999352
Guinea-Bissau,GNB,GDP (current US$),NY.GDP.MKTP.CD,2019,1596214680.1292503
Equatorial Guinea,GNQ,GDP (current US$),NY.GDP.MKTP.CD,2019,11364133549.747766
Greece,GRC,GDP (current US$),NY.GDP.MKTP.CD,2019,207305649887.0193
Grenada,GRD,GDP (current US$),NY.GDP.MKTP.CD,2019,1213485185.1851852
Greenland,GRL,GDP (current US$),NY.GDP.MKTP.CD,2019,2997309971.8762293
Guatemala,GTM,GDP (current US$),NY.GDP.MKTP.CD,2019,77172331693.4093
Guam,GUM,GDP (current US$),NY.GDP.MKTP.CD,2019,6355000000.0
Guyana,GUY,GDP (current US$),NY.GDP.MKTP.CD,2019,5173760191.846522
"Hong Kong SAR, China",HKG,GDP (current US$),NY.GDP.MKTP.CD,2019,363074545072.3891
Honduras,HND,GDP (current US$),NY.GDP.MKTP.CD,2019,24882225741.811867
Croatia,HRV,GDP (current US$),NY.GDP.MKTP.CD,2019,61467261345.011955
Haiti,HTI,GDP (current US$),NY.GDP.MKTP.CD,2019,15016090929.512514
Hungary,HUN,GDP (current US$),NY.GDP.MKTP.CD,2019,164936682033.99158
Indonesia,IDN,GDP (current US$),NY.GDP.MKTP.CD,2019,1119099871350.1992
Isle of Man,IMN,GDP (current US$),NY.GDP.MKTP.CD,2019,7314967866.282892
India,IND,GDP (current US$),NY.GDP.MKTP.CD,2019,2835606256558.195
Ireland,IRL,GDP (current US$),NY.GDP.MKTP.CD,2019,407211793800.7131
"Iran, Islamic Rep.",IRN,GDP (current US$),NY.GDP.MKTP.CD,2019,347988400957.99915
Iraq,IRQ,GDP (current US$),NY.GDP.MKTP.CD,2019,233636097800.33844
Iceland,ISL,GDP (current US$),NY.GDP.MKTP.CD,2019,24985687022.045185
Israel,ISR,GDP (current US$),NY.GDP.MKTP.CD,2019,399207771081.61145
Italy,ITA,GDP (current US$),NY.GDP.MKTP.CD,2019,2019606796583.5261
Jamaica,JAM,GDP (current US$),NY.GDP.MKTP.CD,2019,17026269262.530727
Jordan,JOR,GDP (current US$),NY.GDP.MKTP.CD,2019,48640273802.8169
Japan,JPN,GDP (current US$),NY.GDP.MKTP.CD,2019,5245755000479.025
Kazakhstan,KAZ,GDP (current US$),NY.GDP.MKTP.CD,2019,181667184854.50052
Kenya,KEN,GDP (current US$),NY.GDP.MKTP.CD,2019,100378436207.37134
Kyrgyz Republic,KGZ,GDP (current US$),NY.GDP.MKTP.CD,2019,9371275264.367346
Cambodia,KHM,GDP (current US$),NY.GDP.MKTP.CD,2019,36685356407.72062
Kiribati,KIR,GDP (current US$),NY.GDP.MKTP.CD,2019,216891541.02135062
St. Kitts and Nevis,KNA,GDP (current US$),NY.GDP.MKTP.CD,2019,1107855555.5555556
"Korea, Rep.",KOR,GDP (current US$),NY.GDP.MKTP.CD,2019,1751045752054.627
Kuwait,KWT,GDP (current US$),NY.GDP.MKTP.CD,2019,140856394860.52875
Lao PDR,LAO,GDP (current US$),NY.GDP.MKTP.CD,2019,18740561512.555496
Lebanon,LBN,GDP (current US$),NY.GDP.MKTP.CD,2019,51605959131.27413
Liberia,LBR,GDP (current US$),NY.GDP.MKTP.CD,2019,3319596500.0
Libya,LBY,GDP (current US$),NY.GDP.MKTP.CD,2019,69254496471.6938
St. Lucia,LCA,GDP (current US$),NY.GDP.MKTP.CD,2019,2090074074.074074
Liechtenstein,LIE,GDP (current US$),NY.GDP.MKTP.CD,2019,6436467007.119318
Sri Lanka,LKA,GDP (current US$),NY.GDP.MKTP.CD,2019,88998706177.99861
Lesotho,LSO,GDP (current US$),NY.GDP.MKTP.CD,2019,2390702295.827774
Lithuania,LTU,GDP (current US$),NY.GDP.MKTP.CD,2019,55122066225.79599
Luxembourg,LUX,GDP (current US$),NY.GDP.MKTP.CD,2019,69872035113.64694
Latvia,LVA,GDP (current US$),NY.GDP.MKTP.CD,2019,33099503950.847004
"Macao SAR, China",MAC,GDP (current US$),NY.GDP.MKTP.CD,2019,55025172016.00402
St. Martin (French part),MAF,GDP (current US$),NY.GDP.MKTP.CD,2019,652206037.1038738
Morocco,MAR,GDP (current US$),NY.GDP.MKTP.CD,2019,128920266409.4575
Monaco,MCO,GDP (current US$),NY.GDP.MKTP.CD,2019,7383494129.411753
Moldova,MDA,GDP (current US$),NY.GDP.MKTP.CD,2019,11736797054.696486
Madagascar,MDG,GDP (current US$),NY.GDP.MKTP.CD,2019,14104664678.506332
Maldives,MDV,GDP (current US$),NY.GDP.MKTP.CD,2019,5726094799.377091
Mexico,MEX,GDP (current US$),NY.GDP.MKTP.CD,2019,1304106204006.2744
Marshall Islands,MHL,GDP (current US$),NY.GDP.MKTP.CD,2019,232900000.0
North Macedonia,MKD,GDP (current US$),NY.GDP.MKTP.CD,2019,12606338448.546968
Mali,MLI,GDP (current US$),NY.GDP.MKTP.CD,2019,20477421884.541363
Malta,MLT,GDP (current US$),NY.GDP.MKTP.CD,2019,16337788880.578012
Myanmar,MMR,GDP (current US$),NY.GDP.MKTP.CD,2019,75065106227.6892
Montenegro,MNE,GDP (current US$),NY.GDP.MKTP.CD,2019,5483622632.130972
Mongolia,MNG,GDP (current US$),NY.GDP.MKTP.CD,2019,14206359017.514322
Northern Mariana Islands,MNP,GDP (current US$),NY.GDP.MKTP.CD,2019,1179000000.0
Mozambique,MOZ,GDP (current US$),NY.GDP.MKTP.CD,2019,15512759046.671955
Mauritania,MRT,GDP (current US$),NY.GDP.MKTP.CD,2019,7894764885.823116
Mauritius,MUS,GDP (current US$),NY.GDP.MKTP.CD,2019,14645235204.617575
Malawi,MWI,GDP (current US$),NY.GDP.MKTP.CD,2019,11051852712.614197
Malaysia,MYS,GDP (current US$),NY.GDP.MKTP.CD,2019,365177721021.5161
Namibia,NAM,GDP (current US$),NY.GDP.MKTP.CD,2019,12541928303.47997
New Caledonia,NCL,GDP (current US$),NY.GDP.MKTP.CD,2019,9475655324.594954
Niger,NER,GDP (current US$),NY.GDP.MKTP.CD,2019,12420836506.788788
Nigeria,NGA,GDP (current US$),NY.GDP.MKTP.CD,2019,668219992686.575
Nicaragua,NIC,GDP (current US$),NY.GDP.MKTP.CD,2019,12699023614.244963
Netherlands,NLD,GDP (current US$),NY.GDP.MKTP.CD,2019,928903005576.4691
Norway,NOR,GDP (current US$),NY.GDP.MKTP.CD,2019,424244886363.63635
Nepal,NPL,GDP (current US$),NY.GDP.MKTP.CD,2019,34186180699.02548
Nauru,NRU,GDP (current US$),NY.GDP.MKTP.CD,2019,125160115.54781868
New Zealand,NZL,GDP (current US$),NY.GDP.MKTP.CD,2019,213088034258.42047
Oman,OMN,GDP (current US$),NY.GDP.MKTP.CD,2019,88060858257.47723
Pakistan,PAK,GDP (current US$),NY.GDP.MKTP.CD,2019,320909472770.6687
Panama,PAN,GDP (current US$),NY.GDP.MKTP.CD,2019,69778991200.0
Peru,PER,GDP (current US$),NY.GDP.MKTP.CD,2019,228346006003.64822
Philippines,PHL,GDP (current US$),NY.GDP.MKTP.CD,2019,376823402239.1359
Palau,PLW,GDP (current US$),NY.GDP.MKTP.CD,2019,281954000.0
Papua New Guinea,PNG,GDP (current US$),NY.GDP.MKTP.CD,2019,24750626029.877747
Poland,POL,GDP (current US$),NY.GDP.MKTP.CD,2019,602683770144.8804
Puerto Rico (US),PRI,GDP (current US$),NY.GDP.MKTP.CD,2019,105126400000.0
Portugal,PRT,GDP (current US$),NY.GDP.MKTP.CD,2019,240115970063.01923
Paraguay,PRY,GDP (current US$),NY.GDP.MKTP.CD,2019,37925338329.149445
West Bank and Gaza,PSE,GDP (current US$),NY.GDP.MKTP.CD,2019,17133500000.0
French Polynesia,PYF,GDP (current US$),NY.GDP.MKTP.CD,2019,6022276196.13871
Qatar,QAT,GDP (current US$),NY.GDP.MKTP.CD,2019,176371267692.30768
Romania,ROU,GDP (current US$),NY.GDP.MKTP.CD,2019,250080428511.59476
Russian Federation,RUS,GDP (current US$),NY.GDP.MKTP.CD,2019,1693115002708.3157
Rwanda,RWA,GDP (current US$),NY.GDP.MKTP.CD,2019,10519272170.334648
Saudi Arabia,SAU,GDP (current US$),NY.GDP.MKTP.CD,2019,888890133333.3334
Sudan,SDN,GDP (current US$),NY.GDP.MKTP.CD,2019,32338079165.289257
Senegal,SEN,GDP (current US$),NY.GDP.MKTP.CD,2019,23403995992.135414
Singapore,SGP,GDP (current US$),NY.GDP.MKTP.CD,2019,376827390962.044
Solomon Islands,SLB,GDP (current US$),NY.GDP.MKTP.CD,2019,1619150563.9208364
Sierra Leone,SLE,GDP (current US$),NY.GDP.MKTP.CD,2019,6523577590.383188
El Salvador,SLV,GDP (current US$),NY.GDP.MKTP.CD,2019,26881140000.0
San Marino,SMR,GDP (current US$),NY.GDP.MKTP.CD,2019,1616231696.0486248
"Somalia, Fed. Rep.",SOM,GDP (current US$),NY.GDP.MKTP.CD,2019,8656000000.0
Serbia,SRB,GDP (current US$),NY.GDP.MKTP.CD,2019,53864693664.55677
Sao Tome and Principe,STP,GDP (current US$),NY.GDP.MKTP.CD,2019,412976082.6207053
Suriname,SUR,GDP (current US$),NY.GDP.MKTP.CD,2019,4016040575.0879593
Slovak Republic,SVK,GDP (current US$),NY.GDP.MKTP.CD,2019,105843498304.09395
Slovenia,SVN,GDP (current US$),NY.GDP.MKTP.CD,2019,53909922735.54501
Sweden,SWE,GDP (current US$),NY.GDP.MKTP.CD,2019,530894124494.41754
Eswatini,SWZ,GDP (current US$),NY.GDP.MKTP.CD,2019,4617018958.690858
Sint Maarten (Dutch part),SXM,GDP (current US$),NY.GDP.MKTP.CD,2019,1407880446.9273744
Seychelles,SYC,GDP (current US$),NY.GDP.MKTP.CD,2019,1868690096.7345412
Syrian Arab Republic,SYR,GDP (current US$),NY.GDP.MKTP.CD,2019,22583046644.689137
Turks and Caicos Islands,TCA,GDP (current US$),NY.GDP.MKTP.CD,2019,1371838000.0
Chad,TCD,GDP (current US$),NY.GDP.MKTP.CD,2019,14905517742.845362
Togo,TGO,GDP (current US$),NY.GDP.MKTP.CD,2019,6992942458.994195
Thailand,THA,GDP (current US$),NY.GDP.MKTP.CD,2019,543976691793.88586
Tajikistan,TJK,GDP (current US$),NY.GDP.MKTP.CD,2019,8300813599.3084
Turkmenistan,TKM,GDP (current US$),NY.GDP.MKTP.CD,2019,29700000000.0
Timor-Leste,TLS,GDP (current US$),NY.GDP.MKTP.CD,2019,2032550400.0
Tonga,TON,GDP (current US$),NY.GDP.MKTP.CD,2019,506031247.6066478
Trinidad and Tobago,TTO,GDP (current US$),NY.GDP.MKTP.CD,2019,23477745791.697678
Tunisia,TUN,GDP (current US$),NY.GDP.MKTP.CD,2019,41905642418.825035
Turkiye,TUR,GDP (current US$),NY.GDP.MKTP.CD,2019,775853144222.6127
Tuvalu,TUV,GDP (current US$),NY.GDP.MKTP.CD,2019,54123198.5662913
Tanzania,TZA,GDP (current US$),NY.GDP.MKTP.CD,2019,61026731925.92128
Uganda,UGA,GDP (current US$),NY.GDP.MKTP.CD,2019,35353061003.435905
Ukraine,UKR,GDP (current US$),NY.GDP.MKTP.CD,2019,153883047509.57697
Uruguay,URY,GDP (current US$),NY.GDP.MKTP.CD,2019,62222324964.63305
United States,USA,GDP (current US$),NY.GDP.MKTP.CD,2019,21539982000000.0
Uzbekistan,UZB,GDP (current US$),NY.GDP.MKTP.CD,2019,70170662562.61113
St. Vincent and the Grenadines,VCT,GDP (current US$),NY.GDP.MKTP.CD,2019,910481481.4814814
"Venezuela, RB",VEN,GDP (current US$),NY.GDP.MKTP.CD,2019,73014157107.59402
Virgin Islands (U.S.),VIR,GDP (current US$),NY.GDP.MKTP.CD,2019,4121000000.0
Viet Nam,VNM,GDP (current US$),NY.GDP.MKTP.CD,2019,334365270496.66705
Vanuatu,VUT,GDP (current US$),NY.GDP.MKTP.CD,2019,1061547512.6925675
Samoa,WSM,GDP (current US$),NY.GDP.MKTP.CD,2019,912950466.0649056
Kosovo,XKX,GDP (current US$),NY.GDP.MKTP.CD,2019,7899204690.792144
South Africa,ZAF,GDP (current US$),NY.GDP.MKTP.CD,2019,389330032224.2691
Zambia,ZMB,GDP (current US$),NY.GDP.MKTP.CD,2019,23308667781.225754
Zimbabwe,ZWE,GDP (current US$),NY.GDP.MKTP.CD,2019,33360632553.355614
Aruba,ABW,GDP (current US$),NY.GDP.MKTP.CD,2020,2461056053.22795
Afghanistan,AFG,GDP (current US$),NY.GDP.MKTP.CD,2020,19955929052.149597
Angola,AGO,GDP (current US$),NY.GDP.MKTP.CD,2020,58512033805.89815
Albania,ALB,GDP (current US$),NY.GDP.MKTP.CD,2020,15241458744.592728
Andorra,AND,GDP (current US$),NY.GDP.MKTP.CD,2020,2891001149.4007864
United Arab Emirates,ARE,GDP (current US$),NY.GDP.MKTP.CD,2020,357161776271.3275
Argentina,ARG,GDP (current US$),NY.GDP.MKTP.CD,2020,385740508436.9652
Armenia,ARM,GDP (current US$),NY.GDP.MKTP.CD,2020,12641698583.215239
American Samoa,ASM,GDP (current US$),NY.GDP.MKTP.CD,2020,721000000.0
Antigua and Barbuda,ATG,GDP (current US$),NY.GDP.MKTP.CD,2020,1411637037.037037
Australia,AUS,GDP (current US$),NY.GDP.MKTP.CD,2020,1333336461648.09
Austria,AUT,GDP (current US$),NY.GDP.MKTP.CD,2020,434397601557.69617
Azerbaijan,AZE,GDP (current US$),NY.GDP.MKTP.CD,2020,42693000000.0
Burundi,BDI,GDP (current US$),NY.GDP.MKTP.CD,2020,3188355943.635125
Belgium,BEL,GDP (current US$),NY.GDP.MKTP.CD,2020,529694473501.7913
Benin,BEN,GDP (current US$),NY.GDP.MKTP.CD,2020,15686741883.93395
Burkina Faso,BFA,GDP (current US$),NY.GDP.MKTP.CD,2020,17725010532.52676
Bangladesh,BGD,GDP (current US$),NY.GDP.MKTP.CD,2020,373979442362.1933
Bulgaria,BGR,GDP (current US$),NY.GDP.MKTP.CD,2020,70490478088.13947
Bahrain,BHR,GDP (current US$),NY.GDP.MKTP.CD,2020,35837632978.723404
"Bahamas, The",BHS,GDP (current US$),NY.GDP.MKTP.CD,2020,10363200000.0
Bosnia and Herzegovina,BIH,GDP (current US$),NY.GDP.MKTP.CD,2020,20226038369.9191
Belarus,BLR,GDP (current US$),NY.GDP.MKTP.CD,2020,61371673344.742424
Belize,BLZ,GDP (current US$),NY.GDP.MKTP.CD,2020,2047284600.0
Bermuda,BMU,GDP (current US$),NY.GDP.MKTP.CD,2020,6887364000.0
Bolivia,BOL,GDP (current US$),NY.GDP.MKTP.CD,2020,42313784081.04197
Brazil,BRA,GDP (current US$),NY.GDP.MKTP.CD,2020,1476107231310.4937
Barbados,BRB,GDP (current US$),NY.GDP.MKTP.CD,2020,5403246950.0
Brunei Darussalam,BRN,GDP (current US$),NY.GDP.MKTP.CD,2020,12005799653.983503
Bhutan,BTN,GDP (current US$),NY.GDP.MKTP.CD,2020,2457604333.909266
Botswana,BWA,GDP (current US$),NY.GDP.MKTP.CD,2020,14960251607.813454
Central African Republic,CAF,GDP (current US$),NY.GDP.MKTP.CD,2020,2326720900.380474
Canada,CAN,GDP (current US$),NY.GDP.MKTP.CD,2020,1655686966881.9912
Switzerland,CHE,GDP (current US$),NY.GDP.MKTP.CD,2020,756096180222.0819
Chile,CHL,GDP (current US$),NY.GDP.MKTP.CD,2020,254103710483.3237
China,CHN,GDP (current US$),NY.GDP.MKTP.CD,2020,14996414166715.092
Cote d'Ivoire,CIV,GDP (current US$),NY.GDP.MKTP.CD,2020,63027852805.42045
Cameroon,CMR,GDP (current US$),NY.GDP.MKTP.CD,2020,40773241177.05051
"Congo, Dem. Rep.",COD,GDP (current US$),NY.GDP.MKTP.CD,2020,46691989748.91859
"Congo, Rep.",COG,GDP (current US$),NY.GDP.MKTP.CD,2020,11468687464.00462
Colombia,COL,GDP (current US$),NY.GDP.MKTP.CD,2020,270348342541.4654
Comoros,COM,GDP (current US$),NY.GDP.MKTP.CD,2020,1225039196.6109135
Cabo Verde,CPV,GDP (current US$),NY.GDP.MKTP.CD,2020,1821565613.6861308
Costa Rica,CRI,GDP (current US$),NY.GDP.MKTP.CD,2020,62806591554.73452
Cuba,CUB,GDP (current US$),NY.GDP.MKTP.CD,2020,107352000000.0
Curacao,CUW,GDP (current US$),NY.GDP.MKTP.CD,2020,2534327597.765363
Cayman Islands,CYM,GDP (current US$),NY.GDP.MKTP.CD,2020,5655357984.242185
Cyprus,CYP,GDP (current US$),NY.GDP.MKTP.CD,2020,25555082266.64287
Czechia,CZE,GDP (current US$),NY.GDP.MKTP.CD,2020,251109660602.53552
Germany,DEU,GDP (current US$),NY.GDP.MKTP.CD,2020,3941398957073.941
Djibouti,DJI,GDP (current US$),NY.GDP.MKTP.CD,2020,3144136196.6227965
Dominica,DMA,GDP (current US$),NY.GDP.MKTP.CD,2020,528944444.4444444
Denmark,DNK,GDP (current US$),NY.GDP.MKTP.CD,2020,355631021931.62103
Dominican Republic,DOM,GDP (current US$),NY.GDP.MKTP.CD,2020,78546672406.82909
Algeria,DZA,GDP (current US$),NY.GDP.MKTP.CD,2020,164873415325.20148
Ecuador,ECU,GDP (current US$),NY.GDP.MKTP.CD,2020,95865473000.0
"Egypt, Arab Rep.",EGY,GDP (current US$),NY.GDP.MKTP.CD,2020,383817841547.0992
Spain,ESP,GDP (current US$),NY.GDP.MKTP.CD,2020,1289783836971.2097
Estonia,EST,GDP (current US$),NY.GDP.MKTP.CD,2020,31820771493.897366
Ethiopia,ETH,GDP (current US$),NY.GDP.MKTP.CD,2020,98676811061.99854
Finland,FIN,GDP (current US$),NY.GDP.MKTP.CD,2020,270000311606.22644
Fiji,FJI,GDP (current US$),NY.GDP.MKTP.CD,2020,4227719873.3864965
France,FRA,GDP (current US$),NY.GDP.MKTP.CD,2020,2647926055110.0464
Faroe Islands,FRO,GDP (current US$),NY.GDP.MKTP.CD,2020,3271813311.5831
"Micronesia, Fed. Sts.",FSM,GDP (current US$),NY.GDP.MKTP.CD,2020,372902700.0
Gabon,GAB,GDP (current US$),NY.GDP.MKTP.CD,2020,15342236163.994293
United Kingdom,GBR,GDP (current US$),NY.GDP.MKTP.CD,2020,2724001478304.591
Georgia,GEO,GDP (current US$),NY.GDP.MKTP.CD,2020,16010869215.679968
Ghana,GHA,GDP (current US$),NY.GDP.MKTP.CD,2020,70008243859.86661
Guinea,GIN,GDP (current US$),NY.GDP.MKTP.CD,2020,14088693742.94638
"Gambia, The",GMB,GDP (current US$),NY.GDP.MKTP.CD,2020,1812170891.1906917
Guinea-Bissau,GNB,GDP (current US$),NY.GDP.MKTP.CD,2020,1705062169.8142226
Equatorial Guinea,GNQ,GDP (current US$),NY.GDP.MKTP.CD,2020,9893816007.7398
Greece,GRC,GDP (current US$),NY.GDP.MKTP.CD,2020,191362985554.86124
Grenada,GRD,GDP (current US$),NY.GDP.MKTP.CD,2020,1043411111.111111
Greenland,GRL,GDP (current US$),NY.GDP.MKTP.CD,2020,3089625554.404728
Guatemala,GTM,GDP (current US$),NY.GDP.MKTP.CD,2020,77719468248.36661
Guam,GUM,GDP (current US$),NY.GDP.MKTP.CD,2020,5916000000.0
Guyana,GUY,GDP (current US$),NY.GDP.MKTP.CD,2020,5471256594.72422
"Hong Kong SAR, China",HKG,GDP (current US$),NY.GDP.MKTP.CD,2020,344943149590.0583
Honduras,HND,GDP (current US$),NY.GDP.MKTP.CD,2020,23352232483.75501
Croatia,HRV,GDP (current US$),NY.GDP.MKTP.CD,2020,57959824238.18079
Haiti,HTI,GDP (current US$),NY.GDP.MKTP.CD,2020,14508222518.301786
Hungary,HUN,GDP (current US$),NY.GDP.MKTP.CD,2020,158468487754.1963
Indonesia,IDN,GDP (current US$),NY.GDP.MKTP.CD,2020,1059054842698.482
Isle of Man,IMN,GDP (current US$),NY.GDP.MKTP.CD,2020,6684225641.0256405
India,IND,GDP (current US$),NY.GDP.MKTP.CD,2020,2674851578587.2686
Ireland,IRL,GDP (current US$),NY.GDP.MKTP.CD,2020,436009027818.9475
"Iran, Islamic Rep.",IRN,GDP (current US$),NY.GDP.MKTP.CD,2020,280934329279.7228
Iraq,IRQ,GDP (current US$),NY.GDP.MKTP.CD,2020,180898797516.8744
Iceland,ISL,GDP (current US$),NY.GDP.MKTP.CD,2020,22034665040.79009
Israel,ISR,GDP (current US$),NY.GDP.MKTP.CD,2020,410908899711.272
Italy,ITA,GDP (current US$),NY.GDP.MKTP.CD,2020,1907481094079.227
Jamaica,JAM,GDP (current US$),NY.GDP.MKTP.CD,2020,15000214216.24386
Jordan,JOR,GDP (current US$),NY.GDP.MKTP.CD,2020,47931770985.91549
Japan,JPN,GDP (current US$),NY.GDP.MKTP.CD,2020,5189197543645.384
Kazakhstan,KAZ,GDP (current US$),NY.GDP.MKTP.CD,2020,171082365861.4229
Kenya,KEN,GDP (current US$),NY.GDP.MKTP.CD,2020,100657505750.545
Kyrgyz Republic,KGZ,GDP (current US$),NY.GDP.MKTP.CD,2020,8270468614.240511
Cambodia,KHM,GDP (current US$),NY.GDP.MKTP.CD,2020,34818073901.485085
Kiribati,KIR,GDP (current US$),NY.GDP.MKTP.CD,2020,220909306.7508095
St. Kitts and Nevis,KNA,GDP (current US$),NY.GDP.MKTP.CD,2020,883922222.2222222
"Korea, Rep.",KOR,GDP (current US$),NY.GDP.MKTP.CD,2020,1744070276373.339
Kuwait,KWT,GDP (current US$),NY.GDP.MKTP.CD,2020,111045470605.71527
Lao PDR,LAO,GDP (current US$),NY.GDP.MKTP.CD,2020,18981805250.242397
Lebanon,LBN,GDP (current US$),NY.GDP.MKTP.CD,2020,31712128253.796097
Liberia,LBR,GDP (current US$),NY.GDP.MKTP.CD,2020,3176126300.0
Libya,LBY,GDP (current US$),NY.GDP.MKTP.CD,2020,46854285440.64199
St. Lucia,LCA,GDP (current US$),NY.GDP.MKTP.CD,2020,1521740740.7407405
Liechtenstein,LIE,GDP (current US$),NY.GDP.MKTP.CD,2020,6405870210.32293
Sri Lanka,LKA,GDP (current US$),NY.GDP.MKTP.CD,2020,84335574372.2997
Lesotho,LSO,GDP (current US$),NY.GDP.MKTP.CD,2020,2053699863.99625
Lithuania,LTU,GDP (current US$),NY.GDP.MKTP.CD,2020,57412038533.27175
Luxembourg,LUX,GDP (current US$),NY.GDP.MKTP.CD,2020,73670782100.39087
Latvia,LVA,GDP (current US$),NY.GDP.MKTP.CD,2020,33379927434.61488
"Macao SAR, China",MAC,GDP (current US$),NY.GDP.MKTP.CD,2020,25280064167.733334
Morocco,MAR,GDP (current US$),NY.GDP.MKTP.CD,2020,121353645057.14369
Monaco,MCO,GDP (current US$),NY.GDP.MKTP.CD,2020,6730733230.81714
Moldova,MDA,GDP (current US$),NY.GDP.MKTP.CD,2020,11530746234.449179
Madagascar,MDG,GDP (current US$),NY.GDP.MKTP.CD,2020,13051441204.05296
Maldives,MDV,GDP (current US$),NY.GDP.MKTP.CD,2020,3712604583.366653
Mexico,MEX,GDP (current US$),NY.GDP.MKTP.CD,2020,1121064767168.7952
Marshall Islands,MHL,GDP (current US$),NY.GDP.MKTP.CD,2020,241800000.0
North Macedonia,MKD,GDP (current US$),NY.GDP.MKTP.CD,2020,12361036913.840923
Mali,MLI,GDP (current US$),NY.GDP.MKTP.CD,2020,20698560938.777515
Malta,MLT,GDP (current US$),NY.GDP.MKTP.CD,2020,16404655807.668684
Myanmar,MMR,GDP (current US$),NY.GDP.MKTP.CD,2020,79006113643.19055
Montenegro,MNE,GDP (current US$),NY.GDP.MKTP.CD,2020,4734192593.291686
Mongolia,MNG,GDP (current US$),NY.GDP.MKTP.CD,2020,13312981429.08905
Northern Mariana Islands,MNP,GDP (current US$),NY.GDP.MKTP.CD,2020,866000000.0
Mozambique,MOZ,GDP (current US$),NY.GDP.MKTP.CD,2020,14235420174.18844
Mauritania,MRT,GDP (current US$),NY.GDP.MKTP.CD,2020,8260567356.816349
Mauritius,MUS,GDP (current US$),NY.GDP.MKTP.CD,2020,11566111137.55677
Malawi,MWI,GDP (current US$),NY.GDP.MKTP.CD,2020,11769313597.85449
Malaysia,MYS,GDP (current US$),NY.GDP.MKTP.CD,2020,337456163961.2112
Namibia,NAM,GDP (current US$),NY.GDP.MKTP.CD,2020,10583748541.525812
New Caledonia,NCL,GDP (current US$),NY.GDP.MKTP.CD,2020,9454629467.914082
Niger,NER,GDP (current US$),NY.GDP.MKTP.CD,2020,13648332189.730707
Nigeria,NGA,GDP (current US$),NY.GDP.MKTP.CD,2020,598586817817.3922
Nicaragua,NIC,GDP (current US$),NY.GDP.MKTP.CD,2020,12726422432.486843
Netherlands,NLD,GDP (current US$),NY.GDP.MKTP.CD,2020,932560861701.1699
Norway,NOR,GDP (current US$),NY.GDP.MKTP.CD,2020,382252517921.9401
Nepal,NPL,GDP (current US$),NY.GDP.MKTP.CD,2020,33433659301.24655
Nauru,NRU,GDP (current US$),NY.GDP.MKTP.CD,2020,124685688.1610939
New Zealand,NZL,GDP (current US$),NY.GDP.MKTP.CD,2020,213318129988.6021
Oman,OMN,GDP (current US$),NY.GDP.MKTP.CD,2020,75909492847.85435
Pakistan,PAK,GDP (current US$),NY.GDP.MKTP.CD,2020,300425609817.9812
Panama,PAN,GDP (current US$),NY.GDP.MKTP.CD,2020,57059846500.0
Peru,PER,GDP (current US$),NY.GDP.MKTP.CD,2020,201409694755.93436
Philippines,PHL,GDP (current US$),NY.GDP.MKTP.CD,2020,361751145451.59674
Palau,PLW,GDP (current US$),NY.GDP.MKTP.CD,2020,258985859.37500003
Papua New Guinea,PNG,GDP (current US$),NY.GDP.MKTP.CD,2020,23848447849.60812
Poland,POL,GDP (current US$),NY.GDP.MKTP.CD,2020,605914237903.7422
Puerto Rico (US),PRI,GDP (current US$),NY.GDP.MKTP.CD,2020,103130900000.0
Portugal,PRT,GDP (current US$),NY.GDP.MKTP.CD,2020,229618773422.5765
Paraguay,PRY,GDP (current US$),NY.GDP.MKTP.CD,2020,35432178068.18139
West Bank and Gaza,PSE,GDP (current US$),NY.GDP.MKTP.CD,2020,15531700000.0
French Polynesia,PYF,GDP (current US$),NY.GDP.MKTP.CD,2020,5574821989.382394
Qatar,QAT,GDP (current US$),NY.GDP.MKTP.CD,2020,144411363351.64835
Romania,ROU,GDP (current US$),NY.GDP.MKTP.CD,2020,250624575871.81906
Russian Federation,RUS,GDP (current US$),NY.GDP.MKTP.CD,2020,1493075894362.1426
Rwanda,RWA,GDP (current US$),NY.GDP.MKTP.CD,2020,10487146253.402475
Saudi Arabia,SAU,GDP (current US$),NY.GDP.MKTP.CD,2020,767951200000.0
Sudan,SDN,GDP (current US$),NY.GDP.MKTP.CD,2020,27034593750.0
Senegal,SEN,GDP (current US$),NY.GDP.MKTP.CD,2020,24530513037.751846
Singapore,SGP,GDP (current US$),NY.GDP.MKTP.CD,2020,351226533656.29224
Solomon Islands,SLB,GDP (current US$),NY.GDP.MKTP.CD,2020,1536143427.829576
Sierra Leone,SLE,GDP (current US$),NY.GDP.MKTP.CD,2020,6688307705.642167
El Salvador,SLV,GDP (current US$),NY.GDP.MKTP.CD,2020,24921190000.0
San Marino,SMR,GDP (current US$),NY.GDP.MKTP.CD,2020,1544713784.6767359
"Somalia, Fed. Rep.",SOM,GDP (current US$),NY.GDP.MKTP.CD,2020,8628000000.0
Serbia,SRB,GDP (current US$),NY.GDP.MKTP.CD,2020,55874017668.998
Sao Tome and Principe,STP,GDP (current US$),NY.GDP.MKTP.CD,2020,471229484.6071443
Suriname,SUR,GDP (current US$),NY.GDP.MKTP.CD,2020,2911807496.2022653
Slovak Republic,SVK,GDP (current US$),NY.GDP.MKTP.CD,2020,107732602896.44077
Slovenia,SVN,GDP (current US$),NY.GDP.MKTP.CD,2020,53384760135.15813
Sweden,SWE,GDP (current US$),NY.GDP.MKTP.CD,2020,544265668451.6781
Eswatini,SWZ,GDP (current US$),NY.GDP.MKTP.CD,2020,4134677809.500958
Sint Maarten (Dutch part),SXM,GDP (current US$),NY.GDP.MKTP.CD,2020,1236428100.558659
Seychelles,SYC,GDP (current US$),NY.GDP.MKTP.CD,2020,1382551751.5690813
Syrian Arab Republic,SYR,GDP (current US$),NY.GDP.MKTP.CD,2020,12501503673.242493
Turks and Caicos Islands,TCA,GDP (current US$),NY.GDP.MKTP.CD,2020,918387000.0
Chad,TCD,GDP (current US$),NY.GDP.MKTP.CD,2020,14932897821.238722
Togo,TGO,GDP (current US$),NY.GDP.MKTP.CD,2020,7486031561.868847
Thailand,THA,GDP (current US$),NY.GDP.MKTP.CD,2020,500274927778.5321
Tajikistan,TJK,GDP (current US$),NY.GDP.MKTP.CD,2020,8133963550.657425
Turkmenistan,TKM,GDP (current US$),NY.GDP.MKTP.CD,2020,27350527267.663555
Timor-Leste,TLS,GDP (current US$),NY.GDP.MKTP.CD,2020,2162619200.0
Tonga,TON,GDP (current US$),NY.GDP.MKTP.CD,2020,506571486.57639533
Trinidad and Tobago,TTO,GDP (current US$),NY.GDP.MKTP.CD,2020,20888515184.223854
Tunisia,TUN,GDP (current US$),NY.GDP.MKTP.CD,2020,42491780918.36103
Turkiye,TUR,GDP (current US$),NY.GDP.MKTP.CD,2020,733628247119.0771
Tuvalu,TUV,GDP (current US$),NY.GDP.MKTP.CD,2020,51746594.31485426
Tanzania,TZA,GDP (current US$),NY.GDP.MKTP.CD,2020,66068737786.06392
Uganda,UGA,GDP (current US$),NY.GDP.MKTP.CD,2020,37600368241.66573
Ukraine,UKR,GDP (current US$),NY.GDP.MKTP.CD,2020,156617722013.3422
Uruguay,URY,GDP (current US$),NY.GDP.MKTP.CD,2020,53559354501.42779
United States,USA,GDP (current US$),NY.GDP.MKTP.CD,2020,21375281000000.0
Uzbekistan,UZB,GDP (current US$),NY.GDP.MKTP.CD,2020,70127127133.2164
St. Vincent and the Grenadines,VCT,GDP (current US$),NY.GDP.MKTP.CD,2020,864566666.6666666
"Venezuela, RB",VEN,GDP (current US$),NY.GDP.MKTP.CD,2020,42837965906.86754
Virgin Islands (U.S.),VIR,GDP (current US$),NY.GDP.MKTP.CD,2020,4229000000.0
Viet Nam,VNM,GDP (current US$),NY.GDP.MKTP.CD,2020,346615738537.7963
Vanuatu,VUT,GDP (current US$),NY.GDP.MKTP.CD,2020,1017403362.8011788
Samoa,WSM,GDP (current US$),NY.GDP.MKTP.CD,2020,868884902.9530891
Kosovo,XKX,GDP (current US$),NY.GDP.MKTP.CD,2020,7734497455.7541065
South Africa,ZAF,GDP (current US$),NY.GDP.MKTP.CD,2020,337974655408.0553
Zambia,ZMB,GDP (current US$),NY.GDP.MKTP.CD,2020,18137764930.65097
Zimbabwe,ZWE,GDP (current US$),NY.GDP.MKTP.CD,2020,31979753644.655804
Aruba,ABW,GDP (current US$),NY.GDP.MKTP.CD,2021,2889305033.5597486
Afghanistan,AFG,GDP (current US$),NY.GDP.MKTP.CD,2021,14259995441.075907
Angola,AGO,GDP (current US$),NY.GDP.MKTP.CD,2021,78283923543.82367
Albania,ALB,GDP (current US$),NY.GDP.MKTP.CD,2021,18031989573.029366
Andorra,AND,GDP (current US$),NY.GDP.MKTP.CD,2021,3324647529.4185514
United Arab Emirates,ARE,GDP (current US$),NY.GDP.MKTP.CD,2021,422441282436.2369
Argentina,ARG,GDP (current US$),NY.GDP.MKTP.CD,2021,486564085480.0355
Armenia,ARM,GDP (current US$),NY.GDP.MKTP.CD,2021,13878908628.937809
American Samoa,ASM,GDP (current US$),NY.GDP.MKTP.CD,2021,750000000.0
Antigua and Barbuda,ATG,GDP (current US$),NY.GDP.MKTP.CD,2021,1602125925.9259257
Australia,AUS,GDP (current US$),NY.GDP.MKTP.CD,2021,1560617493202.6936
Austria,AUT,GDP (current US$),NY.GDP.MKTP.CD,2021,480466363176.8062
Azerbaijan,AZE,GDP (current US$),NY.GDP.MKTP.CD,2021,54825411764.70589
Burundi,BDI,GDP (current US$),NY.GDP.MKTP.CD,2021,3425127990.705195
Belgium,BEL,GDP (current US$),NY.GDP.MKTP.CD,2021,598522422241.8508
Benin,BEN,GDP (current US$),NY.GDP.MKTP.CD,2021,17687623530.335533
Burkina Faso,BFA,GDP (current US$),NY.GDP.MKTP.CD,2021,19697516284.378677
Bangladesh,BGD,GDP (current US$),NY.GDP.MKTP.CD,2021,416271647911.01416
Bulgaria,BGR,GDP (current US$),NY.GDP.MKTP.CD,2021,84378926047.30023
Bahrain,BHR,GDP (current US$),NY.GDP.MKTP.CD,2021,40840212765.95744
"Bahamas, The",BHS,GDP (current US$),NY.GDP.MKTP.CD,2021,12037000000.0
Bosnia and Herzegovina,BIH,GDP (current US$),NY.GDP.MKTP.CD,2021,23672712121.267097
Belarus,BLR,GDP (current US$),NY.GDP.MKTP.CD,2021,69673747131.86996
Belize,BLZ,GDP (current US$),NY.GDP.MKTP.CD,2021,2428606250.0
Bermuda,BMU,GDP (current US$),NY.GDP.MKTP.CD,2021,7290037000.0
Bolivia,BOL,GDP (current US$),NY.GDP.MKTP.CD,2021,47877892402.31548
Brazil,BRA,GDP (current US$),NY.GDP.MKTP.CD,2021,1670647398904.9016
Barbados,BRB,GDP (current US$),NY.GDP.MKTP.CD,2021,5948900600.0
Brunei Darussalam,BRN,GDP (current US$),NY.GDP.MKTP.CD,2021,14006496617.445808
Bhutan,BTN,GDP (current US$),NY.GDP.MKTP.CD,2021,2768802960.1120367
Botswana,BWA,GDP (current US$),NY.GDP.MKTP.CD,2021,18750182236.221073
Central African Republic,CAF,GDP (current US$),NY.GDP.MKTP.CD,2021,2516498412.463837
Canada,CAN,GDP (current US$),NY.GDP.MKTP.CD,2021,2022377950896.78
Switzerland,CHE,GDP (current US$),NY.GDP.MKTP.CD,2021,840710023481.3497
Chile,CHL,GDP (current US$),NY.GDP.MKTP.CD,2021,315507493783.26245
China,CHN,GDP (current US$),NY.GDP.MKTP.CD,2021,18201698719563.96
Cote d'Ivoire,CIV,GDP (current US$),NY.GDP.MKTP.CD,2021,72794636653.77934
Cameroon,CMR,GDP (current US$),NY.GDP.MKTP.CD,2021,45011937346.83839
"Congo, Dem. Rep.",COD,GDP (current US$),NY.GDP.MKTP.CD,2021,59067289573.5102
"Congo, Rep.",COG,GDP (current US$),NY.GDP.MKTP.CD,2021,14825690210.915745
Colombia,COL,GDP (current US$),NY.GDP.MKTP.CD,2021,318524633225.39514
Comoros,COM,GDP (current US$),NY.GDP.MKTP.CD,2021,1299039312.222774
Cabo Verde,CPV,GDP (current US$),NY.GDP.MKTP.CD,2021,2051842618.7053905
Costa Rica,CRI,GDP (current US$),NY.GDP.MKTP.CD,2021,65588938787.02427
Curacao,CUW,GDP (current US$),NY.GDP.MKTP.CD,2021,2739594357.541899
Cayman Islands,CYM,GDP (current US$),NY.GDP.MKTP.CD,2021,6060813808.15072
Cyprus,CYP,GDP (current US$),NY.GDP.MKTP.CD,2021,30372637513.13517
Czechia,CZE,GDP (current US$),NY.GDP.MKTP.CD,2021,290972714482.31274
Germany,DEU,GDP (current US$),NY.GDP.MKTP.CD,2021,4355251953410.7827
Djibouti,DJI,GDP (current US$),NY.GDP.MKTP.CD,2021,3392796953.0893927
Dominica,DMA,GDP (current US$),NY.GDP.MKTP.CD,2021,562911111.111111
Denmark,DNK,GDP (current US$),NY.GDP.MKTP.CD,2021,406110162088.054
Dominican Republic,DOM,GDP (current US$),NY.GDP.MKTP.CD,2021,94850719516.71269
Algeria,DZA,GDP (current US$),NY.GDP.MKTP.CD,2021,186231205262.08237
Ecuador,ECU,GDP (current US$),NY.GDP.MKTP.CD,2021,107179074000.0
"Egypt, Arab Rep.",EGY,GDP (current US$),NY.GDP.MKTP.CD,2021,424671765455.7043
Spain,ESP,GDP (current US$),NY.GDP.MKTP.CD,2021,1461244901852.6897
Estonia,EST,GDP (current US$),NY.GDP.MKTP.CD,2021,37201101170.58467
Ethiopia,ETH,GDP (current US$),NY.GDP.MKTP.CD,2021,109070960370.97188
Finland,FIN,GDP (current US$),NY.GDP.MKTP.CD,2021,294223210496.1193
Fiji,FJI,GDP (current US$),NY.GDP.MKTP.CD,2021,4158873156.179777
France,FRA,GDP (current US$),NY.GDP.MKTP.CD,2021,2966433692008.092
Faroe Islands,FRO,GDP (current US$),NY.GDP.MKTP.CD,2021,3699551717.1056066
"Micronesia, Fed. Sts.",FSM,GDP (current US$),NY.GDP.MKTP.CD,2021,391601900.0
Gabon,GAB,GDP (current US$),NY.GDP.MKTP.CD,2021,19444935097.23335
United Kingdom,GBR,GDP (current US$),NY.GDP.MKTP.CD,2021,3194559188925.9272
Georgia,GEO,GDP (current US$),NY.GDP.MKTP.CD,2021,18853115588.81058
Ghana,GHA,GDP (current US$),NY.GDP.MKTP.CD,2021,79514204730.3979
Guinea,GIN,GDP (current US$),NY.GDP.MKTP.CD,2021,17069115737.825916
"Gambia, The",GMB,GDP (current US$),NY.GDP.MKTP.CD,2021,2014158842.1459632
Guinea-Bissau,GNB,GDP (current US$),NY.GDP.MKTP.CD,2021,1907611288.2303581
Equatorial Guinea,GNQ,GDP (current US$),NY.GDP.MKTP.CD,2021,12215878032.716585
Greece,GRC,GDP (current US$),NY.GDP.MKTP.CD,2021,218303801895.32596
Grenada,GRD,GDP (current US$),NY.GDP.MKTP.CD,2021,1122222222.222222
Greenland,GRL,GDP (current US$),NY.GDP.MKTP.CD,2021,3293578467.5732727
Guatemala,GTM,GDP (current US$),NY.GDP.MKTP.CD,2021,86455522272.73833
Guam,GUM,GDP (current US$),NY.GDP.MKTP.CD,2021,6234000000.0
Guyana,GUY,GDP (current US$),NY.GDP.MKTP.CD,2021,8041362110.31175
"Hong Kong SAR, China",HKG,GDP (current US$),NY.GDP.MKTP.CD,2021,368954169748.81805
Honduras,HND,GDP (current US$),NY.GDP.MKTP.CD,2021,28144331506.614887
Croatia,HRV,GDP (current US$),NY.GDP.MKTP.CD,2021,69002262504.98212
Haiti,HTI,GDP (current US$),NY.GDP.MKTP.CD,2021,20754978152.21344
Hungary,HUN,GDP (current US$),NY.GDP.MKTP.CD,2021,183282685440.4858
Indonesia,IDN,GDP (current US$),NY.GDP.MKTP.CD,2021,1186509691086.7307
Isle of Man,IMN,GDP (current US$),NY.GDP.MKTP.CD,2021,7931193222.064053
India,IND,GDP (current US$),NY.GDP.MKTP.CD,2021,3167270623260.4688
Ireland,IRL,GDP (current US$),NY.GDP.MKTP.CD,2021,530394123829.7628
"Iran, Islamic Rep.",IRN,GDP (current US$),NY.GDP.MKTP.CD,2021,407350685583.33545
Iraq,IRQ,GDP (current US$),NY.GDP.MKTP.CD,2021,209691945713.10345
Iceland,ISL,GDP (current US$),NY.GDP.MKTP.CD,2021,26234872402.45698
Israel,ISR,GDP (current US$),NY.GDP.MKTP.CD,2021,489735019666.0258
Italy,ITA,GDP (current US$),NY.GDP.MKTP.CD,2021,2179207773596.089
Jamaica,JAM,GDP (current US$),NY.GDP.MKTP.CD,2021,15963885376.353733
Jordan,JOR,GDP (current US$),NY.GDP.MKTP.CD,2021,50702940985.9155
Japan,JPN,GDP (current US$),NY.GDP.MKTP.CD,2021,5225933520753.097
Kazakhstan,KAZ,GDP (current US$),NY.GDP.MKTP.CD,2021,197112255360.61234
Kenya,KEN,GDP (current US$),NY.GDP.MKTP.CD,2021,109703658904.99373
Kyrgyz Republic,KGZ,GDP (current US$),NY.GDP.MKTP.CD,2021,9249133946.265314
Cambodia,KHM,GDP (current US$),NY.GDP.MKTP.CD,2021,36790163687.442055
Kiribati,KIR,GDP (current US$),NY.GDP.MKTP.CD,2021,285451584.40653116
St. Kitts and Nevis,KNA,GDP (current US$),NY.GDP.MKTP.CD,2021,858622222.2222222
"Korea, Rep.",KOR,GDP (current US$),NY.GDP.MKTP.CD,2021,1942313560965.9043
Kuwait,KWT,GDP (current US$),NY.GDP.MKTP.CD,2021,148350671489.14444
Lao PDR,LAO,GDP (current US$),NY.GDP.MKTP.CD,2021,18827148530.934723
Lebanon,LBN,GDP (current US$),NY.GDP.MKTP.CD,2021,23131941556.784348
Liberia,LBR,GDP (current US$),NY.GDP.MKTP.CD,2021,3513049500.0
Libya,LBY,GDP (current US$),NY.GDP.MKTP.CD,2021,35217995647.2862
St. Lucia,LCA,GDP (current US$),NY.GDP.MKTP.CD,2021,1871111111.111111
Liechtenstein,LIE,GDP (current US$),NY.GDP.MKTP.CD,2021,7912602342.188946
Sri Lanka,LKA,GDP (current US$),NY.GDP.MKTP.CD,2021,88556699052.20078
Lesotho,LSO,GDP (current US$),NY.GDP.MKTP.CD,2021,2412130056.55851
Lithuania,LTU,GDP (current US$),NY.GDP.MKTP.CD,2021,67072165721.24311
Luxembourg,LUX,GDP (current US$),NY.GDP.MKTP.CD,2021,86386759695.16528
Latvia,LVA,GDP (current US$),NY.GDP.MKTP.CD,2021,38183326784.933495
"Macao SAR, China",MAC,GDP (current US$),NY.GDP.MKTP.CD,2021,30633941629.363293
St. Martin (French part),MAF,GDP (current US$),NY.GDP.MKTP.CD,2021,649206262.8475188
Morocco,MAR,GDP (current US$),NY.GDP.MKTP.CD,2021,142022058447.23093
Monaco,MCO,GDP (current US$),NY.GDP.MKTP.CD,2021,8623241326.744047
Moldova,MDA,GDP (current US$),NY.GDP.MKTP.CD,2021,13691869264.079353
Madagascar,MDG,GDP (current US$),NY.GDP.MKTP.CD,2021,14354731964.32578
Maldives,MDV,GDP (current US$),NY.GDP.MKTP.CD,2021,5252457369.552176
Mexico,MEX,GDP (current US$),NY.GDP.MKTP.CD,2021,1316569466833.935
Marshall Islands,MHL,GDP (current US$),NY.GDP.MKTP.CD,2021,261245500.0
North Macedonia,MKD,GDP (current US$),NY.GDP.MKTP.CD,2021,14000283827.015379
Mali,MLI,GDP (current US$),NY.GDP.MKTP.CD,2021,22999245262.671898
Malta,MLT,GDP (current US$),NY.GDP.MKTP.CD,2021,19730119030.61984
Myanmar,MMR,GDP (current US$),NY.GDP.MKTP.CD,2021,66345291160.16825
Montenegro,MNE,GDP (current US$),NY.GDP.MKTP.CD,2021,5822908963.580526
Mongolia,MNG,GDP (current US$),NY.GDP.MKTP.CD,2021,15286441737.668615
Northern Mariana Islands,MNP,GDP (current US$),NY.GDP.MKTP.CD,2021,914000000.0
Mozambique,MOZ,GDP (current US$),NY.GDP.MKTP.CD,2021,16168055475.444891
Mauritania,MRT,GDP (current US$),NY.GDP.MKTP.CD,2021,9221044666.76483
Mauritius,MUS,GDP (current US$),NY.GDP.MKTP.CD,2021,11622048696.812899
Malawi,MWI,GDP (current US$),NY.GDP.MKTP.CD,2021,12378119199.083906
Malaysia,MYS,GDP (current US$),NY.GDP.MKTP.CD,2021,373784553029.9776
Namibia,NAM,GDP (current US$),NY.GDP.MKTP.CD,2021,12402486183.639603
New Caledonia,NCL,GDP (current US$),NY.GDP.MKTP.CD,2021,10071349663.848383
Niger,NER,GDP (current US$),NY.GDP.MKTP.CD,2021,14936154253.324219
Nigeria,NGA,GDP (current US$),NY.GDP.MKTP.CD,2021,609147716965.3478
Nicaragua,NIC,GDP (current US$),NY.GDP.MKTP.CD,2021,14209019392.302475
Netherlands,NLD,GDP (current US$),NY.GDP.MKTP.CD,2021,1054472123449.5955
Norway,NOR,GDP (current US$),NY.GDP.MKTP.CD,2021,521592200232.82886
Nepal,NPL,GDP (current US$),NY.GDP.MKTP.CD,2021,36924841394.26049
Nauru,NRU,GDP (current US$),NY.GDP.MKTP.CD,2021,149268323.99286798
New Zealand,NZL,GDP (current US$),NY.GDP.MKTP.CD,2021,253732493987.83423
Oman,OMN,GDP (current US$),NY.GDP.MKTP.CD,2021,87323797139.14174
Pakistan,PAK,GDP (current US$),NY.GDP.MKTP.CD,2021,348516647445.14844
Panama,PAN,GDP (current US$),NY.GDP.MKTP.CD,2021,67396392500.0
Peru,PER,GDP (current US$),NY.GDP.MKTP.CD,2021,226406075008.8776
Philippines,PHL,GDP (current US$),NY.GDP.MKTP.CD,2021,394087359848.11
Palau,PLW,GDP (current US$),NY.GDP.MKTP.CD,2021,235935734.375
Papua New Guinea,PNG,GDP (current US$),NY.GDP.MKTP.CD,2021,26113409477.73181
Poland,POL,GDP (current US$),NY.GDP.MKTP.CD,2021,689170230665.3503
Puerto Rico (US),PRI,GDP (current US$),NY.GDP.MKTP.CD,2021,106426600000.0
Portugal,PRT,GDP (current US$),NY.GDP.MKTP.CD,2021,256055879091.13928
Paraguay,PRY,GDP (current US$),NY.GDP.MKTP.CD,2021,39937357255.87164
West Bank and Gaza,PSE,GDP (current US$),NY.GDP.MKTP.CD,2021,18109000000.0
French Polynesia,PYF,GDP (current US$),NY.GDP.MKTP.CD,2021,5994931236.422822
Qatar,QAT,GDP (current US$),NY.GDP.MKTP.CD,2021,179732009560.43954
Romania,ROU,GDP (current US$),NY.GDP.MKTP.CD,2021,285072444957.21564
Russian Federation,RUS,GDP (current US$),NY.GDP.MKTP.CD,2021,1829186719575.096
Rwanda,RWA,GDP (current US$),NY.GDP.MKTP.CD,2021,11252894909.50433
Saudi Arabia,SAU,GDP (current US$),NY.GDP.MKTP.CD,2021,982661066666.6666
Sudan,SDN,GDP (current US$),NY.GDP.MKTP.CD,2021,34229513774.993607
Senegal,SEN,GDP (current US$),NY.GDP.MKTP.CD,2021,27520784129.750805
Singapore,SGP,GDP (current US$),NY.GDP.MKTP.CD,2021,441110903524.64453
Solomon Islands,SLB,GDP (current US$),NY.GDP.MKTP.CD,2021,1558312103.8422544
Sierra Leone,SLE,GDP (current US$),NY.GDP.MKTP.CD,2021,7166931483.295297
El Salvador,SLV,GDP (current US$),NY.GDP.MKTP.CD,2021,29043140000.0
San Marino,SMR,GDP (current US$),NY.GDP.MKTP.CD,2021,1855395712.2146988
"Somalia, Fed. Rep.",SOM,GDP (current US$),NY.GDP.MKTP.CD,2021,9483000000.0
Serbia,SRB,GDP (current US$),NY.GDP.MKTP.CD,2021,66159884072.530846
Sao Tome and Principe,STP,GDP (current US$),NY.GDP.MKTP.CD,2021,524402455.5481601
Suriname,SUR,GDP (current US$),NY.GDP.MKTP.CD,2021,3107923197.9695435
Slovak Republic,SVK,GDP (current US$),NY.GDP.MKTP.CD,2021,120511265913.34302
Slovenia,SVN,GDP (current US$),NY.GDP.MKTP.CD,2021,61540813361.8556
Sweden,SWE,GDP (current US$),NY.GDP.MKTP.CD,2021,631693331300.7758
Eswatini,SWZ,GDP (current US$),NY.GDP.MKTP.CD,2021,4807069277.201138
Sint Maarten (Dutch part),SXM,GDP (current US$),NY.GDP.MKTP.CD,2021,1353071061.452514
Seychelles,SYC,GDP (current US$),NY.GDP.MKTP.CD,2021,1487173794.8052788
Syrian Arab Republic,SYR,GDP (current US$),NY.GDP.MKTP.CD,2021,14892885528.140192
Turks and Caicos Islands,TCA,GDP (current US$),NY.GDP.MKTP.CD,2021,1236459000.0
Chad,TCD,GDP (current US$),NY.GDP.MKTP.CD,2021,16871937697.585442
Togo,TGO,GDP (current US$),NY.GDP.MKTP.CD,2021,8541668141.261978
Thailand,THA,GDP (current US$),NY.GDP.MKTP.CD,2021,506049783824.93994
Tajikistan,TJK,GDP (current US$),NY.GDP.MKTP.CD,2021,8937805347.13963
Turkmenistan,TKM,GDP (current US$),NY.GDP.MKTP.CD,2021,26334182093.79026
Timor-Leste,TLS,GDP (current US$),NY.GDP.MKTP.CD,2021,3625024300.0
Tonga,TON,GDP (current US$),NY.GDP.MKTP.CD,2021,519306339.3498001
Trinidad and Tobago,TTO,GDP (current US$),NY.GDP.MKTP.CD,2021,24222963262.72133
Tunisia,TUN,GDP (current US$),NY.GDP.MKTP.CD,2021,47073234359.18191
Turkiye,TUR,GDP (current US$),NY.GDP.MKTP.CD,2021,839938668172.134
Tuvalu,TUV,GDP (current US$),NY.GDP.MKTP.CD,2021,60196405.71383929
Tanzania,TZA,GDP (current US$),NY.GDP.MKTP.CD,2021,70655628147.89859
Uganda,UGA,GDP (current US$),NY.GDP.MKTP.CD,2021,40529788748.67369
Ukraine,UKR,GDP (current US$),NY.GDP.MKTP.CD,2021,199765859570.9353
Uruguay,URY,GDP (current US$),NY.GDP.MKTP.CD,2021,60739061281.16277
United States,USA,GDP (current US$),NY.GDP.MKTP.CD,2021,23725645000000.0
Uzbekistan,UZB,GDP (current US$),NY.GDP.MKTP.CD,2021,81170051810.58249
St. Vincent and the Grenadines,VCT,GDP (current US$),NY.GDP.MKTP.CD,2021,888677777.7777777
"Venezuela, RB",VEN,GDP (current US$),NY.GDP.MKTP.CD,2021,56615026262.65345
Virgin Islands (U.S.),VIR,GDP (current US$),NY.GDP.MKTP.CD,2021,4507000000.0
Viet Nam,VNM,GDP (current US$),NY.GDP.MKTP.CD,2021,366474752771.00934
Vanuatu,VUT,GDP (current US$),NY.GDP.MKTP.CD,2021,1093826088.942692
Samoa,WSM,GDP (current US$),NY.GDP.MKTP.CD,2021,859724936.0576502
Kosovo,XKX,GDP (current US$),NY.GDP.MKTP.CD,2021,9412099545.05799
South Africa,ZAF,GDP (current US$),NY.GDP.MKTP.CD,2021,419986284375.36835
Zambia,ZMB,GDP (current US$),NY.GDP.MKTP.CD,2021,22096416932.008896
Zimbabwe,ZWE,GDP (current US$),NY.GDP.MKTP.CD,2021,41287852523.501564
Aruba,ABW,GDP (current US$),NY.GDP.MKTP.CD,2022,3326671314.774195
Afghanistan,AFG,GDP (current US$),NY.GDP.MKTP.CD,2022,14497243872.13374
Angola,AGO,GDP (current US$),NY.GDP.MKTP.CD,2022,128233959333.27457
Albania,ALB,GDP (current US$),NY.GDP.MKTP.CD,2022,19017247013.88206
Andorra,AND,GDP (current US$),NY.GDP.MKTP.CD,2022,3380612573.4825034
United Arab Emirates,ARE,GDP (current US$),NY.GDP.MKTP.CD,2022,511403404642.1729
Argentina,ARG,GDP (current US$),NY.GDP.MKTP.CD,2022,633993756301.0798
Armenia,ARM,GDP (current US$),NY.GDP.MKTP.CD,2022,19513506553.125072
American Samoa,ASM,GDP (current US$),NY.GDP.MKTP.CD,2022,871000000.0
Antigua and Barbuda,ATG,GDP (current US$),NY.GDP.MKTP.CD,2022,1857114814.8148148
Australia,AUS,GDP (current US$),NY.GDP.MKTP.CD,2022,1695627535475.8005
Austria,AUT,GDP (current US$),NY.GDP.MKTP.CD,2022,473221298968.2158
Azerbaijan,AZE,GDP (current US$),NY.GDP.MKTP.CD,2022,78807470588.2353
Burundi,BDI,GDP (current US$),NY.GDP.MKTP.CD,2022,4020736756.6425576
Belgium,BEL,GDP (current US$),NY.GDP.MKTP.CD,2022,591474463578.6016
Benin,BEN,GDP (current US$),NY.GDP.MKTP.CD,2022,17425405090.862
Burkina Faso,BFA,GDP (current US$),NY.GDP.MKTP.CD,2022,18622421394.613308
Bangladesh,BGD,GDP (current US$),NY.GDP.MKTP.CD,2022,460131689083.0827
Bulgaria,BGR,GDP (current US$),NY.GDP.MKTP.CD,2022,90510784777.63972
Bahrain,BHR,GDP (current US$),NY.GDP.MKTP.CD,2022,46458191489.3617
"Bahamas, The",BHS,GDP (current US$),NY.GDP.MKTP.CD,2022,13896800000.0
Bosnia and Herzegovina,BIH,GDP (current US$),NY.GDP.MKTP.CD,2022,24534663636.17784
Belarus,BLR,GDP (current US$),NY.GDP.MKTP.CD,2022,73775179924.60303
Belize,BLZ,GDP (current US$),NY.GDP.MKTP.CD,2022,2846604350.0
Bermuda,BMU,GDP (current US$),NY.GDP.MKTP.CD,2022,7767884000.0
Bolivia,BOL,GDP (current US$),NY.GDP.MKTP.CD,2022,50959081953.6903
Brazil,BRA,GDP (current US$),NY.GDP.MKTP.CD,2022,1951923942083.3196
Barbados,BRB,GDP (current US$),NY.GDP.MKTP.CD,2022,6886644900.0
Brunei Darussalam,BRN,GDP (current US$),NY.GDP.MKTP.CD,2022,16681536466.7183
Bhutan,BTN,GDP (current US$),NY.GDP.MKTP.CD,2022,2898227743.7557607
Botswana,BWA,GDP (current US$),NY.GDP.MKTP.CD,2022,20321150599.15232
Central African Republic,CAF,GDP (current US$),NY.GDP.MKTP.CD,2022,2382618615.016939
Canada,CAN,GDP (current US$),NY.GDP.MKTP.CD,2022,2200562785046.3184
Switzerland,CHE,GDP (current US$),NY.GDP.MKTP.CD,2022,858479038993.7502
Chile,CHL,GDP (current US$),NY.GDP.MKTP.CD,2022,301099244104.00336
China,CHN,GDP (current US$),NY.GDP.MKTP.CD,2022,18316765021690.156
Cote d'Ivoire,CIV,GDP (current US$),NY.GDP.MKTP.CD,2022,70922824813.9102
Cameroon,CMR,GDP (current US$),NY.GDP.MKTP.CD,2022,44347206072.55133
"Congo, Dem. Rep.",COD,GDP (current US$),NY.GDP.MKTP.CD,2022,70422346142.20229
"Congo, Rep.",COG,GDP (current US$),NY.GDP.MKTP.CD,2022,15817030154.694141
Colombia,COL,GDP (current US$),NY.GDP.MKTP.CD,2022,345632492851.4475
Comoros,COM,GDP (current US$),NY.GDP.MKTP.CD,2022,1279542248.9628778
Cabo Verde,CPV,GDP (current US$),NY.GDP.MKTP.CD,2022,2247003344.3424206
Costa Rica,CRI,GDP (current US$),NY.GDP.MKTP.CD,2022,71001226360.80083
Curacao,CUW,GDP (current US$),NY.GDP.MKTP.CD,2022,3075180837.9888268
Cayman Islands,CYM,GDP (current US$),NY.GDP.MKTP.CD,2022,6653516041.439286
Cyprus,CYP,GDP (current US$),NY.GDP.MKTP.CD,2022,31218047043.838642
Czechia,CZE,GDP (current US$),NY.GDP.MKTP.CD,2022,301831228325.55554
Germany,DEU,GDP (current US$),NY.GDP.MKTP.CD,2022,4201021706478.6157
Djibouti,DJI,GDP (current US$),NY.GDP.MKTP.CD,2022,3562814908.7614856
Dominica,DMA,GDP (current US$),NY.GDP.MKTP.CD,2022,623062962.9629629
Denmark,DNK,GDP (current US$),NY.GDP.MKTP.CD,2022,400114306337.0766
Dominican Republic,DOM,GDP (current US$),NY.GDP.MKTP.CD,2022,113478103598.49892
Algeria,DZA,GDP (current US$),NY.GDP.MKTP.CD,2022,225581644702.5678
Ecuador,ECU,GDP (current US$),NY.GDP.MKTP.CD,2022,116133121000.0
"Egypt, Arab Rep.",EGY,GDP (current US$),NY.GDP.MKTP.CD,2022,476747720364.74164
Spain,ESP,GDP (current US$),NY.GDP.MKTP.CD,2022,1448850658406.6204
Estonia,EST,GDP (current US$),NY.GDP.MKTP.CD,2022,38226641740.29003
Ethiopia,ETH,GDP (current US$),NY.GDP.MKTP.CD,2022,123140304665.399
Finland,FIN,GDP (current US$),NY.GDP.MKTP.CD,2022,280253099309.3396
Fiji,FJI,GDP (current US$),NY.GDP.MKTP.CD,2022,4977861885.603162
France,FRA,GDP (current US$),NY.GDP.MKTP.CD,2022,2794788137066.937
Faroe Islands,FRO,GDP (current US$),NY.GDP.MKTP.CD,2022,3615241800.5005755
"Micronesia, Fed. Sts.",FSM,GDP (current US$),NY.GDP.MKTP.CD,2022,415232900.0
Gabon,GAB,GDP (current US$),NY.GDP.MKTP.CD,2022,20440655695.22902
United Kingdom,GBR,GDP (current US$),NY.GDP.MKTP.CD,2022,3181244350465.4146
Georgia,GEO,GDP (current US$),NY.GDP.MKTP.CD,2022,24984568959.604965
Ghana,GHA,GDP (current US$),NY.GDP.MKTP.CD,2022,73919003212.19975
Guinea,GIN,GDP (current US$),NY.GDP.MKTP.CD,2022,19910452541.92191
"Gambia, The",GMB,GDP (current US$),NY.GDP.MKTP.CD,2022,2204734527.88096
Guinea-Bissau,GNB,GDP (current US$),NY.GDP.MKTP.CD,2022,1856239954.8155487
Equatorial Guinea,GNQ,GDP (current US$),NY.GDP.MKTP.CD,2022,13687643435.624903
Greece,GRC,GDP (current US$),NY.GDP.MKTP.CD,2022,217990189600.68958
Grenada,GRD,GDP (current US$),NY.GDP.MKTP.CD,2022,1224007407.4074073
Greenland,GRL,GDP (current US$),NY.GDP.MKTP.CD,2022,3152334771.7799163
Guatemala,GTM,GDP (current US$),NY.GDP.MKTP.CD,2022,95609727055.57544
Guam,GUM,GDP (current US$),NY.GDP.MKTP.CD,2022,6910000000.0
Guyana,GUY,GDP (current US$),NY.GDP.MKTP.CD,2022,14718388489.208633
"Hong Kong SAR, China",HKG,GDP (current US$),NY.GDP.MKTP.CD,2022,358673532516.52924
Honduras,HND,GDP (current US$),NY.GDP.MKTP.CD,2022,31426041806.798485
Croatia,HRV,GDP (current US$),NY.GDP.MKTP.CD,2022,71196460236.63007
Haiti,HTI,GDP (current US$),NY.GDP.MKTP.CD,2022,20113007125.929966
Hungary,HUN,GDP (current US$),NY.GDP.MKTP.CD,2022,177002580544.15546
Indonesia,IDN,GDP (current US$),NY.GDP.MKTP.CD,2022,1319101183380.1516
Isle of Man,IMN,GDP (current US$),NY.GDP.MKTP.CD,2022,7431257410.927127
India,IND,GDP (current US$),NY.GDP.MKTP.CD,2022,3249938492013.471
Ireland,IRL,GDP (current US$),NY.GDP.MKTP.CD,2022,548341794599.08966
"Iran, Islamic Rep.",IRN,GDP (current US$),NY.GDP.MKTP.CD,2022,422662261525.66516
Iraq,IRQ,GDP (current US$),NY.GDP.MKTP.CD,2022,287372232137.931
Iceland,ISL,GDP (current US$),NY.GDP.MKTP.CD,2022,29176227825.47356
Israel,ISR,GDP (current US$),NY.GDP.MKTP.CD,2022,525157951212.87067
Italy,ITA,GDP (current US$),NY.GDP.MKTP.CD,2022,2104067630319.4634
Jamaica,JAM,GDP (current US$),NY.GDP.MKTP.CD,2022,18813516805.214046
Jordan,JOR,GDP (current US$),NY.GDP.MKTP.CD,2022,53516930140.84507
Japan,JPN,GDP (current US$),NY.GDP.MKTP.CD,2022,4447976207314.783
Kazakhstan,KAZ,GDP (current US$),NY.GDP.MKTP.CD,2022,225496328925.4941
Kenya,KEN,GDP (current US$),NY.GDP.MKTP.CD,2022,114448978152.6374
Kyrgyz Republic,KGZ,GDP (current US$),NY.GDP.MKTP.CD,2022,12134931017.946526
Cambodia,KHM,GDP (current US$),NY.GDP.MKTP.CD,2022,39994532959.60738
Kiribati,KIR,GDP (current US$),NY.GDP.MKTP.CD,2022,271214374.5005771
St. Kitts and Nevis,KNA,GDP (current US$),NY.GDP.MKTP.CD,2022,981429629.6296296
"Korea, Rep.",KOR,GDP (current US$),NY.GDP.MKTP.CD,2022,1799363116866.521
Kuwait,KWT,GDP (current US$),NY.GDP.MKTP.CD,2022,183502046693.87753
Lao PDR,LAO,GDP (current US$),NY.GDP.MKTP.CD,2022,15468785203.753174
Lebanon,LBN,GDP (current US$),NY.GDP.MKTP.CD,2022,20992421948.808086
Liberia,LBR,GDP (current US$),NY.GDP.MKTP.CD,2022,4001047000.0
Libya,LBY,GDP (current US$),NY.GDP.MKTP.CD,2022,43246297921.84992
St. Lucia,LCA,GDP (current US$),NY.GDP.MKTP.CD,2022,2319888888.888889
Liechtenstein,LIE,GDP (current US$),NY.GDP.MKTP.CD,2022,7426856242.773598
Sri Lanka,LKA,GDP (current US$),NY.GDP.MKTP.CD,2022,74143020303.66304
Lesotho,LSO,GDP (current US$),NY.GDP.MKTP.CD,2022,2354980960.0269704
Lithuania,LTU,GDP (current US$),NY.GDP.MKTP.CD,2022,70639687325.63257
Luxembourg,LUX,GDP (current US$),NY.GDP.MKTP.CD,2022,80801680397.01393
Latvia,LVA,GDP (current US$),NY.GDP.MKTP.CD,2022,38003198508.91065
"Macao SAR, China",MAC,GDP (current US$),NY.GDP.MKTP.CD,2022,24929307447.323727
Morocco,MAR,GDP (current US$),NY.GDP.MKTP.CD,2022,131245312804.48317
Monaco,MCO,GDP (current US$),NY.GDP.MKTP.CD,2022,8800432773.735443
Moldova,MDA,GDP (current US$),NY.GDP.MKTP.CD,2022,14525337523.727076
Madagascar,MDG,GDP (current US$),NY.GDP.MKTP.CD,2022,15342178598.247494
Maldives,MDV,GDP (current US$),NY.GDP.MKTP.CD,2022,6177123352.262111
Mexico,MEX,GDP (current US$),NY.GDP.MKTP.CD,2022,1466934724243.3804
Marshall Islands,MHL,GDP (current US$),NY.GDP.MKTP.CD,2022,258723500.0
North Macedonia,MKD,GDP (current US$),NY.GDP.MKTP.CD,2022,13932436550.088305
Mali,MLI,GDP (current US$),NY.GDP.MKTP.CD,2022,22539987718.764156
Malta,MLT,GDP (current US$),NY.GDP.MKTP.CD,2022,18938869147.081787
Myanmar,MMR,GDP (current US$),NY.GDP.MKTP.CD,2022,62253049891.64494
Montenegro,MNE,GDP (current US$),NY.GDP.MKTP.CD,2022,6259721790.0652
Mongolia,MNG,GDP (current US$),NY.GDP.MKTP.CD,2022,17146471713.748024
Northern Mariana Islands,MNP,GDP (current US$),NY.GDP.MKTP.CD,2022,1096000000.0
Mozambique,MOZ,GDP (current US$),NY.GDP.MKTP.CD,2022,18884232598.869778
Mauritania,MRT,GDP (current US$),NY.GDP.MKTP.CD,2022,9562497460.553938
Mauritius,MUS,GDP (current US$),NY.GDP.MKTP.CD,2022,12936444123.303709
Malawi,MWI,GDP (current US$),NY.GDP.MKTP.CD,2022,12429059928.101988
Malaysia,MYS,GDP (current US$),NY.GDP.MKTP.CD,2022,407830525989.55347
Namibia,NAM,GDP (current US$),NY.GDP.MKTP.CD,2022,12569449123.366074
New Caledonia,NCL,GDP (current US$),NY.GDP.MKTP.CD,2022,9623318718.314594
Niger,NER,GDP (current US$),NY.GDP.MKTP.CD,2022,15531799640.900496
Nigeria,NGA,GDP (current US$),NY.GDP.MKTP.CD,2022,646950257575.4548
Nicaragua,NIC,GDP (current US$),NY.GDP.MKTP.CD,2022,15634573555.904917
Netherlands,NLD,GDP (current US$),NY.GDP.MKTP.CD,2022,1046540797548.6422
Norway,NOR,GDP (current US$),NY.GDP.MKTP.CD,2022,617321834098.9857
Nepal,NPL,GDP (current US$),NY.GDP.MKTP.CD,2022,41182939519.816055
Nauru,NRU,GDP (current US$),NY.GDP.MKTP.CD,2022,180671357.34980515
New Zealand,NZL,GDP (current US$),NY.GDP.MKTP.CD,2022,249723029451.23743
Oman,OMN,GDP (current US$),NY.GDP.MKTP.CD,2022,109852795838.75162
Pakistan,PAK,GDP (current US$),NY.GDP.MKTP.CD,2022,374890295666.69366
Panama,PAN,GDP (current US$),NY.GDP.MKTP.CD,2022,76479304500.0
Peru,PER,GDP (current US$),NY.GDP.MKTP.CD,2022,246169867862.82056
Philippines,PHL,GDP (current US$),NY.GDP.MKTP.CD,2022,404353369604.6311
Palau,PLW,GDP (current US$),NY.GDP.MKTP.CD,2022,247470812.5
Papua New Guinea,PNG,GDP (current US$),NY.GDP.MKTP.CD,2022,31653230962.454857
Poland,POL,GDP (current US$),NY.GDP.MKTP.CD,2022,695607470875.2762
Puerto Rico (US),PRI,GDP (current US$),NY.GDP.MKTP.CD,2022,113843700000.0
Portugal,PRT,GDP (current US$),NY.GDP.MKTP.CD,2022,256898677175.02435
Paraguay,PRY,GDP (current US$),NY.GDP.MKTP.CD,2022,41841201626.725296
West Bank and Gaza,PSE,GDP (current US$),NY.GDP.MKTP.CD,2022,19165500000.0
French Polynesia,PYF,GDP (current US$),NY.GDP.MKTP.CD,2022,5622688338.063168
Qatar,QAT,GDP (current US$),NY.GDP.MKTP.CD,2022,235709325714.2857
Romania,ROU,GDP (current US$),NY.GDP.MKTP.CD,2022,295317862855.9241
Russian Federation,RUS,GDP (current US$),NY.GDP.MKTP.CD,2022,2292495097681.4727
Rwanda,RWA,GDP (current US$),NY.GDP.MKTP.CD,2022,13747404814.26773
Saudi Arabia,SAU,GDP (current US$),NY.GDP.MKTP.CD,2022,1239075200000.0
Sudan,SDN,GDP (current US$),NY.GDP.MKTP.CD,2022,51666875363.0963
Senegal,SEN,GDP (current US$),NY.GDP.MKTP.CD,2022,27783332222.675926
Singapore,SGP,GDP (current US$),NY.GDP.MKTP.CD,2022,514252535238.7487
Solomon Islands,SLB,GDP (current US$),NY.GDP.MKTP.CD,2022,1466670929.6233268
Sierra Leone,SLE,GDP (current US$),NY.GDP.MKTP.CD,2022,7121125277.181592
El Salvador,SLV,GDP (current US$),NY.GDP.MKTP.CD,2022,31870110000.0
San Marino,SMR,GDP (current US$),NY.GDP.MKTP.CD,2022,1831701022.8708243
"Somalia, Fed. Rep.",SOM,GDP (current US$),NY.GDP.MKTP.CD,2022,10203000000.0
Serbia,SRB,GDP (current US$),NY.GDP.MKTP.CD,2022,66809895701.21516
Sao Tome and Principe,STP,GDP (current US$),NY.GDP.MKTP.CD,2022,540809499.1893485
Suriname,SUR,GDP (current US$),NY.GDP.MKTP.CD,2022,3791603200.025902
Slovak Republic,SVK,GDP (current US$),NY.GDP.MKTP.CD,2022,115792972358.20862
Slovenia,SVN,GDP (current US$),NY.GDP.MKTP.CD,2022,59899117741.00218
Sweden,SWE,GDP (current US$),NY.GDP.MKTP.CD,2022,575071237640.9214
Eswatini,SWZ,GDP (current US$),NY.GDP.MKTP.CD,2022,4746660273.5082855
Sint Maarten (Dutch part),SXM,GDP (current US$),NY.GDP.MKTP.CD,2022,1592564636.8715084
Seychelles,SYC,GDP (current US$),NY.GDP.MKTP.CD,2022,1999888599.254736
Syrian Arab Republic,SYR,GDP (current US$),NY.GDP.MKTP.CD,2022,23737634644.399387
Turks and Caicos Islands,TCA,GDP (current US$),NY.GDP.MKTP.CD,2022,1434119000.0
Chad,TCD,GDP (current US$),NY.GDP.MKTP.CD,2022,17828508289.604942
Togo,TGO,GDP (current US$),NY.GDP.MKTP.CD,2022,8646453099.412397
Thailand,THA,GDP (current US$),NY.GDP.MKTP.CD,2022,495691837308.03296
Tajikistan,TJK,GDP (current US$),NY.GDP.MKTP.CD,2022,10713525200.39978
Turkmenistan,TKM,GDP (current US$),NY.GDP.MKTP.CD,2022,37583913148.27906
Timor-Leste,TLS,GDP (current US$),NY.GDP.MKTP.CD,2022,3208599900.0
Tonga,TON,GDP (current US$),NY.GDP.MKTP.CD,2022,556514556.3928441
Trinidad and Tobago,TTO,GDP (current US$),NY.GDP.MKTP.CD,2022,28341164301.126022
Tunisia,TUN,GDP (current US$),NY.GDP.MKTP.CD,2022,44929920092.79546
Turkiye,TUR,GDP (current US$),NY.GDP.MKTP.CD,2022,926097476913.8175
Tuvalu,TUV,GDP (current US$),NY.GDP.MKTP.CD,2022,59065982.08736571
Tanzania,TZA,GDP (current US$),NY.GDP.MKTP.CD,2022,75749121846.97034
Uganda,UGA,GDP (current US$),NY.GDP.MKTP.CD,2022,45565333210.91079
Ukraine,UKR,GDP (current US$),NY.GDP.MKTP.CD,2022,161989520721.1905
Uruguay,URY,GDP (current US$),NY.GDP.MKTP.CD,2022,71240669088.05872
United States,USA,GDP (current US$),NY.GDP.MKTP.CD,2022,26054614000000.0
Uzbekistan,UZB,GDP (current US$),NY.GDP.MKTP.CD,2022,94286355836.15942
St. Vincent and the Grenadines,VCT,GDP (current US$),NY.GDP.MKTP.CD,2022,989188888.8888888
"Venezuela, RB",VEN,GDP (current US$),NY.GDP.MKTP.CD,2022,89013251020.98312
Virgin Islands (U.S.),VIR,GDP (current US$),NY.GDP.MKTP.CD,2022,4672000000.0
Viet Nam,VNM,GDP (current US$),NY.GDP.MKTP.CD,2022,413445230668.5782
Vanuatu,VUT,GDP (current US$),NY.GDP.MKTP.CD,2022,1151863789.7662375
Samoa,WSM,GDP (current US$),NY.GDP.MKTP.CD,2022,889554711.8423406
Kosovo,XKX,GDP (current US$),NY.GDP.MKTP.CD,2022,9367633202.546728
South Africa,ZAF,GDP (current US$),NY.GDP.MKTP.CD,2022,407596043067.88525
Zambia,ZMB,GDP (current US$),NY.GDP.MKTP.CD,2022,29163782140.485832
Zimbabwe,ZWE,GDP (current US$),NY.GDP.MKTP.CD,2022,40757585308.501595
Aruba,ABW,GDP (current US$),NY.GDP.MKTP.CD,2023,3746573413.0756536
Afghanistan,AFG,GDP (current US$),NY.GDP.MKTP.CD,2023,17152234636.871508
Angola,AGO,GDP (current US$),NY.GDP.MKTP.CD,2023,106042349567.30316
Albania,ALB,GDP (current US$),NY.GDP.MKTP.CD,2023,23491242727.40822
Andorra,AND,GDP (current US$),NY.GDP.MKTP.CD,2023,3785067331.8824196
United Arab Emirates,ARE,GDP (current US$),NY.GDP.MKTP.CD,2023,522622268401.1246
Argentina,ARG,GDP (current US$),NY.GDP.MKTP.CD,2023,649461687959.1744
Armenia,ARM,GDP (current US$),NY.GDP.MKTP.CD,2023,24185982215.6543
Antigua and Barbuda,ATG,GDP (current US$),NY.GDP.MKTP.CD,2023,2054096296.2962961
Australia,AUS,GDP (current US$),NY.GDP.MKTP.CD,2023,1734451264655.6016
Austria,AUT,GDP (current US$),NY.GDP.MKTP.CD,2023,516670509628.8758
Azerbaijan,AZE,GDP (current US$),NY.GDP.MKTP.CD,2023,72428470588.23529
Burundi,BDI,GDP (current US$),NY.GDP.MKTP.CD,2023,3419558408.3540807
Belgium,BEL,GDP (current US$),NY.GDP.MKTP.CD,2023,650779364363.7369
Benin,BEN,GDP (current US$),NY.GDP.MKTP.CD,2023,19673291004.14443
Burkina Faso,BFA,GDP (current US$),NY.GDP.MKTP.CD,2023,20106062971.6533
Bangladesh,BGD,GDP (current US$),NY.GDP.MKTP.CD,2023,437415333018.29095
Bulgaria,BGR,GDP (current US$),NY.GDP.MKTP.CD,2023,102204457334.82173
Bahrain,BHR,GDP (current US$),NY.GDP.MKTP.CD,2023,46192260638.297874
"Bahamas, The",BHS,GDP (current US$),NY.GDP.MKTP.CD,2023,15271300000.0
Bosnia and Herzegovina,BIH,GDP (current US$),NY.GDP.MKTP.CD,2023,27592361498.405655
Belarus,BLR,GDP (current US$),NY.GDP.MKTP.CD,2023,72478760370.42578
Belize,BLZ,GDP (current US$),NY.GDP.MKTP.CD,2023,3052362650.0
Bermuda,BMU,GDP (current US$),NY.GDP.MKTP.CD,2023,8602360000.0
Bolivia,BOL,GDP (current US$),NY.GDP.MKTP.CD,2023,52340206946.454414
Brazil,BRA,GDP (current US$),NY.GDP.MKTP.CD,2023,2191131765684.6296
Barbados,BRB,GDP (current US$),NY.GDP.MKTP.CD,2023,7223248150.0
Brunei Darussalam,BRN,GDP (current US$),NY.GDP.MKTP.CD,2023,15095084656.163445
Bhutan,BTN,GDP (current US$),NY.GDP.MKTP.CD,2023,3012896789.797528
Botswana,BWA,GDP (current US$),NY.GDP.MKTP.CD,2023,19413614554.694435
Central African Republic,CAF,GDP (current US$),NY.GDP.MKTP.CD,2023,2555492085.947247
Canada,CAN,GDP (current US$),NY.GDP.MKTP.CD,2023,2196593836347.4167
Switzerland,CHE,GDP (current US$),NY.GDP.MKTP.CD,2023,928435275851.7068
Chile,CHL,GDP (current US$),NY.GDP.MKTP.CD,2023,335802745366.3798
China,CHN,GDP (current US$),NY.GDP.MKTP.CD,2023,18270356654533.215
Cote d'Ivoire,CIV,GDP (current US$),NY.GDP.MKTP.CD,2023,80780312569.16455
Cameroon,CMR,GDP (current US$),NY.GDP.MKTP.CD,2023,48814501547.431274
"Congo, Dem. Rep.",COD,GDP (current US$),NY.GDP.MKTP.CD,2023,69843655425.29286
"Congo, Rep.",COG,GDP (current US$),NY.GDP.MKTP.CD,2023,15321055822.5167
Colombia,COL,GDP (current US$),NY.GDP.MKTP.CD,2023,366901643683.3023
Comoros,COM,GDP (current US$),NY.GDP.MKTP.CD,2023,1465977684.3130717
Cabo Verde,CPV,GDP (current US$),NY.GDP.MKTP.CD,2023,2504525537.5106874
Costa Rica,CRI,GDP (current US$),NY.GDP.MKTP.CD,2023,87512637055.77362
Curacao,CUW,GDP (current US$),NY.GDP.MKTP.CD,2023,3281419329.6089387
Cayman Islands,CYM,GDP (current US$),NY.GDP.MKTP.CD,2023,7308564549.2867775
Cyprus,CYP,GDP (current US$),NY.GDP.MKTP.CD,2023,35075440602.520226
Czechia,CZE,GDP (current US$),NY.GDP.MKTP.CD,2023,345059295659.9111
Germany,DEU,GDP (current US$),NY.GDP.MKTP.CD,2023,4562207532490.276
Djibouti,DJI,GDP (current US$),NY.GDP.MKTP.CD,2023,3898447007.3879843
Dominica,DMA,GDP (current US$),NY.GDP.MKTP.CD,2023,659311111.111111
Denmark,DNK,GDP (current US$),NY.GDP.MKTP.CD,2023,404651706117.5568
Dominican Republic,DOM,GDP (current US$),NY.GDP.MKTP.CD,2023,120456239153.73875
Algeria,DZA,GDP (current US$),NY.GDP.MKTP.CD,2023,247923887214.6555
Ecuador,ECU,GDP (current US$),NY.GDP.MKTP.CD,2023,120792801000.0
"Egypt, Arab Rep.",EGY,GDP (current US$),NY.GDP.MKTP.CD,2023,395926071447.59143
Spain,ESP,GDP (current US$),NY.GDP.MKTP.CD,2023,1619481980719.6365
Estonia,EST,GDP (current US$),NY.GDP.MKTP.CD,2023,41470344395.108574
Ethiopia,ETH,GDP (current US$),NY.GDP.MKTP.CD,2023,135874093203.17973
Finland,FIN,GDP (current US$),NY.GDP.MKTP.CD,2023,295191741637.26013
Fiji,FJI,GDP (current US$),NY.GDP.MKTP.CD,2023,5476673518.137881
France,FRA,GDP (current US$),NY.GDP.MKTP.CD,2023,3056250648138.289
Faroe Islands,FRO,GDP (current US$),NY.GDP.MKTP.CD,2023,3943131022.229096
"Micronesia, Fed. Sts.",FSM,GDP (current US$),NY.GDP.MKTP.CD,2023,442975600.0
Gabon,GAB,GDP (current US$),NY.GDP.MKTP.CD,2023,19388372070.97782
United Kingdom,GBR,GDP (current US$),NY.GDP.MKTP.CD,2023,3420796653789.0806
Georgia,GEO,GDP (current US$),NY.GDP.MKTP.CD,2023,30777833600.651455
Ghana,GHA,GDP (current US$),NY.GDP.MKTP.CD,2023,80547146875.9526
Guinea,GIN,GDP (current US$),NY.GDP.MKTP.CD,2023,22407615556.057053
"Gambia, The",GMB,GDP (current US$),NY.GDP.MKTP.CD,2023,2382262185.3817883
Guinea-Bissau,GNB,GDP (current US$),NY.GDP.MKTP.CD,2023,2076748678.11987
Equatorial Guinea,GNQ,GDP (current US$),NY.GDP.MKTP.CD,2023,12541814272.802097
Greece,GRC,GDP (current US$),NY.GDP.MKTP.CD,2023,242946187738.26898
Grenada,GRD,GDP (current US$),NY.GDP.MKTP.CD,2023,1336418518.5185184
Greenland,GRL,GDP (current US$),NY.GDP.MKTP.CD,2023,3326543974.3919296
Guatemala,GTM,GDP (current US$),NY.GDP.MKTP.CD,2023,104298081428.76878
Guyana,GUY,GDP (current US$),NY.GDP.MKTP.CD,2023,16918503597.122303
"Hong Kong SAR, China",HKG,GDP (current US$),NY.GDP.MKTP.CD,2023,380762296025.2161
Honduras,HND,GDP (current US$),NY.GDP.MKTP.CD,2023,34355805527.97949
Croatia,HRV,GDP (current US$),NY.GDP.MKTP.CD,2023,85621337533.33484
Haiti,HTI,GDP (current US$),NY.GDP.MKTP.CD,2023,19572288894.15812
Hungary,HUN,GDP (current US$),NY.GDP.MKTP.CD,2023,213029511028.874
Indonesia,IDN,GDP (current US$),NY.GDP.MKTP.CD,2023,1371166925749.8774
Isle of Man,IMN,GDP (current US$),NY.GDP.MKTP.CD,2023,7576129932.793811
India,IND,GDP (current US$),NY.GDP.MKTP.CD,2023,3500906030644.764
Ireland,IRL,GDP (current US$),NY.GDP.MKTP.CD,2023,567372737459.1158
"Iran, Islamic Rep.",IRN,GDP (current US$),NY.GDP.MKTP.CD,2023,457510482317.4832
Iraq,IRQ,GDP (current US$),NY.GDP.MKTP.CD,2023,268881051643.54932
Iceland,ISL,GDP (current US$),NY.GDP.MKTP.CD,2023,31701996433.78074
Israel,ISR,GDP (current US$),NY.GDP.MKTP.CD,2023,513393395491.90405
Italy,ITA,GDP (current US$),NY.GDP.MKTP.CD,2023,2316882296366.3154
Jamaica,JAM,GDP (current US$),NY.GDP.MKTP.CD,2023,21418797832.821625
Jordan,JOR,GDP (current US$),NY.GDP.MKTP.CD,2023,56123472112.676056
Japan,JPN,GDP (current US$),NY.GDP.MKTP.CD,2023,4384854269961.9277
Kazakhstan,KAZ,GDP (current US$),NY.GDP.MKTP.CD,2023,261840101059.9235
Kenya,KEN,GDP (current US$),NY.GDP.MKTP.CD,2023,107500884685.01266
Kyrgyz Republic,KGZ,GDP (current US$),NY.GDP.MKTP.CD,2023,15180842369.489408
Cambodia,KHM,GDP (current US$),NY.GDP.MKTP.CD,2023,42335646895.798386
Kiribati,KIR,GDP (current US$),NY.GDP.MKTP.CD,2023,291657337.8395167
St. Kitts and Nevis,KNA,GDP (current US$),NY.GDP.MKTP.CD,2023,1055651851.8518518
"Korea, Rep.",KOR,GDP (current US$),NY.GDP.MKTP.CD,2023,1844800934391.5447
Kuwait,KWT,GDP (current US$),NY.GDP.MKTP.CD,2023,165462656226.77216
Lao PDR,LAO,GDP (current US$),NY.GDP.MKTP.CD,2023,15843155731.25518
Lebanon,LBN,GDP (current US$),NY.GDP.MKTP.CD,2023,20078620356.993057
Liberia,LBR,GDP (current US$),NY.GDP.MKTP.CD,2023,4390000000.0
Libya,LBY,GDP (current US$),NY.GDP.MKTP.CD,2023,44027664915.187004
St. Lucia,LCA,GDP (current US$),NY.GDP.MKTP.CD,2023,2441259259.259259
Liechtenstein,LIE,GDP (current US$),NY.GDP.MKTP.CD,2023,8239379403.22096
Sri Lanka,LKA,GDP (current US$),NY.GDP.MKTP.CD,2023,84080307355.59831
Lesotho,LSO,GDP (current US$),NY.GDP.MKTP.CD,2023,2129871529.5251703
Lithuania,LTU,GDP (current US$),NY.GDP.MKTP.CD,2023,80356613554.56024
Luxembourg,LUX,GDP (current US$),NY.GDP.MKTP.CD,2023,88788881539.39372
Latvia,LVA,GDP (current US$),NY.GDP.MKTP.CD,2023,42779550936.83801
"Macao SAR, China",MAC,GDP (current US$),NY.GDP.MKTP.CD,2023,45626467279.89096
Morocco,MAR,GDP (current US$),NY.GDP.MKTP.CD,2023,146036093666.76212
Monaco,MCO,GDP (current US$),NY.GDP.MKTP.CD,2023,10003897341.176647
Moldova,MDA,GDP (current US$),NY.GDP.MKTP.CD,2023,16711906746.213291
Madagascar,MDG,GDP (current US$),NY.GDP.MKTP.CD,2023,16036707975.756723
Maldives,MDV,GDP (current US$),NY.GDP.MKTP.CD,2023,6621008703.957433
Mexico,MEX,GDP (current US$),NY.GDP.MKTP.CD,2023,1794410347718.25
Marshall Islands,MHL,GDP (current US$),NY.GDP.MKTP.CD,2023,264000000.0
North Macedonia,MKD,GDP (current US$),NY.GDP.MKTP.CD,2023,15855131188.909191
Mali,MLI,GDP (current US$),NY.GDP.MKTP.CD,2023,24777941860.767044
Malta,MLT,GDP (current US$),NY.GDP.MKTP.CD,2023,22625329775.686672
Myanmar,MMR,GDP (current US$),NY.GDP.MKTP.CD,2023,66757619000.0
Montenegro,MNE,GDP (current US$),NY.GDP.MKTP.CD,2023,7643318276.403468
Mongolia,MNG,GDP (current US$),NY.GDP.MKTP.CD,2023,20325121393.907364
Mozambique,MOZ,GDP (current US$),NY.GDP.MKTP.CD,2023,20927498317.30941
Mauritania,MRT,GDP (current US$),NY.GDP.MKTP.CD,2023,10687541640.129868
Mauritius,MUS,GDP (current US$),NY.GDP.MKTP.CD,2023,14072212290.459597
Malawi,MWI,GDP (current US$),NY.GDP.MKTP.CD,2023,13363669672.940546
Malaysia,MYS,GDP (current US$),NY.GDP.MKTP.CD,2023,399949418752.6573
Namibia,NAM,GDP (current US$),NY.GDP.MKTP.CD,2023,12522012873.795668
New Caledonia,NCL,GDP (current US$),NY.GDP.MKTP.CD,2023,9769167530.357439
Niger,NER,GDP (current US$),NY.GDP.MKTP.CD,2023,16949765463.905842
Nigeria,NGA,GDP (current US$),NY.GDP.MKTP.CD,2023,487387801877.803
Nicaragua,NIC,GDP (current US$),NY.GDP.MKTP.CD,2023,17805842220.75709
Netherlands,NLD,GDP (current US$),NY.GDP.MKTP.CD,2023,1135475867551.0005
Norway,NOR,GDP (current US$),NY.GDP.MKTP.CD,2023,502197633322.81635
Nepal,NPL,GDP (current US$),NY.GDP.MKTP.CD,2023,41049329851.05462
Nauru,NRU,GDP (current US$),NY.GDP.MKTP.CD,2023,161531316.8840609
New Zealand,NZL,GDP (current US$),NY.GDP.MKTP.CD,2023,256372177757.7636
Oman,OMN,GDP (current US$),NY.GDP.MKTP.CD,2023,106174707932.37971
Pakistan,PAK,GDP (current US$),NY.GDP.MKTP.CD,2023,336686348609.2659
Panama,PAN,GDP (current US$),NY.GDP.MKTP.CD,2023,83812155200.0
Peru,PER,GDP (current US$),NY.GDP.MKTP.CD,2023,268025009709.31876
Philippines,PHL,GDP (current US$),NY.GDP.MKTP.CD,2023,437055627245.13763
Palau,PLW,GDP (current US$),NY.GDP.MKTP.CD,2023,276157406.25
Papua New Guinea,PNG,GDP (current US$),NY.GDP.MKTP.CD,2023,30816328065.649235
Poland,POL,GDP (current US$),NY.GDP.MKTP.CD,2023,812451193396.1426
Puerto Rico (US),PRI,GDP (current US$),NY.GDP.MKTP.CD,2023,118478754280.882
Portugal,PRT,GDP (current US$),NY.GDP.MKTP.CD,2023,292323800948.8385
Paraguay,PRY,GDP (current US$),NY.GDP.MKTP.CD,2023,43140465595.66622
West Bank and Gaza,PSE,GDP (current US$),NY.GDP.MKTP.CD,2023,18635100000.0
French Polynesia,PYF,GDP (current US$),NY.GDP.MKTP.CD,2023,6137447782.870664
Qatar,QAT,GDP (current US$),NY.GDP.MKTP.CD,2023,213002809340.65933
Romania,ROU,GDP (current US$),NY.GDP.MKTP.CD,2023,347757995758.91394
Russian Federation,RUS,GDP (current US$),NY.GDP.MKTP.CD,2023,2046284838151.092
Rwanda,RWA,GDP (current US$),NY.GDP.MKTP.CD,2023,14806501437.282022
Saudi Arabia,SAU,GDP (current US$),NY.GDP.MKTP.CD,2023,1218584800000.0
Sudan,SDN,GDP (current US$),NY.GDP.MKTP.CD,2023,39898289820.79505
Senegal,SEN,GDP (current US$),NY.GDP.MKTP.CD,2023,30696331295.782555
Singapore,SGP,GDP (current US$),NY.GDP.MKTP.CD,2023,511181761243.7601
Solomon Islands,SLB,GDP (current US$),NY.GDP.MKTP.CD,2023,1506124566.4040425
Sierra Leone,SLE,GDP (current US$),NY.GDP.MKTP.CD,2023,6415852766.092268
El Salvador,SLV,GDP (current US$),NY.GDP.MKTP.CD,2023,33565430000.0
San Marino,SMR,GDP (current US$),NY.GDP.MKTP.CD,2023,2027243193.5116045
"Somalia, Fed. Rep.",SOM,GDP (current US$),NY.GDP.MKTP.CD,2023,10958000000.0
Serbia,SRB,GDP (current US$),NY.GDP.MKTP.CD,2023,81343999280.01788
Sao Tome and Principe,STP,GDP (current US$),NY.GDP.MKTP.CD,2023,690456806.6964059
Suriname,SUR,GDP (current US$),NY.GDP.MKTP.CD,2023,3472693412.0849733
Slovak Republic,SVK,GDP (current US$),NY.GDP.MKTP.CD,2023,133578518423.54353
Slovenia,SVN,GDP (current US$),NY.GDP.MKTP.CD,2023,69255264238.38554
Sweden,SWE,GDP (current US$),NY.GDP.MKTP.CD,2023,578990915246.0703
Eswatini,SWZ,GDP (current US$),NY.GDP.MKTP.CD,2023,4621191261.842139
Sint Maarten (Dutch part),SXM,GDP (current US$),NY.GDP.MKTP.CD,2023,1686525977.6536312
Seychelles,SYC,GDP (current US$),NY.GDP.MKTP.CD,2023,2171547935.381593
Turks and Caicos Islands,TCA,GDP (current US$),NY.GDP.MKTP.CD,2023,1638653000.0
Chad,TCD,GDP (current US$),NY.GDP.MKTP.CD,2023,18352937976.217903
Togo,TGO,GDP (current US$),NY.GDP.MKTP.CD,2023,9723300576.72675
Thailand,THA,GDP (current US$),NY.GDP.MKTP.CD,2023,517013369475.1213
Tajikistan,TJK,GDP (current US$),NY.GDP.MKTP.CD,2023,12244169292.799824
Turkmenistan,TKM,GDP (current US$),NY.GDP.MKTP.CD,2023,39020211239.67284
Timor-Leste,TLS,GDP (current US$),NY.GDP.MKTP.CD,2023,2079767199.9999998
Tonga,TON,GDP (current US$),NY.GDP.MKTP.CD,2023,591139733.6237552
Trinidad and Tobago,TTO,GDP (current US$),NY.GDP.MKTP.CD,2023,25036993423.366383
Tunisia,TUN,GDP (current US$),NY.GDP.MKTP.CD,2023,48205328303.339775
Turkiye,TUR,GDP (current US$),NY.GDP.MKTP.CD,2023,1141242864657.4524
Tuvalu,TUV,GDP (current US$),NY.GDP.MKTP.CD,2023,62280311.585217156
Tanzania,TZA,GDP (current US$),NY.GDP.MKTP.CD,2023,79030935638.13165
Uganda,UGA,GDP (current US$),NY.GDP.MKTP.CD,2023,48768955863.31749
Ukraine,UKR,GDP (current US$),NY.GDP.MKTP.CD,2023,181221517868.74365
Uruguay,URY,GDP (current US$),NY.GDP.MKTP.CD,2023,79208725899.5531
United States,USA,GDP (current US$),NY.GDP.MKTP.CD,2023,27811517000000.0
Uzbekistan,UZB,GDP (current US$),NY.GDP.MKTP.CD,2023,107526539716.3175
St. Vincent and the Grenadines,VCT,GDP (current US$),NY.GDP.MKTP.CD,2023,1072237037.037037
"Venezuela, RB",VEN,GDP (current US$),NY.GDP.MKTP.CD,2023,102377501185.92535
Viet Nam,VNM,GDP (current US$),NY.GDP.MKTP.CD,2023,433805036898.465
Vanuatu,VUT,GDP (current US$),NY.GDP.MKTP.CD,2023,1188137265.1904712
Samoa,WSM,GDP (current US$),NY.GDP.MKTP.CD,2023,1044909500.0252702
Kosovo,XKX,GDP (current US$),NY.GDP.MKTP.CD,2023,10466753839.992342
South Africa,ZAF,GDP (current US$),NY.GDP.MKTP.CD,2023,381440724491.2316
Zambia,ZMB,GDP (current US$),NY.GDP.MKTP.CD,2023,27577956471.243988
Zimbabwe,ZWE,GDP (current US$),NY.GDP.MKTP.CD,2023,35871781303.42901
Aruba,ABW,GDP (current US$),NY.GDP.MKTP.CD,2024,4167588070.2921734
Afghanistan,AFG,GDP (current US$),NY.GDP.MKTP.CD,2024,17778508875.739643
Angola,AGO,GDP (current US$),NY.GDP.MKTP.CD,2024,103080538044.05838
Albania,ALB,GDP (current US$),NY.GDP.MKTP.CD,2024,27037474263.297684
Andorra,AND,GDP (current US$),NY.GDP.MKTP.CD,2024,4044249678.656249
United Arab Emirates,ARE,GDP (current US$),NY.GDP.MKTP.CD,2024,552324919095.8721
Argentina,ARG,GDP (current US$),NY.GDP.MKTP.CD,2024,638365455340.0404
Armenia,ARM,GDP (current US$),NY.GDP.MKTP.CD,2024,25955275380.03208
Antigua and Barbuda,ATG,GDP (current US$),NY.GDP.MKTP.CD,2024,2162366666.6666665
Australia,AUS,GDP (current US$),NY.GDP.MKTP.CD,2024,1757022451652.8313
Austria,AUT,GDP (current US$),NY.GDP.MKTP.CD,2024,534790720466.8218
Azerbaijan,AZE,GDP (current US$),NY.GDP.MKTP.CD,2024,74426000000.0
Burundi,BDI,GDP (current US$),NY.GDP.MKTP.CD,2024,3037579858.381424
Belgium,BEL,GDP (current US$),NY.GDP.MKTP.CD,2024,670983130618.828
Benin,BEN,GDP (current US$),NY.GDP.MKTP.CD,2024,21482643706.42485
Burkina Faso,BFA,GDP (current US$),NY.GDP.MKTP.CD,2024,23136514855.76458
Bangladesh,BGD,GDP (current US$),NY.GDP.MKTP.CD,2024,450119432068.85223
Bulgaria,BGR,GDP (current US$),NY.GDP.MKTP.CD,2024,113349149166.79312
Bahrain,BHR,GDP (current US$),NY.GDP.MKTP.CD,2024,47210732712.76596
"Bahamas, The",BHS,GDP (current US$),NY.GDP.MKTP.CD,2024,15832800000.0
Bosnia and Herzegovina,BIH,GDP (current US$),NY.GDP.MKTP.CD,2024,29737363103.049187
Belarus,BLR,GDP (current US$),NY.GDP.MKTP.CD,2024,78591839299.7087
Belize,BLZ,GDP (current US$),NY.GDP.MKTP.CD,2024,3203631800.0
Bermuda,BMU,GDP (current US$),NY.GDP.MKTP.CD,2024,9194499000.0
Bolivia,BOL,GDP (current US$),NY.GDP.MKTP.CD,2024,54881327452.96671
Brazil,BRA,GDP (current US$),NY.GDP.MKTP.CD,2024,2185821610689.3105
Barbados,BRB,GDP (current US$),NY.GDP.MKTP.CD,2024,7597571450.0
Brunei Darussalam,BRN,GDP (current US$),NY.GDP.MKTP.CD,2024,15340808592.479977
Bhutan,BTN,GDP (current US$),NY.GDP.MKTP.CD,2024,3346603858.7494993
Botswana,BWA,GDP (current US$),NY.GDP.MKTP.CD,2024,19286251067.50778
Central African Republic,CAF,GDP (current US$),NY.GDP.MKTP.CD,2024,2751494281.0688705
Canada,CAN,GDP (current US$),NY.GDP.MKTP.CD,2024,2270076189683.4556
Switzerland,CHE,GDP (current US$),NY.GDP.MKTP.CD,2024,969919786394.884
Chile,CHL,GDP (current US$),NY.GDP.MKTP.CD,2024,329260633698.7259
China,CHN,GDP (current US$),NY.GDP.MKTP.CD,2024,18729668435847.992
Cote d'Ivoire,CIV,GDP (current US$),NY.GDP.MKTP.CD,2024,87113179149.28401
Cameroon,CMR,GDP (current US$),NY.GDP.MKTP.CD,2024,53296694320.20565
"Congo, Dem. Rep.",COD,GDP (current US$),NY.GDP.MKTP.CD,2024,75716176105.07037
"Congo, Rep.",COG,GDP (current US$),NY.GDP.MKTP.CD,2024,15719986076.646381
Colombia,COL,GDP (current US$),NY.GDP.MKTP.CD,2024,420504033143.2112
Comoros,COM,GDP (current US$),NY.GDP.MKTP.CD,2024,1610082688.2661722
Cabo Verde,CPV,GDP (current US$),NY.GDP.MKTP.CD,2024,2713721857.3915305
Costa Rica,CRI,GDP (current US$),NY.GDP.MKTP.CD,2024,96715644330.66122
Curacao,CUW,GDP (current US$),NY.GDP.MKTP.CD,2024,3561178212.2905025
Cayman Islands,CYM,GDP (current US$),NY.GDP.MKTP.CD,2024,7765336505.34319
Cyprus,CYP,GDP (current US$),NY.GDP.MKTP.CD,2024,37634551820.73671
Czechia,CZE,GDP (current US$),NY.GDP.MKTP.CD,2024,347082562221.3772
Germany,DEU,GDP (current US$),NY.GDP.MKTP.CD,2024,4685592577804.687
Djibouti,DJI,GDP (current US$),NY.GDP.MKTP.CD,2024,4152145939.9845824
Dominica,DMA,GDP (current US$),NY.GDP.MKTP.CD,2024,688881481.4814814
Denmark,DNK,GDP (current US$),NY.GDP.MKTP.CD,2024,424524722037.047
Dominican Republic,DOM,GDP (current US$),NY.GDP.MKTP.CD,2024,124282245638.56845
Algeria,DZA,GDP (current US$),NY.GDP.MKTP.CD,2024,269322281664.77313
Ecuador,ECU,GDP (current US$),NY.GDP.MKTP.CD,2024,123802374000.0
"Egypt, Arab Rep.",EGY,GDP (current US$),NY.GDP.MKTP.CD,2024,389059910593.0999
Spain,ESP,GDP (current US$),NY.GDP.MKTP.CD,2024,1725671652742.1873
Estonia,EST,GDP (current US$),NY.GDP.MKTP.CD,2024,43130419829.34999
Ethiopia,ETH,GDP (current US$),NY.GDP.MKTP.CD,2024,149740297952.37485
Finland,FIN,GDP (current US$),NY.GDP.MKTP.CD,2024,298729432711.7187
Fiji,FJI,GDP (current US$),NY.GDP.MKTP.CD,2024,5968125909.27126
France,FRA,GDP (current US$),NY.GDP.MKTP.CD,2024,3160442622465.0776
Faroe Islands,FRO,GDP (current US$),NY.GDP.MKTP.CD,2024,4052937169.7653646
"Micronesia, Fed. Sts.",FSM,GDP (current US$),NY.GDP.MKTP.CD,2024,481121300.0
Gabon,GAB,GDP (current US$),NY.GDP.MKTP.CD,2024,20895684425.67522
United Kingdom,GBR,GDP (current US$),NY.GDP.MKTP.CD,2024,3695539513534.1543
Georgia,GEO,GDP (current US$),NY.GDP.MKTP.CD,2024,34189423333.140984
Ghana,GHA,GDP (current US$),NY.GDP.MKTP.CD,2024,83288585604.02676
Guinea,GIN,GDP (current US$),NY.GDP.MKTP.CD,2024,25008678293.407265
"Gambia, The",GMB,GDP (current US$),NY.GDP.MKTP.CD,2024,2404888737.5485344
Guinea-Bissau,GNB,GDP (current US$),NY.GDP.MKTP.CD,2024,2197777209.9421806
Equatorial Guinea,GNQ,GDP (current US$),NY.GDP.MKTP.CD,2024,13254388261.12576
Greece,GRC,GDP (current US$),NY.GDP.MKTP.CD,2024,256238371778.11792
Grenada,GRD,GDP (current US$),NY.GDP.MKTP.CD,2024,1351270370.3703704
Guatemala,GTM,GDP (current US$),NY.GDP.MKTP.CD,2024,113215575150.88539
Guyana,GUY,GDP (current US$),NY.GDP.MKTP.CD,2024,24662714628.297363
"Hong Kong SAR, China",HKG,GDP (current US$),NY.GDP.MKTP.CD,2024,408368682415.4233
Honduras,HND,GDP (current US$),NY.GDP.MKTP.CD,2024,36980171442.060295
Croatia,HRV,GDP (current US$),NY.GDP.MKTP.CD,2024,92981894167.96873
Haiti,HTI,GDP (current US$),NY.GDP.MKTP.CD,2024,24255657481.25016
Hungary,HUN,GDP (current US$),NY.GDP.MKTP.CD,2024,222848211034.36667
Indonesia,IDN,GDP (current US$),NY.GDP.MKTP.CD,2024,1396301788461.6938
India,IND,GDP (current US$),NY.GDP.MKTP.CD,2024,3760813470500.8564
Ireland,IRL,GDP (current US$),NY.GDP.MKTP.CD,2024,609157459747.2053
"Iran, Islamic Rep.",IRN,GDP (current US$),NY.GDP.MKTP.CD,2024,475252089215.4158
Iraq,IRQ,GDP (current US$),NY.GDP.MKTP.CD,2024,279641257615.38464
Iceland,ISL,GDP (current US$),NY.GDP.MKTP.CD,2024,33186621855.005337
Israel,ISR,GDP (current US$),NY.GDP.MKTP.CD,2024,542284494490.778
Italy,ITA,GDP (current US$),NY.GDP.MKTP.CD,2024,2383435562458.1245
Jamaica,JAM,GDP (current US$),NY.GDP.MKTP.CD,2024,22014429050.99953
Jordan,JOR,GDP (current US$),NY.GDP.MKTP.CD,2024,58618380563.38029
Japan,JPN,GDP (current US$),NY.GDP.MKTP.CD,2024,4190008188358.5737
Kazakhstan,KAZ,GDP (current US$),NY.GDP.MKTP.CD,2024,291480274648.8259
Kenya,KEN,GDP (current US$),NY.GDP.MKTP.CD,2024,120397537849.82584
Kyrgyz Republic,KGZ,GDP (current US$),NY.GDP.MKTP.CD,2024,18161630698.905235
Cambodia,KHM,GDP (current US$),NY.GDP.MKTP.CD,2024,46352647037.24056
Kiribati,KIR,GDP (current US$),NY.GDP.MKTP.CD,2024,343153235.0771237
St. Kitts and Nevis,KNA,GDP (current US$),NY.GDP.MKTP.CD,2024,1122388888.8888888
"Korea, Rep.",KOR,GDP (current US$),NY.GDP.MKTP.CD,2024,1875388209406.803
Kuwait,KWT,GDP (current US$),NY.GDP.MKTP.CD,2024,160903106639.2333
Lao PDR,LAO,GDP (current US$),NY.GDP.MKTP.CD,2024,16502933121.33794
Lebanon,LBN,GDP (current US$),NY.GDP.MKTP.CD,2024,25971643441.340782
Liberia,LBR,GDP (current US$),NY.GDP.MKTP.CD,2024,4779300900.0
Libya,LBY,GDP (current US$),NY.GDP.MKTP.CD,2024,48487151215.34504
St. Lucia,LCA,GDP (current US$),NY.GDP.MKTP.CD,2024,2605148148.148148
Liechtenstein,LIE,GDP (current US$),NY.GDP.MKTP.CD,2024,8905764270.4054
Sri Lanka,LKA,GDP (current US$),NY.GDP.MKTP.CD,2024,99616111265.76328
Lesotho,LSO,GDP (current US$),NY.GDP.MKTP.CD,2024,2391282547.8002806
Lithuania,LTU,GDP (current US$),NY.GDP.MKTP.CD,2024,85503938573.56639
Luxembourg,LUX,GDP (current US$),NY.GDP.MKTP.CD,2024,93279851863.40623
Latvia,LVA,GDP (current US$),NY.GDP.MKTP.CD,2024,44001275012.61405
"Macao SAR, China",MAC,GDP (current US$),NY.GDP.MKTP.CD,2024,49467258923.32439
Morocco,MAR,GDP (current US$),NY.GDP.MKTP.CD,2024,160610994054.7341
Monaco,MCO,GDP (current US$),NY.GDP.MKTP.CD,2024,11125788838.281248
Moldova,MDA,GDP (current US$),NY.GDP.MKTP.CD,2024,18206842140.761475
Madagascar,MDG,GDP (current US$),NY.GDP.MKTP.CD,2024,17592832696.133583
Maldives,MDV,GDP (current US$),NY.GDP.MKTP.CD,2024,7061608267.254508
Mexico,MEX,GDP (current US$),NY.GDP.MKTP.CD,2024,1830489311088.8923
Marshall Islands,MHL,GDP (current US$),NY.GDP.MKTP.CD,2024,285000000.0
North Macedonia,MKD,GDP (current US$),NY.GDP.MKTP.CD,2024,16951682221.396244
Mali,MLI,GDP (current US$),NY.GDP.MKTP.CD,2024,26761281076.76577
Malta,MLT,GDP (current US$),NY.GDP.MKTP.CD,2024,25042712191.32812
Myanmar,MMR,GDP (current US$),NY.GDP.MKTP.CD,2024,74068349523.80952
Montenegro,MNE,GDP (current US$),NY.GDP.MKTP.CD,2024,8274290505.963671
Mongolia,MNG,GDP (current US$),NY.GDP.MKTP.CD,2024,23794540024.513172
Mozambique,MOZ,GDP (current US$),NY.GDP.MKTP.CD,2024,22752244245.472965
Mauritania,MRT,GDP (current US$),NY.GDP.MKTP.CD,2024,10879212033.482285
Mauritius,MUS,GDP (current US$),NY.GDP.MKTP.CD,2024,14938055690.36086
Malawi,MWI,GDP (current US$),NY.GDP.MKTP.CD,2024,11311971400.386404
Malaysia,MYS,GDP (current US$),NY.GDP.MKTP.CD,2024,422227005428.68805
Namibia,NAM,GDP (current US$),NY.GDP.MKTP.CD,2024,13641190683.464113
New Caledonia,NCL,GDP (current US$),NY.GDP.MKTP.CD,2024,8548919387.126066
Niger,NER,GDP (current US$),NY.GDP.MKTP.CD,2024,19729786046.76176
Nigeria,NGA,GDP (current US$),NY.GDP.MKTP.CD,2024,252261880140.2709
Nicaragua,NIC,GDP (current US$),NY.GDP.MKTP.CD,2024,19696311850.32888
Netherlands,NLD,GDP (current US$),NY.GDP.MKTP.CD,2024,1213936238063.281
Norway,NOR,GDP (current US$),NY.GDP.MKTP.CD,2024,500886328034.1233
Nepal,NPL,GDP (current US$),NY.GDP.MKTP.CD,2024,43298911699.928406
Nauru,NRU,GDP (current US$),NY.GDP.MKTP.CD,2024,167833414.84617674
New Zealand,NZL,GDP (current US$),NY.GDP.MKTP.CD,2024,261497198363.90558
Oman,OMN,GDP (current US$),NY.GDP.MKTP.CD,2024,107137198699.60988
Pakistan,PAK,GDP (current US$),NY.GDP.MKTP.CD,2024,371747087751.3061
Panama,PAN,GDP (current US$),NY.GDP.MKTP.CD,2024,86523959100.0
Peru,PER,GDP (current US$),NY.GDP.MKTP.CD,2024,291751523018.9033
Philippines,PHL,GDP (current US$),NY.GDP.MKTP.CD,2024,461671157904.7403
Palau,PLW,GDP (current US$),NY.GDP.MKTP.CD,2024,321501812.5
Papua New Guinea,PNG,GDP (current US$),NY.GDP.MKTP.CD,2024,30803971189.410164
Poland,POL,GDP (current US$),NY.GDP.MKTP.CD,2024,917767106146.7615
Puerto Rico (US),PRI,GDP (current US$),NY.GDP.MKTP.CD,2024,126029527033.705
Portugal,PRT,GDP (current US$),NY.GDP.MKTP.CD,2024,313656884870.8585
Paraguay,PRY,GDP (current US$),NY.GDP.MKTP.CD,2024,44738819362.32694
West Bank and Gaza,PSE,GDP (current US$),NY.GDP.MKTP.CD,2024,16016900000.0
French Polynesia,PYF,GDP (current US$),NY.GDP.MKTP.CD,2024,6323716355.050094
Qatar,QAT,GDP (current US$),NY.GDP.MKTP.CD,2024,216294505494.5055
Romania,ROU,GDP (current US$),NY.GDP.MKTP.CD,2024,382564217988.8657
Russian Federation,RUS,GDP (current US$),NY.GDP.MKTP.CD,2024,2186462268813.0808
Rwanda,RWA,GDP (current US$),NY.GDP.MKTP.CD,2024,15111064181.968737
Saudi Arabia,SAU,GDP (current US$),NY.GDP.MKTP.CD,2024,1254140800000.0
Sudan,SDN,GDP (current US$),NY.GDP.MKTP.CD,2024,49672435513.1126
Senegal,SEN,GDP (current US$),NY.GDP.MKTP.CD,2024,32169996051.85015
Singapore,SGP,GDP (current US$),NY.GDP.MKTP.CD,2024,572877260178.427
Solomon Islands,SLB,GDP (current US$),NY.GDP.MKTP.CD,2024,1583964703.7506108
Sierra Leone,SLE,GDP (current US$),NY.GDP.MKTP.CD,2024,6971127234.072414
El Salvador,SLV,GDP (current US$),NY.GDP.MKTP.CD,2024,34879730000.0
"Somalia, Fed. Rep.",SOM,GDP (current US$),NY.GDP.MKTP.CD,2024,11967000000.0
Serbia,SRB,GDP (current US$),NY.GDP.MKTP.CD,2024,90088366320.40617
Sao Tome and Principe,STP,GDP (current US$),NY.GDP.MKTP.CD,2024,824992558.045383
Suriname,SUR,GDP (current US$),NY.GDP.MKTP.CD,2024,4416775112.722658
Slovak Republic,SVK,GDP (current US$),NY.GDP.MKTP.CD,2024,140934076532.37497
Slovenia,SVN,GDP (current US$),NY.GDP.MKTP.CD,2024,72972015197.38591
Sweden,SWE,GDP (current US$),NY.GDP.MKTP.CD,2024,604827393488.5822
Eswatini,SWZ,GDP (current US$),NY.GDP.MKTP.CD,2024,4858885840.772364
Sint Maarten (Dutch part),SXM,GDP (current US$),NY.GDP.MKTP.CD,2024,1797836648.0446928
Seychelles,SYC,GDP (current US$),NY.GDP.MKTP.CD,2024,2228608684.299111
Turks and Caicos Islands,TCA,GDP (current US$),NY.GDP.MKTP.CD,2024,1745378000.0
Chad,TCD,GDP (current US$),NY.GDP.MKTP.CD,2024,19906706689.758152
Togo,TGO,GDP (current US$),NY.GDP.MKTP.CD,2024,10643440332.244484
Thailand,THA,GDP (current US$),NY.GDP.MKTP.CD,2024,529385520941.53894
Tajikistan,TJK,GDP (current US$),NY.GDP.MKTP.CD,2024,14425113699.792545
Turkmenistan,TKM,GDP (current US$),NY.GDP.MKTP.CD,2024,44249447717.23122
Timor-Leste,TLS,GDP (current US$),NY.GDP.MKTP.CD,2024,1865608515.41321
Tonga,TON,GDP (current US$),NY.GDP.MKTP.CD,2024,647488243.8472905
Trinidad and Tobago,TTO,GDP (current US$),NY.GDP.MKTP.CD,2024,25633544529.484867
Tunisia,TUN,GDP (current US$),NY.GDP.MKTP.CD,2024,51412122479.84682
Turkiye,TUR,GDP (current US$),NY.GDP.MKTP.CD,2024,1359123768774.1223
Tanzania,TZA,GDP (current US$),NY.GDP.MKTP.CD,2024,79235713444.97768
Uganda,UGA,GDP (current US$),NY.GDP.MKTP.CD,2024,53911907079.048515
Ukraine,UKR,GDP (current US$),NY.GDP.MKTP.CD,2024,190833835445.1001
Uruguay,URY,GDP (current US$),NY.GDP.MKTP.CD,2024,82322859144.28165
United States,USA,GDP (current US$),NY.GDP.MKTP.CD,2024,29298013000000.0
Uzbekistan,UZB,GDP (current US$),NY.GDP.MKTP.CD,2024,121356065241.22758
St. Vincent and the Grenadines,VCT,GDP (current US$),NY.GDP.MKTP.CD,2024,1157207407.4074073
"Venezuela, RB",VEN,GDP (current US$),NY.GDP.MKTP.CD,2024,120566112397.06279
Viet Nam,VNM,GDP (current US$),NY.GDP.MKTP.CD,2024,476324572783.8072
Vanuatu,VUT,GDP (current US$),NY.GDP.MKTP.CD,2024,1297956614.777829
Samoa,WSM,GDP (current US$),NY.GDP.MKTP.CD,2024,1175749785.6511252
Kosovo,XKX,GDP (current US$),NY.GDP.MKTP.CD,2024,11203038332.335936
South Africa,ZAF,GDP (current US$),NY.GDP.MKTP.CD,2024,401144998373.5852
Zambia,ZMB,GDP (current US$),NY.GDP.MKTP.CD,2024,25303185342.251072
Zimbabwe,ZWE,GDP (current US$),NY.GDP.MKTP.CD,2024,41521975830.23513
