Country,Category,Parameter,Mode,Powertrain,Year,Unit,Value,Aggregate_Group
World,Historical,EV stock,2 and 3 wheelers,BEV,2024,Vehicles,79000000.0,_World
World,Historical,EV stock,2 and 3 wheelers,BEV,2023,Vehicles,69000000.0,_World
China,Historical,EV stock,2 and 3 wheelers,BEV,2024,Vehicles,67000000.0,Other
China,Historical,EV stock,2 and 3 wheelers,BEV,2023,Vehicles,60000000.0,Other
World,Historical,EV stock,2 and 3 wheelers,BEV,2022,Vehicles,53000000.0,_World
World,Historical,EV stock,2 and 3 wheelers,BEV,2021,Vehicles,48000000.0,_World
China,Historical,EV stock,2 and 3 wheelers,BEV,2022,Vehicles,46000000.0,Other
China,Historical,EV stock,2 and 3 wheelers,BEV,2021,Vehicles,42000000.0,Other
World,Historical,EV stock,Cars,BEV,2024,Vehicles,39000000.0,_World
World,Historical,EV stock,2 and 3 wheelers,BEV,2020,Vehicles,38000000.0,_World
China,Historical,EV stock,2 and 3 wheelers,BEV,2020,Vehicles,33000000.0,Other
World,Historical,EV stock,2 and 3 wheelers,BEV,2019,Vehicles,30000000.0,_World
World,Historical,EV stock,Cars,BEV,2023,Vehicles,28000000.0,_World
China,Historical,EV stock,2 and 3 wheelers,BEV,2019,Vehicles,26000000.0,Other
China,Historical,EV stock,Cars,BEV,2024,Vehicles,23000000.0,Other
World,Historical,EV stock,2 and 3 wheelers,BEV,2018,Vehicles,22000000.0,_World
China,Historical,EV stock,2 and 3 wheelers,BEV,2018,Vehicles,19000000.0,Other
World,Historical,EV stock,Cars,PHEV,2024,Vehicles,19000000.0,_World
World,Historical,EV stock,Cars,BEV,2022,Vehicles,18000000.0,_World
World,Historical,EV stock,2 and 3 wheelers,BEV,2017,Vehicles,17000000.0,_World
China,Historical,EV stock,Cars,BEV,2023,Vehicles,16000000.0,Other
China,Historical,EV stock,2 and 3 wheelers,BEV,2017,Vehicles,15000000.0,Other
World,Historical,EV stock,2 and 3 wheelers,BEV,2016,Vehicles,13000000.0,_World
China,Historical,EV stock,2 and 3 wheelers,BEV,2016,Vehicles,12000000.0,Other
World,Historical,EV stock,Cars,PHEV,2023,Vehicles,12000000.0,_World
China,Historical,EV sales,2 and 3 wheelers,BEV,2021,Vehicles,11000000.0,Other
China,Historical,EV stock,Cars,BEV,2022,Vehicles,11000000.0,Other
China,Historical,EV stock,Cars,PHEV,2024,Vehicles,11000000.0,Other
World,Historical,EV sales,2 and 3 wheelers,BEV,2021,Vehicles,11000000.0,_World
World,Historical,EV sales,Cars,BEV,2024,Vehicles,11000000.0,_World
World,Historical,EV stock,Cars,BEV,2021,Vehicles,11000000.0,_World
World,Historical,EV sales,2 and 3 wheelers,BEV,2023,Vehicles,10000000.0,_World
World,Historical,EV sales,2 and 3 wheelers,BEV,2024,Vehicles,10000000.0,_World
World,Historical,EV sales,2 and 3 wheelers,BEV,2022,Vehicles,9800000.0,_World
World,Historical,EV sales,Cars,BEV,2023,Vehicles,9500000.0,_World
World,Historical,EV stock,2 and 3 wheelers,BEV,2015,Vehicles,9400000.0,_World
China,Historical,EV stock,2 and 3 wheelers,BEV,2015,Vehicles,8800000.0,Other
World,Historical,EV sales,2 and 3 wheelers,BEV,2020,Vehicles,8800000.0,_World
China,Historical,EV sales,2 and 3 wheelers,BEV,2020,Vehicles,8200000.0,Other
China,Historical,EV sales,2 and 3 wheelers,BEV,2022,Vehicles,8000000.0,Other
World,Historical,EV stock,Cars,PHEV,2022,Vehicles,8000000.0,_World
China,Historical,EV sales,2 and 3 wheelers,BEV,2023,Vehicles,7800000.0,Other
World,Historical,EV sales,Cars,BEV,2022,Vehicles,7300000.0,_World
China,Historical,EV sales,2 and 3 wheelers,BEV,2024,Vehicles,7200000.0,Other
World,Historical,EV stock,Cars,BEV,2020,Vehicles,6800000.0,_World
World,Historical,EV sales,2 and 3 wheelers,BEV,2019,Vehicles,6700000.0,_World
India,Historical,EV stock,2 and 3 wheelers,BEV,2024,Vehicles,6600000.0,Other
World,Historical,EV sales,Cars,PHEV,2024,Vehicles,6500000.0,_World
China,Historical,EV sales,Cars,BEV,2024,Vehicles,6400000.0,Other
China,Historical,EV stock,Cars,BEV,2021,Vehicles,6200000.0,Other
China,Historical,EV sales,2 and 3 wheelers,BEV,2019,Vehicles,5800000.0,Other
China,Historical,EV stock,Cars,PHEV,2023,Vehicles,5800000.0,Other
China,Historical,EV sales,Cars,BEV,2023,Vehicles,5400000.0,Other
World,Historical,EV stock,Cars,PHEV,2021,Vehicles,5300000.0,_World
World,Historical,EV sales,2 and 3 wheelers,BEV,2018,Vehicles,5200000.0,_World
China,Historical,EV sales,Cars,PHEV,2024,Vehicles,4900000.0,Other
World,Historical,EV stock,Cars,BEV,2019,Vehicles,4800000.0,_World
India,Historical,EV stock,2 and 3 wheelers,BEV,2023,Vehicles,4700000.0,Other
United States,Historical,EV stock,Cars,BEV,2024,Vehicles,4700000.0,Other
World,Historical,EV sales,Cars,BEV,2021,Vehicles,4700000.0,_World
China,Historical,EV sales,2 and 3 wheelers,BEV,2018,Vehicles,4500000.0,Other
China,Historical,EV sales,Cars,BEV,2022,Vehicles,4400000.0,Other
World,Historical,EV sales,Cars,PHEV,2023,Vehicles,4200000.0,_World
World,Historical,EV sales,2 and 3 wheelers,BEV,2017,Vehicles,3600000.0,_World
China,Historical,EV stock,Cars,BEV,2020,Vehicles,3500000.0,Other
United States,Historical,EV stock,Cars,BEV,2023,Vehicles,3500000.0,Other
World,Historical,EV stock,Cars,PHEV,2020,Vehicles,3400000.0,_World
China,Historical,EV sales,2 and 3 wheelers,BEV,2017,Vehicles,3200000.0,Other
India,Historical,EV stock,2 and 3 wheelers,BEV,2022,Vehicles,3200000.0,Other
World,Historical,EV stock,Cars,BEV,2018,Vehicles,3200000.0,_World
China,Historical,EV stock,Cars,PHEV,2022,Vehicles,3100000.0,Other
World,Historical,EV sales,2 and 3 wheelers,BEV,2016,Vehicles,3100000.0,_World
World,Historical,EV sales,Cars,PHEV,2022,Vehicles,2900000.0,_World
China,Historical,EV sales,2 and 3 wheelers,BEV,2016,Vehicles,2800000.0,Other
World,Historical,EV sales,2 and 3 wheelers,BEV,2015,Vehicles,2800000.0,_World
China,Historical,EV sales,2 and 3 wheelers,BEV,2015,Vehicles,2700000.0,Other
China,Historical,EV sales,Cars,BEV,2021,Vehicles,2700000.0,Other
China,Historical,EV sales,Cars,PHEV,2023,Vehicles,2700000.0,Other
India,Historical,EV stock,2 and 3 wheelers,BEV,2021,Vehicles,2700000.0,Other
China,Historical,EV stock,Cars,BEV,2019,Vehicles,2600000.0,Other
World,Historical,EV stock,Cars,PHEV,2019,Vehicles,2400000.0,_World
India,Historical,EV stock,2 and 3 wheelers,BEV,2020,Vehicles,2200000.0,Other
United States,Historical,EV stock,Cars,BEV,2022,Vehicles,2100000.0,Other
India,Historical,EV stock,2 and 3 wheelers,BEV,2019,Vehicles,2000000.0,Other
World,Historical,EV sales,Cars,BEV,2020,Vehicles,2000000.0,_World
Germany,Historical,EV stock,Cars,BEV,2024,Vehicles,1900000.0,Other
India,Historical,EV sales,2 and 3 wheelers,BEV,2024,Vehicles,1900000.0,Other
World,Historical,EV stock,Vans,BEV,2024,Vehicles,1900000.0,_World
World,Historical,EV stock,Cars,BEV,2017,Vehicles,1900000.0,_World
World,Historical,EV sales,Cars,PHEV,2021,Vehicles,1900000.0,_World
World,Historical,EV stock,Cars,PHEV,2018,Vehicles,1900000.0,_World
China,Historical,EV stock,Cars,BEV,2018,Vehicles,1700000.0,Other
China,Historical,EV stock,Cars,PHEV,2021,Vehicles,1600000.0,Other
United States,Historical,EV stock,Cars,PHEV,2024,Vehicles,1600000.0,Other
Vietnam,Historical,EV stock,2 and 3 wheelers,BEV,2024,Vehicles,1600000.0,Other
China,Historical,EV sales,Cars,PHEV,2022,Vehicles,1500000.0,Other
Germany,Historical,EV stock,Cars,BEV,2023,Vehicles,1500000.0,Other
India,Historical,EV sales,2 and 3 wheelers,BEV,2023,Vehicles,1500000.0,Other
India,Historical,EV stock,2 and 3 wheelers,BEV,2018,Vehicles,1500000.0,Other
United States,Historical,EV stock,Cars,BEV,2021,Vehicles,1500000.0,Other
World,Historical,EV sales,Cars,BEV,2019,Vehicles,1500000.0,_World
United Kingdom,Historical,EV stock,Cars,BEV,2024,Vehicles,1400000.0,Other
World,Historical,EV sales,Cars,BEV,2018,Vehicles,1400000.0,_World
United States,Historical,EV stock,Cars,PHEV,2023,Vehicles,1300000.0,Other
Vietnam,Historical,EV stock,2 and 3 wheelers,BEV,2023,Vehicles,1300000.0,Other
World,Historical,EV stock,Vans,BEV,2023,Vehicles,1300000.0,_World
Germany,Historical,EV stock,Cars,PHEV,2024,Vehicles,1200000.0,Other
United States,Historical,EV sales,Cars,BEV,2024,Vehicles,1200000.0,Other
World,Historical,EV stock,Cars,BEV,2016,Vehicles,1200000.0,_World
World,Historical,EV stock,Cars,PHEV,2017,Vehicles,1200000.0,_World
China,Historical,EV stock,Vans,BEV,2024,Vehicles,1100000.0,Other
France,Historical,EV stock,Cars,BEV,2024,Vehicles,1100000.0,Other
United States,Historical,EV sales,Cars,BEV,2023,Vehicles,1100000.0,Other
United States,Historical,EV stock,Cars,BEV,2020,Vehicles,1100000.0,Other
Vietnam,Historical,EV stock,2 and 3 wheelers,BEV,2022,Vehicles,1100000.0,Other
Germany,Historical,EV stock,Cars,BEV,2022,Vehicles,1000000.0,Other
Germany,Historical,EV stock,Cars,PHEV,2023,Vehicles,1000000.0,Other
China,Historical,EV stock,Cars,PHEV,2020,Vehicles,990000.0,Other
France,Historical,EV stock,Cars,BEV,2023,Vehicles,980000.0,Other
India,Historical,EV sales,2 and 3 wheelers,BEV,2022,Vehicles,980000.0,Other
United Kingdom,Historical,EV stock,Cars,BEV,2023,Vehicles,980000.0,Other
World,Historical,EV sales,Cars,PHEV,2020,Vehicles,970000.0,_World
China,Historical,EV stock,Cars,BEV,2017,Vehicles,930000.0,Other
China,Historical,EV sales,Cars,BEV,2020,Vehicles,920000.0,Other
United States,Historical,EV stock,Cars,PHEV,2022,Vehicles,910000.0,Other
World,Historical,EV stock,Vans,BEV,2022,Vehicles,900000.0,_World
United States,Historical,EV stock,Cars,BEV,2019,Vehicles,880000.0,Other
Germany,Historical,EV stock,Cars,PHEV,2022,Vehicles,860000.0,Other
China,Historical,EV sales,Cars,BEV,2019,Vehicles,830000.0,Other
China,Historical,EV sales,Cars,BEV,2018,Vehicles,820000.0,Other
Vietnam,Historical,EV stock,2 and 3 wheelers,BEV,2021,Vehicles,820000.0,Other
United States,Historical,EV sales,Cars,BEV,2022,Vehicles,800000.0,Other
World,Historical,EV stock,Cars,PHEV,2016,Vehicles,800000.0,_World
China,Historical,EV stock,Cars,PHEV,2019,Vehicles,770000.0,Other
India,Historical,EV stock,2 and 3 wheelers,BEV,2017,Vehicles,770000.0,Other
United Kingdom,Historical,EV stock,Cars,PHEV,2024,Vehicles,770000.0,Other
World,Historical,EV sales,Cars,BEV,2017,Vehicles,760000.0,_World
Norway,Historical,EV stock,Cars,BEV,2024,Vehicles,750000.0,Other
World,Historical,EV stock,Buses,BEV,2024,Vehicles,730000.0,_World
World,Historical,EV stock,Cars,BEV,2015,Vehicles,730000.0,_World
United States,Historical,EV stock,Cars,PHEV,2021,Vehicles,720000.0,Other
Norway,Historical,EV stock,Cars,BEV,2023,Vehicles,690000.0,Other
China,Historical,EV stock,Vans,BEV,2023,Vehicles,680000.0,Other
World,Historical,EV stock,Buses,BEV,2023,Vehicles,660000.0,_World
China,Historical,EV stock,Buses,BEV,2024,Vehicles,650000.0,Other
France,Historical,EV stock,Cars,PHEV,2024,Vehicles,650000.0,Other
World,Historical,EV sales,Cars,PHEV,2018,Vehicles,650000.0,_World
United States,Historical,EV stock,Cars,BEV,2018,Vehicles,640000.0,Other
United States,Historical,EV stock,Cars,PHEV,2020,Vehicles,640000.0,Other
World,Historical,EV sales,Vans,BEV,2024,Vehicles,640000.0,_World
Germany,Historical,EV stock,Cars,PHEV,2021,Vehicles,630000.0,Other
Canada,Historical,EV stock,Cars,BEV,2024,Vehicles,620000.0,Other
France,Historical,EV stock,Cars,BEV,2022,Vehicles,620000.0,Other
Germany,Historical,EV stock,Cars,BEV,2021,Vehicles,620000.0,Other
World,Historical,EV stock,Vans,BEV,2021,Vehicles,620000.0,_World
World,Historical,EV stock,Buses,BEV,2022,Vehicles,610000.0,_World
China,Historical,EV stock,Buses,BEV,2023,Vehicles,600000.0,Other
United Kingdom,Historical,EV stock,Cars,PHEV,2023,Vehicles,600000.0,Other
France,Historical,EV stock,Cars,PHEV,2023,Vehicles,590000.0,Other
Netherlands,Historical,EV stock,Cars,BEV,2024,Vehicles,590000.0,Other
Norway,Historical,EV stock,Cars,BEV,2022,Vehicles,590000.0,Other
World,Historical,EV sales,Cars,PHEV,2019,Vehicles,580000.0,_World
China,Historical,EV stock,Buses,BEV,2022,Vehicles,570000.0,Other
United States,Historical,EV stock,Cars,PHEV,2019,Vehicles,570000.0,Other
Vietnam,Historical,EV stock,2 and 3 wheelers,BEV,2020,Vehicles,570000.0,Other
China,Historical,EV sales,Cars,PHEV,2021,Vehicles,550000.0,Other
United Kingdom,Historical,EV stock,Cars,BEV,2022,Vehicles,550000.0,Other
World,Historical,EV stock,Buses,BEV,2021,Vehicles,550000.0,_World
China,Historical,EV stock,Cars,PHEV,2018,Vehicles,540000.0,Other
South Korea,Historical,EV stock,Cars,BEV,2024,Vehicles,540000.0,Other
China,Historical,EV stock,Buses,BEV,2021,Vehicles,530000.0,Other
Germany,Historical,EV sales,Cars,BEV,2023,Vehicles,520000.0,Other
World,Historical,EV stock,Cars,PHEV,2015,Vehicles,520000.0,_World
World,Historical,EV stock,Buses,BEV,2020,Vehicles,500000.0,_World
China,Historical,EV stock,Buses,BEV,2020,Vehicles,480000.0,Other
United States,Historical,EV stock,Cars,PHEV,2018,Vehicles,480000.0,Other
China,Historical,EV sales,Cars,BEV,2017,Vehicles,470000.0,Other
Germany,Historical,EV sales,Cars,BEV,2022,Vehicles,470000.0,Other
United States,Historical,EV sales,Cars,BEV,2021,Vehicles,470000.0,Other
World,Historical,EV sales,Cars,BEV,2016,Vehicles,470000.0,_World
China,Historical,EV stock,Vans,BEV,2022,Vehicles,460000.0,Other
China,Historical,EV stock,Cars,BEV,2016,Vehicles,460000.0,Other
Indonesia,Historical,EV stock,2 and 3 wheelers,BEV,2024,Vehicles,460000.0,Other
Netherlands,Historical,EV stock,Cars,BEV,2023,Vehicles,460000.0,Other
World,Historical,EV stock,Vans,BEV,2020,Vehicles,460000.0,_World
China,Historical,EV sales,Vans,BEV,2024,Vehicles,450000.0,Other
Norway,Historical,EV stock,Cars,BEV,2021,Vehicles,450000.0,Other
World,Historical,EV sales,Vans,BEV,2023,Vehicles,450000.0,_World
France,Historical,EV stock,Cars,BEV,2021,Vehicles,440000.0,Other
World,Historical,EV stock,Buses,BEV,2019,Vehicles,440000.0,_World
World,Historical,EV sales,Cars,PHEV,2017,Vehicles,440000.0,_World
China,Historical,EV stock,Buses,BEV,2019,Vehicles,430000.0,Other
France,Historical,EV stock,Cars,PHEV,2022,Vehicles,430000.0,Other
South Korea,Historical,EV stock,Cars,BEV,2023,Vehicles,420000.0,Other
United States,Historical,EV stock,Cars,BEV,2017,Vehicles,400000.0,Other
United Kingdom,Historical,EV stock,Cars,PHEV,2022,Vehicles,400000.0,Other
World,Historical,EV stock,Trucks,BEV,2024,Vehicles,400000.0,_World
Netherlands,Historical,EV stock,Cars,PHEV,2024,Vehicles,390000.0,Other
World,Historical,EV stock,Vans,BEV,2019,Vehicles,390000.0,_World
Canada,Historical,EV stock,Cars,BEV,2023,Vehicles,380000.0,Other
Germany,Historical,EV sales,Cars,BEV,2024,Vehicles,380000.0,Other
United Kingdom,Historical,EV sales,Cars,BEV,2024,Vehicles,380000.0,Other
United Kingdom,Historical,EV stock,Cars,BEV,2021,Vehicles,380000.0,Other
World,Historical,EV stock,Buses,BEV,2018,Vehicles,370000.0,_World
China,Historical,EV stock,Buses,BEV,2018,Vehicles,360000.0,Other
China,Historical,EV stock,Trucks,BEV,2024,Vehicles,360000.0,Other
Germany,Historical,EV sales,Cars,BEV,2021,Vehicles,360000.0,Other
Germany,Historical,EV sales,Cars,PHEV,2022,Vehicles,360000.0,Other
Sweden,Historical,EV stock,Cars,BEV,2024,Vehicles,360000.0,Other
United States,Historical,EV stock,Cars,PHEV,2017,Vehicles,360000.0,Other
Vietnam,Historical,EV stock,2 and 3 wheelers,BEV,2019,Vehicles,360000.0,Other
Belgium,Historical,EV stock,Cars,PHEV,2024,Vehicles,350000.0,Other
Indonesia,Historical,EV stock,2 and 3 wheelers,BEV,2023,Vehicles,350000.0,Other
Denmark,Historical,EV stock,Cars,BEV,2024,Vehicles,340000.0,Other
Japan,Historical,EV stock,Cars,BEV,2024,Vehicles,340000.0,Other
Netherlands,Historical,EV stock,Cars,BEV,2022,Vehicles,340000.0,Other
Norway,Historical,EV stock,Cars,BEV,2020,Vehicles,340000.0,Other
China,Historical,EV stock,Vans,BEV,2021,Vehicles,330000.0,Other
Germany,Historical,EV sales,Cars,PHEV,2021,Vehicles,330000.0,Other
United Kingdom,Historical,EV stock,Cars,PHEV,2021,Vehicles,330000.0,Other
World,Historical,EV sales,Cars,BEV,2015,Vehicles,330000.0,_World
Belgium,Historical,EV stock,Cars,BEV,2024,Vehicles,320000.0,Other
India,Historical,EV sales,2 and 3 wheelers,BEV,2021,Vehicles,320000.0,Other
United States,Historical,EV sales,Cars,PHEV,2024,Vehicles,320000.0,Other
France,Historical,EV sales,Cars,BEV,2023,Vehicles,310000.0,Other
Germany,Historical,EV stock,Cars,BEV,2020,Vehicles,310000.0,Other
Sweden,Historical,EV stock,Cars,PHEV,2024,Vehicles,310000.0,Other
United Kingdom,Historical,EV sales,Cars,BEV,2023,Vehicles,310000.0,Other
World,Historical,EV sales,Vans,BEV,2022,Vehicles,310000.0,_World
World,Historical,EV stock,Vans,BEV,2018,Vehicles,310000.0,_World
World,Historical,EV sales,Cars,PHEV,2016,Vehicles,310000.0,_World
World,Historical,EV stock,Trucks,BEV,2023,Vehicles,310000.0,_World
France,Historical,EV sales,Cars,BEV,2024,Vehicles,300000.0,Other
France,Historical,EV stock,Cars,PHEV,2021,Vehicles,300000.0,Other
Germany,Historical,EV stock,Cars,PHEV,2020,Vehicles,300000.0,Other
Italy,Historical,EV stock,Cars,BEV,2024,Vehicles,300000.0,Other
Italy,Historical,EV stock,Cars,PHEV,2024,Vehicles,300000.0,Other
South Korea,Historical,EV stock,Cars,BEV,2022,Vehicles,300000.0,Other
United States,Historical,EV stock,Cars,BEV,2016,Vehicles,300000.0,Other
China,Historical,EV stock,Trucks,BEV,2023,Vehicles,290000.0,Other
Indonesia,Historical,EV stock,2 and 3 wheelers,BEV,2022,Vehicles,290000.0,Other
Japan,Historical,EV stock,Cars,BEV,2023,Vehicles,290000.0,Other
Sweden,Historical,EV stock,Cars,BEV,2023,Vehicles,290000.0,Other
United States,Historical,EV sales,Cars,PHEV,2023,Vehicles,290000.0,Other
Belgium,Historical,EV stock,Cars,PHEV,2023,Vehicles,280000.0,Other
Canada,Historical,EV stock,Cars,BEV,2022,Vehicles,280000.0,Other
China,Historical,EV stock,Buses,BEV,2017,Vehicles,280000.0,Other
China,Historical,EV stock,Cars,PHEV,2017,Vehicles,280000.0,Other
France,Historical,EV stock,Cars,BEV,2020,Vehicles,280000.0,Other
Japan,Historical,EV stock,Cars,PHEV,2024,Vehicles,280000.0,Other
World,Historical,EV stock,Buses,BEV,2017,Vehicles,280000.0,_World
China,Historical,EV stock,Vans,BEV,2020,Vehicles,270000.0,Other
China,Historical,EV sales,Cars,PHEV,2018,Vehicles,270000.0,Other
Netherlands,Historical,EV stock,Cars,PHEV,2023,Vehicles,270000.0,Other
Sweden,Historical,EV stock,Cars,PHEV,2023,Vehicles,270000.0,Other
United States,Historical,EV stock,Cars,PHEV,2016,Vehicles,270000.0,Other
United Kingdom,Historical,EV sales,Cars,BEV,2022,Vehicles,270000.0,Other
China,Historical,EV sales,Cars,BEV,2016,Vehicles,260000.0,Other
India,Historical,EV stock,2 and 3 wheelers,BEV,2016,Vehicles,260000.0,Other
Vietnam,Historical,EV sales,2 and 3 wheelers,BEV,2022,Vehicles,260000.0,Other
World,Historical,EV stock,Trucks,BEV,2022,Vehicles,260000.0,_World
Australia,Historical,EV stock,Cars,BEV,2024,Vehicles,250000.0,Other
China,Historical,EV stock,Vans,BEV,2019,Vehicles,250000.0,Other
China,Historical,EV stock,Trucks,BEV,2022,Vehicles,250000.0,Other
India,Historical,EV stock,2 and 3 wheelers,BEV,2015,Vehicles,250000.0,Other
Italy,Historical,EV stock,Cars,PHEV,2023,Vehicles,250000.0,Other
Japan,Historical,EV stock,Cars,PHEV,2023,Vehicles,250000.0,Other
Netherlands,Historical,EV stock,Cars,BEV,2021,Vehicles,250000.0,Other
Turkey,Historical,EV stock,2 and 3 wheelers,BEV,2024,Vehicles,250000.0,Other
Vietnam,Historical,EV sales,2 and 3 wheelers,BEV,2021,Vehicles,250000.0,Other
Vietnam,Historical,EV sales,2 and 3 wheelers,BEV,2023,Vehicles,250000.0,Other
Vietnam,Historical,EV sales,2 and 3 wheelers,BEV,2024,Vehicles,250000.0,Other
Canada,Historical,EV stock,Cars,PHEV,2024,Vehicles,240000.0,Other
China,Historical,EV sales,Vans,BEV,2023,Vehicles,240000.0,Other
India,Historical,EV stock,Cars,BEV,2024,Vehicles,240000.0,Other
Italy,Historical,EV stock,Cars,BEV,2023,Vehicles,240000.0,Other
Spain,Historical,EV stock,Cars,PHEV,2024,Vehicles,240000.0,Other
Sweden,Historical,EV stock,Cars,PHEV,2022,Vehicles,240000.0,Other
United States,Historical,EV sales,Cars,BEV,2018,Vehicles,240000.0,Other
United States,Historical,EV sales,Cars,BEV,2019,Vehicles,240000.0,Other
China,Historical,EV sales,Cars,PHEV,2019,Vehicles,230000.0,Other
United States,Historical,EV sales,Cars,BEV,2020,Vehicles,230000.0,Other
World,Historical,EV stock,Trucks,BEV,2021,Vehicles,230000.0,_World
China,Historical,EV sales,Cars,PHEV,2020,Vehicles,220000.0,Other
China,Historical,EV stock,Trucks,BEV,2021,Vehicles,220000.0,Other
Norway,Historical,EV stock,Cars,BEV,2019,Vehicles,220000.0,Other
Switzerland,Historical,EV stock,Cars,BEV,2024,Vehicles,220000.0,Other
United Kingdom,Historical,EV stock,Cars,PHEV,2020,Vehicles,220000.0,Other
China,Historical,EV stock,Cars,BEV,2015,Vehicles,210000.0,Other
China,Historical,EV stock,Trucks,BEV,2020,Vehicles,210000.0,Other
France,Historical,EV sales,Cars,BEV,2022,Vehicles,210000.0,Other
Japan,Historical,EV stock,Cars,BEV,2022,Vehicles,210000.0,Other
Norway,Historical,EV stock,Cars,PHEV,2023,Vehicles,210000.0,Other
Norway,Historical,EV stock,Cars,PHEV,2024,Vehicles,210000.0,Other
Spain,Historical,EV stock,Cars,BEV,2024,Vehicles,210000.0,Other
United States,Historical,EV stock,Cars,BEV,2015,Vehicles,210000.0,Other
Vietnam,Historical,EV sales,2 and 3 wheelers,BEV,2020,Vehicles,210000.0,Other
World,Historical,EV stock,Trucks,BEV,2020,Vehicles,210000.0,_World
Austria,Historical,EV stock,Cars,BEV,2024,Vehicles,200000.0,Other
China,Historical,EV stock,Vans,BEV,2018,Vehicles,200000.0,Other
Denmark,Historical,EV stock,Cars,BEV,2023,Vehicles,200000.0,Other
Germany,Historical,EV sales,Cars,PHEV,2020,Vehicles,200000.0,Other
Japan,Historical,EV stock,Cars,PHEV,2022,Vehicles,200000.0,Other
Norway,Historical,EV stock,Cars,PHEV,2022,Vehicles,200000.0,Other
Spain,Historical,EV stock,Cars,PHEV,2023,Vehicles,200000.0,Other
Sweden,Historical,EV stock,Cars,BEV,2022,Vehicles,200000.0,Other
World,Historical,EV stock,Vans,BEV,2017,Vehicles,200000.0,_World
World,Historical,EV stock,Trucks,BEV,2019,Vehicles,200000.0,_World
Belgium,Historical,EV stock,Cars,BEV,2023,Vehicles,190000.0,Other
Canada,Historical,EV sales,Cars,BEV,2024,Vehicles,190000.0,Other
Canada,Historical,EV stock,Cars,BEV,2021,Vehicles,190000.0,Other
China,Historical,EV stock,Buses,BEV,2016,Vehicles,190000.0,Other
China,Historical,EV stock,Trucks,BEV,2019,Vehicles,190000.0,Other
Germany,Historical,EV sales,Cars,BEV,2020,Vehicles,190000.0,Other
Germany,Historical,EV sales,Cars,PHEV,2024,Vehicles,190000.0,Other
Netherlands,Historical,EV stock,Cars,PHEV,2022,Vehicles,190000.0,Other
South Korea,Historical,EV stock,Cars,BEV,2021,Vehicles,190000.0,Other
Sweden,Historical,EV stock,Cars,PHEV,2021,Vehicles,190000.0,Other
United States,Historical,EV sales,Cars,PHEV,2022,Vehicles,190000.0,Other
United States,Historical,EV stock,Cars,PHEV,2015,Vehicles,190000.0,Other
United Kingdom,Historical,EV sales,Cars,BEV,2021,Vehicles,190000.0,Other
United Kingdom,Historical,EV stock,Cars,BEV,2020,Vehicles,190000.0,Other
Vietnam,Historical,EV sales,2 and 3 wheelers,BEV,2019,Vehicles,190000.0,Other
World,Historical,EV stock,Buses,BEV,2016,Vehicles,190000.0,_World
World,Historical,EV sales,Cars,PHEV,2015,Vehicles,190000.0,_World
Belgium,Historical,EV stock,Cars,PHEV,2022,Vehicles,180000.0,Other
France,Historical,EV stock,2 and 3 wheelers,BEV,2024,Vehicles,180000.0,Other
Germany,Historical,EV sales,Cars,PHEV,2023,Vehicles,180000.0,Other
Italy,Historical,EV stock,Cars,PHEV,2022,Vehicles,180000.0,Other
Japan,Historical,EV stock,Cars,PHEV,2021,Vehicles,180000.0,Other
Netherlands,Historical,EV stock,Cars,BEV,2020,Vehicles,180000.0,Other
Norway,Historical,EV stock,Cars,PHEV,2021,Vehicles,180000.0,Other
Switzerland,Historical,EV stock,Cars,BEV,2023,Vehicles,180000.0,Other
Turkey,Historical,EV stock,Cars,BEV,2024,Vehicles,180000.0,Other
Vietnam,Historical,EV stock,2 and 3 wheelers,BEV,2018,Vehicles,180000.0,Other
Canada,Historical,EV stock,Cars,PHEV,2023,Vehicles,170000.0,Other
China,Historical,EV sales,Vans,BEV,2022,Vehicles,170000.0,Other
China,Historical,EV stock,Cars,PHEV,2016,Vehicles,170000.0,Other
China,Historical,EV stock,Trucks,BEV,2018,Vehicles,170000.0,Other
France,Historical,EV sales,Cars,BEV,2021,Vehicles,170000.0,Other
France,Historical,EV stock,Cars,BEV,2019,Vehicles,170000.0,Other
Indonesia,Historical,EV stock,2 and 3 wheelers,BEV,2021,Vehicles,170000.0,Other
Italy,Historical,EV stock,Cars,BEV,2022,Vehicles,170000.0,Other
United Kingdom,Historical,EV sales,Cars,PHEV,2024,Vehicles,170000.0,Other
World,Historical,EV stock,Trucks,BEV,2018,Vehicles,170000.0,_World
Austria,Historical,EV stock,Cars,BEV,2023,Vehicles,160000.0,Other
France,Historical,EV sales,Cars,PHEV,2023,Vehicles,160000.0,Other
France,Historical,EV stock,Cars,PHEV,2020,Vehicles,160000.0,Other
India,Historical,EV sales,2 and 3 wheelers,BEV,2019,Vehicles,160000.0,Other
Israel,Historical,EV stock,Cars,BEV,2024,Vehicles,160000.0,Other
Japan,Historical,EV stock,Cars,BEV,2021,Vehicles,160000.0,Other
Japan,Historical,EV stock,Cars,PHEV,2020,Vehicles,160000.0,Other
Netherlands,Historical,EV stock,2 and 3 wheelers,BEV,2024,Vehicles,160000.0,Other
Norway,Historical,EV stock,Cars,BEV,2018,Vehicles,160000.0,Other
Spain,Historical,EV stock,Cars,BEV,2023,Vehicles,160000.0,Other
Thailand,Historical,EV stock,Cars,BEV,2024,Vehicles,160000.0,Other
United States,Historical,EV sales,Cars,PHEV,2021,Vehicles,160000.0,Other
United Kingdom,Historical,EV stock,Cars,PHEV,2019,Vehicles,160000.0,Other
World,Historical,EV sales,Vans,BEV,2021,Vehicles,160000.0,_World
Australia,Historical,EV stock,Cars,BEV,2023,Vehicles,150000.0,Other
China,Historical,EV sales,Cars,BEV,2015,Vehicles,150000.0,Other
Finland,Historical,EV stock,Cars,PHEV,2024,Vehicles,150000.0,Other
France,Historical,EV stock,2 and 3 wheelers,BEV,2023,Vehicles,150000.0,Other
France,Historical,EV sales,Cars,PHEV,2024,Vehicles,150000.0,Other
India,Historical,EV stock,Cars,BEV,2023,Vehicles,150000.0,Other
Netherlands,Historical,EV stock,2 and 3 wheelers,BEV,2023,Vehicles,150000.0,Other
Norway,Historical,EV stock,Cars,PHEV,2020,Vehicles,150000.0,Other
South Korea,Historical,EV stock,Vans,BEV,2024,Vehicles,150000.0,Other
Finland,Historical,EV stock,Cars,PHEV,2023,Vehicles,140000.0,Other
France,Historical,EV sales,Cars,PHEV,2021,Vehicles,140000.0,Other
Germany,Historical,EV stock,Cars,BEV,2019,Vehicles,140000.0,Other
Japan,Historical,EV stock,Cars,BEV,2020,Vehicles,140000.0,Other
Japan,Historical,EV stock,Cars,PHEV,2019,Vehicles,140000.0,Other
Netherlands,Historical,EV stock,2 and 3 wheelers,BEV,2022,Vehicles,140000.0,Other
Netherlands,Historical,EV stock,Cars,PHEV,2021,Vehicles,140000.0,Other
Norway,Historical,EV sales,Cars,BEV,2022,Vehicles,140000.0,Other
United Kingdom,Historical,EV sales,Cars,PHEV,2023,Vehicles,140000.0,Other
World,Historical,EV stock,Trucks,BEV,2017,Vehicles,140000.0,_World
Belgium,Historical,EV sales,Cars,BEV,2024,Vehicles,130000.0,Other
Canada,Historical,EV sales,Cars,BEV,2023,Vehicles,130000.0,Other
Canada,Historical,EV stock,Cars,BEV,2020,Vehicles,130000.0,Other
Canada,Historical,EV stock,Cars,PHEV,2022,Vehicles,130000.0,Other
China,Historical,EV stock,Trucks,BEV,2017,Vehicles,130000.0,Other
France,Historical,EV sales,Cars,PHEV,2022,Vehicles,130000.0,Other
India,Historical,EV sales,2 and 3 wheelers,BEV,2018,Vehicles,130000.0,Other
Netherlands,Historical,EV sales,Cars,BEV,2024,Vehicles,130000.0,Other
Portugal,Historical,EV stock,Cars,BEV,2024,Vehicles,130000.0,Other
South Korea,Historical,EV stock,Vans,BEV,2023,Vehicles,130000.0,Other
Spain,Historical,EV stock,Cars,PHEV,2022,Vehicles,130000.0,Other
Switzerland,Historical,EV stock,Cars,BEV,2022,Vehicles,130000.0,Other
Turkey,Historical,EV stock,2 and 3 wheelers,BEV,2023,Vehicles,130000.0,Other
United Kingdom,Historical,EV stock,Cars,PHEV,2018,Vehicles,130000.0,Other
Belgium,Historical,EV stock,Cars,PHEV,2021,Vehicles,120000.0,Other
Brazil,Historical,EV stock,Cars,PHEV,2024,Vehicles,120000.0,Other
China,Historical,EV stock,Vans,BEV,2017,Vehicles,120000.0,Other
Denmark,Historical,EV stock,Cars,PHEV,2024,Vehicles,120000.0,Other
France,Historical,EV stock,Cars,BEV,2018,Vehicles,120000.0,Other
India,Historical,EV sales,2 and 3 wheelers,BEV,2020,Vehicles,120000.0,Other
Indonesia,Historical,EV sales,2 and 3 wheelers,BEV,2022,Vehicles,120000.0,Other
Italy,Historical,EV stock,Cars,BEV,2021,Vehicles,120000.0,Other
Japan,Historical,EV stock,Cars,BEV,2019,Vehicles,120000.0,Other
Japan,Historical,EV stock,Cars,PHEV,2018,Vehicles,120000.0,Other
Norway,Historical,EV stock,Cars,BEV,2017,Vehicles,120000.0,Other
South Korea,Historical,EV sales,Cars,BEV,2022,Vehicles,120000.0,Other
South Korea,Historical,EV sales,Cars,BEV,2023,Vehicles,120000.0,Other
South Korea,Historical,EV sales,Cars,BEV,2024,Vehicles,120000.0,Other
South Korea,Historical,EV stock,Cars,BEV,2020,Vehicles,120000.0,Other
Sweden,Historical,EV stock,Cars,PHEV,2020,Vehicles,120000.0,Other
Switzerland,Historical,EV stock,Cars,PHEV,2024,Vehicles,120000.0,Other
Turkey,Historical,EV sales,2 and 3 wheelers,BEV,2024,Vehicles,120000.0,Other
United States,Historical,EV sales,Cars,PHEV,2018,Vehicles,120000.0,Other
United Kingdom,Historical,EV sales,Cars,PHEV,2021,Vehicles,120000.0,Other
World,Historical,EV stock,Vans,BEV,2016,Vehicles,120000.0,_World
Austria,Historical,EV stock,Cars,BEV,2022,Vehicles,110000.0,Other
Canada,Historical,EV stock,Cars,PHEV,2021,Vehicles,110000.0,Other
China,Historical,EV sales,Cars,PHEV,2017,Vehicles,110000.0,Other
Denmark,Historical,EV stock,Cars,BEV,2022,Vehicles,110000.0,Other
Denmark,Historical,EV stock,Cars,PHEV,2023,Vehicles,110000.0,Other
Finland,Historical,EV stock,Cars,BEV,2024,Vehicles,110000.0,Other
France,Historical,EV stock,2 and 3 wheelers,BEV,2022,Vehicles,110000.0,Other
France,Historical,EV stock,Vans,BEV,2024,Vehicles,110000.0,Other
France,Historical,EV sales,Cars,BEV,2020,Vehicles,110000.0,Other
Italy,Historical,EV stock,Cars,PHEV,2021,Vehicles,110000.0,Other
Japan,Historical,EV stock,Cars,BEV,2018,Vehicles,110000.0,Other
Netherlands,Historical,EV stock,2 and 3 wheelers,BEV,2021,Vehicles,110000.0,Other
Netherlands,Historical,EV sales,Cars,BEV,2023,Vehicles,110000.0,Other
Netherlands,Historical,EV stock,Cars,BEV,2019,Vehicles,110000.0,Other
Netherlands,Historical,EV stock,Cars,PHEV,2020,Vehicles,110000.0,Other
Norway,Historical,EV sales,Cars,BEV,2021,Vehicles,110000.0,Other
Norway,Historical,EV sales,Cars,BEV,2024,Vehicles,110000.0,Other
Norway,Historical,EV stock,Cars,PHEV,2019,Vehicles,110000.0,Other
Portugal,Historical,EV stock,Cars,PHEV,2024,Vehicles,110000.0,Other
Sweden,Historical,EV sales,Cars,BEV,2023,Vehicles,110000.0,Other
Sweden,Historical,EV stock,Cars,BEV,2021,Vehicles,110000.0,Other
United Kingdom,Historical,EV sales,Cars,BEV,2020,Vehicles,110000.0,Other
Vietnam,Historical,EV stock,Cars,BEV,2024,Vehicles,110000.0,Other
Belgium,Historical,EV sales,Cars,PHEV,2023,Vehicles,100000.0,Other
Denmark,Historical,EV stock,Cars,PHEV,2022,Vehicles,100000.0,Other
Finland,Historical,EV stock,Cars,PHEV,2022,Vehicles,100000.0,Other
Germany,Historical,EV stock,Cars,PHEV,2019,Vehicles,100000.0,Other
Indonesia,Historical,EV sales,2 and 3 wheelers,BEV,2024,Vehicles,100000.0,Other
Japan,Historical,EV stock,Cars,BEV,2017,Vehicles,100000.0,Other
Japan,Historical,EV stock,Cars,PHEV,2017,Vehicles,100000.0,Other
Norway,Historical,EV sales,Cars,BEV,2023,Vehicles,100000.0,Other
United States,Historical,EV sales,Cars,BEV,2017,Vehicles,100000.0,Other
United Kingdom,Historical,EV sales,Cars,PHEV,2022,Vehicles,100000.0,Other
World,Historical,EV stock,Buses,BEV,2015,Vehicles,100000.0,_World
Netherlands,Historical,EV stock,Cars,PHEV,2016,Vehicles,99000.0,Other
Turkey,Historical,EV sales,Cars,BEV,2024,Vehicles,99000.0,Other
China,Historical,EV stock,Buses,BEV,2015,Vehicles,98000.0,Other
Netherlands,Historical,EV stock,Cars,PHEV,2018,Vehicles,98000.0,Other
Netherlands,Historical,EV stock,Cars,PHEV,2017,Vehicles,97000.0,Other
Netherlands,Historical,EV stock,Cars,PHEV,2019,Vehicles,97000.0,Other
Germany,Historical,EV stock,Vans,BEV,2024,Vehicles,96000.0,Other
Spain,Historical,EV stock,Cars,BEV,2022,Vehicles,96000.0,Other
Sweden,Historical,EV sales,Cars,BEV,2022,Vehicles,96000.0,Other
Switzerland,Historical,EV stock,Cars,PHEV,2023,Vehicles,96000.0,Other
Vietnam,Historical,EV sales,2 and 3 wheelers,BEV,2018,Vehicles,96000.0,Other
Brazil,Historical,EV stock,Cars,BEV,2024,Vehicles,94000.0,Other
Sweden,Historical,EV sales,Cars,BEV,2024,Vehicles,94000.0,Other
United States,Historical,EV sales,Cars,PHEV,2017,Vehicles,94000.0,Other
Belgium,Historical,EV sales,Cars,BEV,2023,Vehicles,93000.0,Other
France,Historical,EV stock,Cars,BEV,2017,Vehicles,93000.0,Other
Indonesia,Historical,EV stock,2 and 3 wheelers,BEV,2020,Vehicles,93000.0,Other
World,Historical,EV sales,Trucks,BEV,2024,Vehicles,93000.0,_World
India,Historical,EV sales,Cars,BEV,2024,Vehicles,92000.0,Other
Australia,Historical,EV sales,Cars,BEV,2024,Vehicles,91000.0,Other
Canada,Historical,EV sales,Cars,BEV,2022,Vehicles,91000.0,Other
Israel,Historical,EV stock,Cars,BEV,2023,Vehicles,91000.0,Other
Portugal,Historical,EV stock,Cars,BEV,2023,Vehicles,91000.0,Other
Thailand,Historical,EV stock,Cars,BEV,2023,Vehicles,91000.0,Other
United Kingdom,Historical,EV stock,Cars,BEV,2019,Vehicles,91000.0,Other
Belgium,Historical,EV stock,Cars,BEV,2022,Vehicles,90000.0,Other
Denmark,Historical,EV sales,Cars,BEV,2024,Vehicles,89000.0,Other
South Korea,Historical,EV stock,Cars,BEV,2019,Vehicles,89000.0,Other
United Kingdom,Historical,EV stock,Vans,BEV,2024,Vehicles,89000.0,Other
World,Historical,EV sales,Buses,BEV,2017,Vehicles,89000.0,_World
China,Historical,EV sales,Buses,BEV,2017,Vehicles,88000.0,Other
Japan,Historical,EV sales,Cars,BEV,2023,Vehicles,88000.0,Other
Japan,Historical,EV stock,Cars,BEV,2016,Vehicles,88000.0,Other
Australia,Historical,EV sales,Cars,BEV,2023,Vehicles,87000.0,Other
Belgium,Historical,EV stock,2 and 3 wheelers,BEV,2022,Vehicles,87000.0,Other
China,Historical,EV stock,Cars,PHEV,2015,Vehicles,87000.0,Other
Norway,Historical,EV stock,Cars,PHEV,2018,Vehicles,87000.0,Other
Spain,Historical,EV stock,2 and 3 wheelers,BEV,2024,Vehicles,87000.0,Other
United States,Historical,EV sales,Cars,BEV,2016,Vehicles,87000.0,Other
United Kingdom,Historical,EV stock,Cars,PHEV,2017,Vehicles,87000.0,Other
Spain,Historical,EV stock,Cars,PHEV,2021,Vehicles,86000.0,Other
Switzerland,Historical,EV stock,Cars,BEV,2021,Vehicles,86000.0,Other
France,Historical,EV stock,Cars,PHEV,2019,Vehicles,85000.0,Other
Germany,Historical,EV stock,2 and 3 wheelers,BEV,2024,Vehicles,85000.0,Other
India,Historical,EV sales,2 and 3 wheelers,BEV,2017,Vehicles,85000.0,Other
United States,Historical,EV sales,Cars,PHEV,2019,Vehicles,85000.0,Other
World,Historical,EV sales,Buses,BEV,2018,Vehicles,85000.0,_World
World,Historical,EV sales,Vans,BEV,2017,Vehicles,85000.0,_World
Finland,Historical,EV stock,Cars,BEV,2023,Vehicles,84000.0,Other
Portugal,Historical,EV stock,Cars,PHEV,2023,Vehicles,84000.0,Other
China,Historical,EV sales,Buses,BEV,2018,Vehicles,83000.0,Other
Germany,Historical,EV stock,Vans,BEV,2023,Vehicles,83000.0,Other
Germany,Historical,EV stock,Cars,BEV,2018,Vehicles,83000.0,Other
Norway,Historical,EV stock,Cars,BEV,2016,Vehicles,83000.0,Other
Canada,Historical,EV stock,Cars,PHEV,2020,Vehicles,82000.0,Other
France,Historical,EV stock,2 and 3 wheelers,BEV,2021,Vehicles,82000.0,Other
Germany,Historical,EV stock,Cars,PHEV,2018,Vehicles,82000.0,Other
India,Historical,EV sales,Cars,BEV,2023,Vehicles,82000.0,Other
Netherlands,Historical,EV stock,2 and 3 wheelers,BEV,2020,Vehicles,82000.0,Other
Spain,Historical,EV stock,2 and 3 wheelers,BEV,2023,Vehicles,82000.0,Other
Vietnam,Historical,EV stock,2 and 3 wheelers,BEV,2017,Vehicles,82000.0,Other
France,Historical,EV stock,Vans,BEV,2023,Vehicles,81000.0,Other
South Korea,Historical,EV stock,Vans,BEV,2022,Vehicles,81000.0,Other
Indonesia,Historical,EV sales,2 and 3 wheelers,BEV,2021,Vehicles,80000.0,Other
World,Historical,EV sales,Vans,BEV,2020,Vehicles,80000.0,_World
China,Historical,EV sales,Cars,PHEV,2016,Vehicles,79000.0,Other
Japan,Historical,EV stock,Cars,BEV,2015,Vehicles,79000.0,Other
Netherlands,Historical,EV stock,Cars,PHEV,2015,Vehicles,79000.0,Other
World,Historical,EV sales,Vans,BEV,2018,Vehicles,79000.0,_World
Denmark,Historical,EV stock,Cars,PHEV,2021,Vehicles,78000.0,Other
Indonesia,Historical,EV stock,Cars,BEV,2024,Vehicles,78000.0,Other
New Zealand,Historical,EV stock,Cars,BEV,2024,Vehicles,78000.0,Other
Sweden,Historical,EV sales,Cars,PHEV,2021,Vehicles,78000.0,Other
Austria,Historical,EV stock,Cars,BEV,2021,Vehicles,77000.0,Other
Finland,Historical,EV stock,Cars,PHEV,2021,Vehicles,77000.0,Other
Germany,Historical,EV stock,2 and 3 wheelers,BEV,2023,Vehicles,77000.0,Other
Norway,Historical,EV sales,Cars,BEV,2020,Vehicles,77000.0,Other
South Korea,Historical,EV stock,Cars,PHEV,2024,Vehicles,77000.0,Other
Thailand,Historical,EV sales,Cars,BEV,2023,Vehicles,77000.0,Other
Turkey,Historical,EV stock,Cars,BEV,2023,Vehicles,77000.0,Other
World,Historical,EV sales,Buses,BEV,2016,Vehicles,77000.0,_World
Canada,Historical,EV stock,Cars,BEV,2019,Vehicles,76000.0,Other
China,Historical,EV sales,Buses,BEV,2016,Vehicles,76000.0,Other
China,Historical,EV sales,Trucks,BEV,2024,Vehicles,76000.0,Other
Turkey,Historical,EV sales,2 and 3 wheelers,BEV,2023,Vehicles,76000.0,Other
Austria,Historical,EV stock,Cars,PHEV,2024,Vehicles,75000.0,Other
France,Historical,EV sales,Cars,PHEV,2020,Vehicles,75000.0,Other
Japan,Historical,EV stock,2 and 3 wheelers,BEV,2024,Vehicles,75000.0,Other
France,Historical,EV stock,Vans,BEV,2022,Vehicles,74000.0,Other
Belgium,Historical,EV stock,Cars,PHEV,2020,Vehicles,73000.0,Other
Italy,Historical,EV stock,2 and 3 wheelers,BEV,2024,Vehicles,73000.0,Other
Netherlands,Historical,EV sales,Cars,BEV,2022,Vehicles,73000.0,Other
United States,Historical,EV sales,Cars,PHEV,2016,Vehicles,73000.0,Other
India,Historical,EV stock,Cars,BEV,2022,Vehicles,72000.0,Other
Netherlands,Historical,EV sales,Cars,BEV,2020,Vehicles,72000.0,Other
South Korea,Historical,EV sales,Cars,BEV,2021,Vehicles,72000.0,Other
World,Historical,EV sales,Buses,BEV,2019,Vehicles,72000.0,_World
China,Historical,EV sales,Vans,BEV,2021,Vehicles,71000.0,Other
China,Historical,EV sales,Trucks,BEV,2017,Vehicles,71000.0,Other
Italy,Historical,EV sales,Cars,PHEV,2021,Vehicles,71000.0,Other
Switzerland,Historical,EV stock,Cars,PHEV,2022,Vehicles,71000.0,Other
Thailand,Historical,EV sales,Cars,BEV,2024,Vehicles,71000.0,Other
United States,Historical,EV sales,Cars,BEV,2015,Vehicles,71000.0,Other
World,Historical,EV sales,Trucks,BEV,2017,Vehicles,71000.0,_World
Italy,Historical,EV sales,Cars,PHEV,2023,Vehicles,70000.0,Other
World,Historical,EV sales,Buses,BEV,2024,Vehicles,70000.0,_World
World,Historical,EV stock,Cars,FCEV,2024,Vehicles,70000.0,_World
Belgium,Historical,EV stock,2 and 3 wheelers,BEV,2021,Vehicles,69000.0,Other
France,Historical,EV stock,Vans,BEV,2021,Vehicles,69000.0,Other
Israel,Historical,EV sales,Cars,BEV,2024,Vehicles,69000.0,Other
South Korea,Historical,EV stock,2 and 3 wheelers,BEV,2024,Vehicles,69000.0,Other
South Korea,Historical,EV stock,Cars,PHEV,2023,Vehicles,69000.0,Other
Spain,Historical,EV stock,Cars,BEV,2021,Vehicles,69000.0,Other
Vietnam,Historical,EV sales,Cars,BEV,2024,Vehicles,69000.0,Other
China,Historical,EV sales,Buses,BEV,2019,Vehicles,68000.0,Other
China,Historical,EV sales,Vans,BEV,2017,Vehicles,68000.0,Other
France,Historical,EV stock,Cars,PHEV,2018,Vehicles,68000.0,Other
Israel,Historical,EV stock,Cars,PHEV,2024,Vehicles,68000.0,Other
Spain,Historical,EV stock,2 and 3 wheelers,BEV,2022,Vehicles,68000.0,Other
United Kingdom,Historical,EV stock,Vans,BEV,2023,Vehicles,68000.0,Other
United Kingdom,Historical,EV sales,Cars,PHEV,2020,Vehicles,68000.0,Other
Australia,Historical,EV stock,Cars,BEV,2022,Vehicles,67000.0,Other
Belgium,Historical,EV sales,Cars,PHEV,2024,Vehicles,67000.0,Other
Denmark,Historical,EV stock,Cars,BEV,2021,Vehicles,67000.0,Other
France,Historical,EV stock,Cars,BEV,2016,Vehicles,67000.0,Other
Italy,Historical,EV sales,Cars,BEV,2021,Vehicles,67000.0,Other
Poland,Historical,EV stock,Cars,BEV,2024,Vehicles,67000.0,Other
Sweden,Historical,EV sales,Cars,PHEV,2022,Vehicles,67000.0,Other
Sweden,Historical,EV stock,Cars,PHEV,2019,Vehicles,67000.0,Other
World,Historical,EV stock,Vans,BEV,2015,Vehicles,67000.0,_World
Italy,Historical,EV sales,Cars,BEV,2023,Vehicles,66000.0,Other
Italy,Historical,EV sales,Cars,BEV,2024,Vehicles,66000.0,Other
Spain,Historical,EV sales,Cars,PHEV,2024,Vehicles,66000.0,Other
Sweden,Historical,EV sales,Cars,PHEV,2020,Vehicles,66000.0,Other
Turkey,Historical,EV sales,Cars,BEV,2023,Vehicles,66000.0,Other
World,Historical,EV stock,Cars,FCEV,2023,Vehicles,66000.0,_World
Italy,Historical,EV sales,Cars,PHEV,2022,Vehicles,65000.0,Other
Japan,Historical,EV stock,Cars,PHEV,2016,Vehicles,65000.0,Other
New Zealand,Historical,EV stock,Cars,BEV,2023,Vehicles,65000.0,Other
Spain,Historical,EV sales,Cars,PHEV,2023,Vehicles,65000.0,Other
Thailand,Historical,EV stock,Cars,PHEV,2024,Vehicles,65000.0,Other
World,Historical,EV stock,Trucks,BEV,2016,Vehicles,65000.0,_World
China,Historical,EV stock,Trucks,BEV,2016,Vehicles,64000.0,Other
United States,Historical,EV sales,Cars,PHEV,2020,Vehicles,64000.0,Other
Brazil,Historical,EV sales,Cars,PHEV,2024,Vehicles,63000.0,Other
Denmark,Historical,EV sales,Cars,BEV,2023,Vehicles,63000.0,Other
Germany,Historical,EV sales,Cars,BEV,2019,Vehicles,63000.0,Other
Indonesia,Historical,EV sales,2 and 3 wheelers,BEV,2023,Vehicles,63000.0,Other
Italy,Historical,EV stock,2 and 3 wheelers,BEV,2023,Vehicles,63000.0,Other
Netherlands,Historical,EV sales,Cars,BEV,2021,Vehicles,63000.0,Other
Sweden,Historical,EV sales,Cars,PHEV,2024,Vehicles,63000.0,Other
Thailand,Historical,EV stock,2 and 3 wheelers,BEV,2024,Vehicles,63000.0,Other
World,Historical,EV sales,Buses,BEV,2020,Vehicles,63000.0,_World
Brazil,Historical,EV sales,Cars,BEV,2024,Vehicles,62000.0,Other
Canada,Historical,EV sales,Cars,PHEV,2024,Vehicles,62000.0,Other
South Korea,Historical,EV stock,2 and 3 wheelers,BEV,2023,Vehicles,62000.0,Other
Spain,Historical,EV sales,Cars,BEV,2024,Vehicles,62000.0,Other
China,Historical,EV sales,Cars,PHEV,2015,Vehicles,61000.0,Other
Netherlands,Historical,EV stock,2 and 3 wheelers,BEV,2019,Vehicles,61000.0,Other
Netherlands,Historical,EV sales,Cars,BEV,2019,Vehicles,61000.0,Other
Sweden,Historical,EV sales,Cars,PHEV,2023,Vehicles,61000.0,Other
Canada,Historical,EV stock,Cars,PHEV,2019,Vehicles,60000.0,Other
Germany,Historical,EV stock,2 and 3 wheelers,BEV,2022,Vehicles,60000.0,Other
Israel,Historical,EV stock,Cars,PHEV,2023,Vehicles,60000.0,Other
Japan,Historical,EV sales,Cars,BEV,2024,Vehicles,60000.0,Other
Norway,Historical,EV sales,Cars,BEV,2019,Vehicles,60000.0,Other
Norway,Historical,EV stock,Cars,PHEV,2017,Vehicles,60000.0,Other
Belgium,Historical,EV sales,Cars,PHEV,2022,Vehicles,59000.0,Other
Brazil,Historical,EV stock,Cars,PHEV,2023,Vehicles,59000.0,Other
Canada,Historical,EV sales,Cars,BEV,2021,Vehicles,59000.0,Other
Japan,Historical,EV sales,Cars,BEV,2022,Vehicles,59000.0,Other
Norway,Historical,EV stock,Cars,BEV,2015,Vehicles,59000.0,Other
Austria,Historical,EV stock,Cars,PHEV,2023,Vehicles,58000.0,Other
France,Historical,EV stock,Vans,BEV,2020,Vehicles,58000.0,Other
World,Historical,EV sales,Vans,BEV,2019,Vehicles,58000.0,_World
France,Historical,EV stock,2 and 3 wheelers,BEV,2020,Vehicles,57000.0,Other
Portugal,Historical,EV stock,Cars,PHEV,2022,Vehicles,57000.0,Other
South Korea,Historical,EV stock,Cars,PHEV,2022,Vehicles,57000.0,Other
Spain,Historical,EV sales,Cars,BEV,2023,Vehicles,57000.0,Other
Sweden,Historical,EV sales,Cars,BEV,2021,Vehicles,57000.0,Other
World,Historical,EV sales,Buses,BEV,2022,Vehicles,57000.0,_World
World,Historical,EV stock,Cars,FCEV,2022,Vehicles,57000.0,_World
Sweden,Historical,EV stock,Cars,BEV,2020,Vehicles,56000.0,Other
Thailand,Historical,EV stock,Cars,PHEV,2023,Vehicles,56000.0,Other
United States,Historical,EV stock,2 and 3 wheelers,BEV,2024,Vehicles,56000.0,Other
United States,Historical,EV stock,Vans,BEV,2024,Vehicles,56000.0,Other
United Kingdom,Historical,EV stock,Cars,BEV,2018,Vehicles,56000.0,Other
China,Historical,EV sales,Buses,BEV,2020,Vehicles,55000.0,Other
Italy,Historical,EV stock,Cars,BEV,2020,Vehicles,55000.0,Other
Japan,Historical,EV stock,Cars,PHEV,2015,Vehicles,55000.0,Other
South Korea,Historical,EV sales,Cars,BEV,2018,Vehicles,55000.0,Other
South Korea,Historical,EV stock,Cars,BEV,2018,Vehicles,55000.0,Other
Turkey,Historical,EV stock,2 and 3 wheelers,BEV,2022,Vehicles,55000.0,Other
United Kingdom,Historical,EV stock,Cars,PHEV,2016,Vehicles,55000.0,Other
Belgium,Historical,EV stock,2 and 3 wheelers,BEV,2020,Vehicles,54000.0,Other
China,Historical,EV sales,Vans,BEV,2018,Vehicles,54000.0,Other
France,Historical,EV stock,Cars,PHEV,2017,Vehicles,54000.0,Other
Germany,Historical,EV stock,Cars,BEV,2017,Vehicles,54000.0,Other
Portugal,Historical,EV stock,Cars,BEV,2022,Vehicles,54000.0,Other
Switzerland,Historical,EV stock,Cars,BEV,2020,Vehicles,54000.0,Other
China,Historical,EV stock,Vans,BEV,2016,Vehicles,53000.0,Other
Germany,Historical,EV stock,Vans,BEV,2022,Vehicles,53000.0,Other
South Korea,Historical,EV stock,2 and 3 wheelers,BEV,2022,Vehicles,53000.0,Other
Switzerland,Historical,EV sales,Cars,BEV,2023,Vehicles,53000.0,Other
Switzerland,Historical,EV stock,Cars,PHEV,2021,Vehicles,53000.0,Other
World,Historical,EV sales,Buses,BEV,2023,Vehicles,53000.0,_World
Australia,Historical,EV stock,Cars,PHEV,2024,Vehicles,52000.0,Other
Belgium,Historical,EV stock,Cars,BEV,2021,Vehicles,52000.0,Other
Indonesia,Historical,EV stock,2 and 3 wheelers,BEV,2019,Vehicles,52000.0,Other
Italy,Historical,EV sales,Cars,PHEV,2024,Vehicles,52000.0,Other
Japan,Historical,EV sales,Cars,PHEV,2023,Vehicles,52000.0,Other
Netherlands,Historical,EV sales,Cars,PHEV,2024,Vehicles,52000.0,Other
Poland,Historical,EV stock,Cars,BEV,2023,Vehicles,52000.0,Other
Poland,Historical,EV stock,Cars,PHEV,2024,Vehicles,52000.0,Other
World,Historical,EV sales,Trucks,BEV,2023,Vehicles,52000.0,_World
Germany,Historical,EV stock,Cars,PHEV,2017,Vehicles,50000.0,Other
World,Historical,EV sales,Buses,BEV,2021,Vehicles,50000.0,_World
France,Historical,EV stock,Vans,BEV,2019,Vehicles,49000.0,Other
India,Historical,EV sales,2 and 3 wheelers,BEV,2016,Vehicles,49000.0,Other
Indonesia,Historical,EV sales,Cars,BEV,2024,Vehicles,49000.0,Other
Israel,Historical,EV sales,Cars,BEV,2023,Vehicles,49000.0,Other
Italy,Historical,EV sales,Cars,BEV,2022,Vehicles,49000.0,Other
Netherlands,Historical,EV stock,2 and 3 wheelers,BEV,2018,Vehicles,49000.0,Other
Spain,Historical,EV sales,Cars,PHEV,2022,Vehicles,49000.0,Other
Sweden,Historical,EV stock,Cars,PHEV,2018,Vehicles,49000.0,Other
United States,Historical,EV stock,2 and 3 wheelers,BEV,2023,Vehicles,49000.0,Other
Austria,Historical,EV sales,Cars,BEV,2023,Vehicles,48000.0,Other
Belgium,Historical,EV sales,Cars,PHEV,2021,Vehicles,48000.0,Other
China,Historical,EV sales,Buses,BEV,2024,Vehicles,48000.0,Other
India,Historical,EV sales,Cars,BEV,2022,Vehicles,48000.0,Other
Japan,Historical,EV stock,2 and 3 wheelers,BEV,2023,Vehicles,48000.0,Other
Spain,Historical,EV stock,2 and 3 wheelers,BEV,2021,Vehicles,48000.0,Other
Poland,Historical,EV stock,Cars,PHEV,2023,Vehicles,47000.0,Other
World,Historical,EV sales,Trucks,BEV,2016,Vehicles,47000.0,_World
China,Historical,EV sales,Trucks,BEV,2016,Vehicles,46000.0,Other
Finland,Historical,EV stock,Cars,PHEV,2020,Vehicles,46000.0,Other
Netherlands,Historical,EV sales,Cars,PHEV,2023,Vehicles,46000.0,Other
New Zealand,Historical,EV stock,Cars,BEV,2022,Vehicles,46000.0,Other
Norway,Historical,EV sales,Cars,BEV,2018,Vehicles,46000.0,Other
Switzerland,Historical,EV sales,Cars,BEV,2024,Vehicles,46000.0,Other
United Kingdom,Historical,EV sales,Cars,PHEV,2018,Vehicles,46000.0,Other
Austria,Historical,EV sales,Cars,BEV,2024,Vehicles,45000.0,Other
Austria,Historical,EV stock,Cars,BEV,2020,Vehicles,45000.0,Other
Canada,Historical,EV stock,Cars,BEV,2018,Vehicles,45000.0,Other
Finland,Historical,EV stock,Cars,BEV,2022,Vehicles,45000.0,Other
France,Historical,EV sales,Cars,BEV,2019,Vehicles,45000.0,Other
France,Historical,EV stock,Cars,BEV,2015,Vehicles,45000.0,Other
Germany,Historical,EV sales,Cars,PHEV,2019,Vehicles,45000.0,Other
Mexico,Historical,EV stock,Cars,BEV,2024,Vehicles,45000.0,Other
Netherlands,Historical,EV stock,Cars,BEV,2018,Vehicles,45000.0,Other
South Korea,Historical,EV stock,Vans,BEV,2021,Vehicles,45000.0,Other
Spain,Historical,EV stock,Cars,BEV,2020,Vehicles,45000.0,Other
China,Historical,EV sales,Buses,BEV,2022,Vehicles,44000.0,Other
France,Historical,EV stock,2 and 3 wheelers,BEV,2019,Vehicles,44000.0,Other
Israel,Historical,EV stock,Cars,BEV,2022,Vehicles,44000.0,Other
Israel,Historical,EV stock,Cars,PHEV,2022,Vehicles,44000.0,Other
Italy,Historical,EV stock,Cars,PHEV,2020,Vehicles,44000.0,Other
South Korea,Historical,EV sales,Vans,BEV,2023,Vehicles,44000.0,Other
South Korea,Historical,EV stock,Cars,PHEV,2021,Vehicles,44000.0,Other
World,Historical,EV sales,Buses,BEV,2015,Vehicles,44000.0,_World
China,Historical,EV sales,Buses,BEV,2015,Vehicles,43000.0,Other
Japan,Historical,EV sales,Cars,PHEV,2024,Vehicles,43000.0,Other
Spain,Historical,EV sales,Cars,PHEV,2021,Vehicles,43000.0,Other
Spain,Historical,EV stock,Cars,PHEV,2020,Vehicles,43000.0,Other
United States,Historical,EV sales,Cars,PHEV,2015,Vehicles,43000.0,Other
Austria,Historical,EV stock,Cars,PHEV,2022,Vehicles,42000.0,Other
Canada,Historical,EV stock,Cars,PHEV,2018,Vehicles,42000.0,Other
China,Historical,EV sales,Buses,BEV,2021,Vehicles,42000.0,Other
Netherlands,Historical,EV stock,2 and 3 wheelers,BEV,2017,Vehicles,42000.0,Other
Portugal,Historical,EV sales,Cars,BEV,2024,Vehicles,42000.0,Other
Thailand,Historical,EV stock,Cars,PHEV,2022,Vehicles,42000.0,Other
United Kingdom,Historical,EV stock,Cars,BEV,2017,Vehicles,42000.0,Other
Vietnam,Historical,EV sales,2 and 3 wheelers,BEV,2017,Vehicles,42000.0,Other
World,Historical,EV stock,Cars,FCEV,2021,Vehicles,42000.0,_World
Belgium,Historical,EV stock,Cars,PHEV,2019,Vehicles,41000.0,Other
Canada,Historical,EV sales,Cars,PHEV,2023,Vehicles,41000.0,Other
France,Historical,EV stock,Vans,BEV,2018,Vehicles,41000.0,Other
Germany,Historical,EV stock,Vans,BEV,2021,Vehicles,41000.0,Other
Indonesia,Historical,EV sales,2 and 3 wheelers,BEV,2020,Vehicles,41000.0,Other
Portugal,Historical,EV stock,Cars,PHEV,2021,Vehicles,41000.0,Other
United States,Historical,EV stock,2 and 3 wheelers,BEV,2022,Vehicles,41000.0,Other
Belgium,Historical,EV stock,2 and 3 wheelers,BEV,2019,Vehicles,40000.0,Other
Denmark,Historical,EV sales,Cars,PHEV,2021,Vehicles,40000.0,Other
Switzerland,Historical,EV sales,Cars,BEV,2022,Vehicles,40000.0,Other
Turkey,Historical,EV stock,2 and 3 wheelers,BEV,2021,Vehicles,40000.0,Other
Vietnam,Historical,EV stock,2 and 3 wheelers,BEV,2016,Vehicles,40000.0,Other
Japan,Historical,EV stock,Vans,BEV,2022,Vehicles,39000.0,Other
Netherlands,Historical,EV sales,Cars,PHEV,2016,Vehicles,39000.0,Other
Thailand,Historical,EV stock,2 and 3 wheelers,BEV,2023,Vehicles,39000.0,Other
United Kingdom,Historical,EV stock,Vans,BEV,2022,Vehicles,39000.0,Other
Vietnam,Historical,EV stock,Cars,BEV,2023,Vehicles,39000.0,Other
World,Historical,EV stock,Buses,PHEV,2023,Vehicles,39000.0,_World
World,Historical,EV stock,Buses,PHEV,2024,Vehicles,39000.0,_World
Belgium,Historical,EV sales,Cars,BEV,2022,Vehicles,38000.0,Other
Japan,Historical,EV sales,Cars,PHEV,2022,Vehicles,38000.0,Other
Norway,Historical,EV sales,Cars,PHEV,2021,Vehicles,38000.0,Other
South Korea,Historical,EV sales,Vans,BEV,2022,Vehicles,38000.0,Other
United Kingdom,Historical,EV sales,Cars,BEV,2019,Vehicles,38000.0,Other
World,Historical,EV stock,Buses,PHEV,2022,Vehicles,38000.0,_World
Canada,Historical,EV sales,Cars,BEV,2020,Vehicles,37000.0,Other
China,Historical,EV stock,Buses,PHEV,2023,Vehicles,37000.0,Other
China,Historical,EV stock,Buses,PHEV,2024,Vehicles,37000.0,Other
Malaysia,Historical,EV stock,Cars,BEV,2024,Vehicles,37000.0,Other
Portugal,Historical,EV stock,Cars,BEV,2021,Vehicles,37000.0,Other
Spain,Historical,EV stock,2 and 3 wheelers,BEV,2020,Vehicles,37000.0,Other
United Kingdom,Historical,EV sales,Cars,PHEV,2019,Vehicles,37000.0,Other
World,Historical,EV stock,Vans,PHEV,2024,Vehicles,37000.0,_World
World,Historical,EV sales,Trucks,BEV,2018,Vehicles,37000.0,_World
China,Historical,EV stock,Buses,PHEV,2022,Vehicles,36000.0,Other
China,Historical,EV sales,Trucks,BEV,2018,Vehicles,36000.0,Other
China,Historical,EV sales,Trucks,BEV,2023,Vehicles,36000.0,Other
Germany,Historical,EV sales,Cars,BEV,2018,Vehicles,36000.0,Other
Japan,Historical,EV sales,Cars,PHEV,2017,Vehicles,36000.0,Other
Netherlands,Historical,EV stock,2 and 3 wheelers,BEV,2016,Vehicles,36000.0,Other
Netherlands,Historical,EV stock,Vans,BEV,2024,Vehicles,36000.0,Other
Portugal,Historical,EV sales,Cars,BEV,2023,Vehicles,36000.0,Other
South Korea,Historical,EV stock,Cars,FCEV,2024,Vehicles,36000.0,Other
World,Historical,EV stock,Buses,PHEV,2021,Vehicles,36000.0,_World
China,Historical,EV stock,Buses,PHEV,2021,Vehicles,35000.0,Other
Indonesia,Historical,EV sales,2 and 3 wheelers,BEV,2019,Vehicles,35000.0,Other
Italy,Historical,EV stock,2 and 3 wheelers,BEV,2022,Vehicles,35000.0,Other
New Zealand,Historical,EV stock,Cars,PHEV,2024,Vehicles,35000.0,Other
United Kingdom,Historical,EV sales,Cars,PHEV,2017,Vehicles,35000.0,Other
Vietnam,Historical,EV sales,2 and 3 wheelers,BEV,2016,Vehicles,35000.0,Other
World,Historical,EV stock,Buses,PHEV,2020,Vehicles,35000.0,_World
Australia,Historical,EV stock,Cars,BEV,2021,Vehicles,34000.0,Other
Austria,Historical,EV sales,Cars,BEV,2022,Vehicles,34000.0,Other
China,Historical,EV stock,Buses,PHEV,2020,Vehicles,34000.0,Other
Germany,Historical,EV sales,2 and 3 wheelers,BEV,2022,Vehicles,34000.0,Other
Germany,Historical,EV stock,Cars,BEV,2016,Vehicles,34000.0,Other
Netherlands,Historical,EV sales,2 and 3 wheelers,BEV,2022,Vehicles,34000.0,Other
Netherlands,Historical,EV sales,Cars,PHEV,2022,Vehicles,34000.0,Other
Norway,Historical,EV stock,Vans,BEV,2024,Vehicles,34000.0,Other
South Korea,Historical,EV stock,Cars,FCEV,2023,Vehicles,34000.0,Other
Switzerland,Historical,EV stock,Cars,BEV,2019,Vehicles,34000.0,Other
World,Historical,EV stock,Buses,PHEV,2019,Vehicles,34000.0,_World
Australia,Historical,EV sales,Cars,BEV,2022,Vehicles,33000.0,Other
Austria,Historical,EV sales,Cars,BEV,2021,Vehicles,33000.0,Other
Belgium,Historical,EV stock,Cars,PHEV,2018,Vehicles,33000.0,Other
Brazil,Historical,EV stock,Cars,BEV,2023,Vehicles,33000.0,Other
Brazil,Historical,EV sales,Cars,PHEV,2023,Vehicles,33000.0,Other
France,Historical,EV stock,Vans,BEV,2017,Vehicles,33000.0,Other
France,Historical,EV sales,Cars,BEV,2018,Vehicles,33000.0,Other
Italy,Historical,EV stock,2 and 3 wheelers,BEV,2021,Vehicles,33000.0,Other
Italy,Historical,EV sales,Cars,BEV,2020,Vehicles,33000.0,Other
Norway,Historical,EV sales,Cars,BEV,2017,Vehicles,33000.0,Other
South Korea,Historical,EV sales,Cars,BEV,2019,Vehicles,33000.0,Other
Spain,Historical,EV sales,Cars,BEV,2022,Vehicles,33000.0,Other
World,Historical,EV sales,Trucks,BEV,2022,Vehicles,33000.0,_World
Belgium,Historical,EV stock,Cars,BEV,2020,Vehicles,32000.0,Other
Belgium,Historical,EV sales,Cars,PHEV,2020,Vehicles,32000.0,Other
Canada,Historical,EV sales,Cars,BEV,2019,Vehicles,32000.0,Other
China,Historical,EV stock,Buses,PHEV,2019,Vehicles,32000.0,Other
Denmark,Historical,EV stock,Cars,BEV,2020,Vehicles,32000.0,Other
Germany,Historical,EV stock,Cars,PHEV,2016,Vehicles,32000.0,Other
Netherlands,Historical,EV stock,2 and 3 wheelers,BEV,2015,Vehicles,32000.0,Other
Russia,Historical,EV stock,Cars,PHEV,2024,Vehicles,32000.0,Other
Sweden,Historical,EV stock,Cars,PHEV,2017,Vehicles,32000.0,Other
Switzerland,Historical,EV sales,Cars,BEV,2021,Vehicles,32000.0,Other
United States,Historical,EV stock,2 and 3 wheelers,BEV,2021,Vehicles,32000.0,Other
Vietnam,Historical,EV sales,Cars,BEV,2023,Vehicles,32000.0,Other
World,Historical,EV stock,Buses,PHEV,2018,Vehicles,32000.0,_World
Australia,Historical,EV stock,Cars,PHEV,2023,Vehicles,31000.0,Other
Canada,Historical,EV stock,Vans,BEV,2024,Vehicles,31000.0,Other
China,Historical,EV sales,Buses,BEV,2023,Vehicles,31000.0,Other
China,Historical,EV stock,Buses,PHEV,2018,Vehicles,31000.0,Other
Denmark,Historical,EV sales,Cars,BEV,2022,Vehicles,31000.0,Other
France,Historical,EV sales,2 and 3 wheelers,BEV,2024,Vehicles,31000.0,Other
Germany,Historical,EV sales,Cars,PHEV,2018,Vehicles,31000.0,Other
Netherlands,Historical,EV sales,2 and 3 wheelers,BEV,2021,Vehicles,31000.0,Other
Netherlands,Historical,EV sales,Cars,PHEV,2021,Vehicles,31000.0,Other
Norway,Historical,EV stock,Cars,PHEV,2016,Vehicles,31000.0,Other
Poland,Historical,EV stock,Cars,BEV,2022,Vehicles,31000.0,Other
South Korea,Historical,EV stock,2 and 3 wheelers,BEV,2021,Vehicles,31000.0,Other
South Korea,Historical,EV sales,Cars,BEV,2020,Vehicles,31000.0,Other
Thailand,Historical,EV stock,Cars,PHEV,2021,Vehicles,31000.0,Other
World,Historical,EV stock,Buses,PHEV,2017,Vehicles,31000.0,_World
Austria,Historical,EV stock,Cars,BEV,2019,Vehicles,30000.0,Other
China,Historical,EV stock,Buses,PHEV,2017,Vehicles,30000.0,Other
Denmark,Historical,EV stock,Cars,PHEV,2020,Vehicles,30000.0,Other
Finland,Historical,EV sales,Cars,BEV,2023,Vehicles,30000.0,Other
Norway,Historical,EV stock,Vans,BEV,2023,Vehicles,30000.0,Other
Poland,Historical,EV stock,Cars,PHEV,2022,Vehicles,30000.0,Other
Sweden,Historical,EV stock,Cars,BEV,2019,Vehicles,30000.0,Other
Switzerland,Historical,EV stock,Cars,PHEV,2020,Vehicles,30000.0,Other
Turkey,Historical,EV stock,2 and 3 wheelers,BEV,2020,Vehicles,30000.0,Other
United States,Historical,EV stock,Vans,BEV,2023,Vehicles,30000.0,Other
United Kingdom,Historical,EV stock,Cars,BEV,2016,Vehicles,30000.0,Other
World,Historical,EV stock,Buses,PHEV,2016,Vehicles,30000.0,_World
Austria,Historical,EV stock,Cars,PHEV,2021,Vehicles,29000.0,Other
China,Historical,EV stock,Buses,PHEV,2016,Vehicles,29000.0,Other
France,Historical,EV sales,2 and 3 wheelers,BEV,2022,Vehicles,29000.0,Other
Germany,Historical,EV sales,Cars,PHEV,2017,Vehicles,29000.0,Other
Indonesia,Historical,EV stock,Cars,BEV,2023,Vehicles,29000.0,Other
Norway,Historical,EV sales,Cars,PHEV,2017,Vehicles,29000.0,Other
Norway,Historical,EV sales,Cars,PHEV,2020,Vehicles,29000.0,Other
South Korea,Historical,EV stock,Cars,FCEV,2022,Vehicles,29000.0,Other
United Kingdom,Historical,EV sales,Cars,PHEV,2016,Vehicles,29000.0,Other
Canada,Historical,EV sales,Cars,PHEV,2021,Vehicles,28000.0,Other
Iceland,Historical,EV stock,Cars,PHEV,2024,Vehicles,28000.0,Other
Israel,Historical,EV stock,Cars,PHEV,2021,Vehicles,28000.0,Other
Portugal,Historical,EV sales,Cars,PHEV,2024,Vehicles,28000.0,Other
Russia,Historical,EV sales,Cars,PHEV,2024,Vehicles,28000.0,Other
South Korea,Historical,EV sales,Vans,BEV,2021,Vehicles,28000.0,Other
Sweden,Historical,EV stock,2 and 3 wheelers,BEV,2023,Vehicles,28000.0,Other
Sweden,Historical,EV stock,Vans,BEV,2024,Vehicles,28000.0,Other
Sweden,Historical,EV sales,Cars,BEV,2020,Vehicles,28000.0,Other
United Kingdom,Historical,EV stock,Vans,BEV,2021,Vehicles,28000.0,Other
China,Historical,EV sales,Vans,BEV,2019,Vehicles,27000.0,Other
China,Historical,EV sales,Trucks,BEV,2022,Vehicles,27000.0,Other
France,Historical,EV stock,2 and 3 wheelers,BEV,2018,Vehicles,27000.0,Other
France,Historical,EV stock,Vans,BEV,2016,Vehicles,27000.0,Other
Germany,Historical,EV stock,2 and 3 wheelers,BEV,2021,Vehicles,27000.0,Other
Greece,Historical,EV stock,Cars,PHEV,2024,Vehicles,27000.0,Other
Israel,Historical,EV sales,Cars,BEV,2022,Vehicles,27000.0,Other
Italy,Historical,EV sales,Cars,PHEV,2020,Vehicles,27000.0,Other
Japan,Historical,EV sales,2 and 3 wheelers,BEV,2024,Vehicles,27000.0,Other
Japan,Historical,EV stock,2 and 3 wheelers,BEV,2022,Vehicles,27000.0,Other
Japan,Historical,EV sales,Cars,BEV,2018,Vehicles,27000.0,Other
New Zealand,Historical,EV stock,Cars,PHEV,2023,Vehicles,27000.0,Other
Norway,Historical,EV sales,Cars,PHEV,2018,Vehicles,27000.0,Other
Portugal,Historical,EV sales,Cars,PHEV,2023,Vehicles,27000.0,Other
United Kingdom,Historical,EV stock,Cars,PHEV,2015,Vehicles,27000.0,Other
World,Historical,EV sales,Vans,BEV,2015,Vehicles,27000.0,_World
Belgium,Historical,EV stock,2 and 3 wheelers,BEV,2024,Vehicles,26000.0,Other
Brazil,Historical,EV stock,Cars,PHEV,2022,Vehicles,26000.0,Other
China,Historical,EV sales,Vans,BEV,2020,Vehicles,26000.0,Other
Denmark,Historical,EV sales,Cars,PHEV,2022,Vehicles,26000.0,Other
France,Historical,EV sales,Cars,BEV,2017,Vehicles,26000.0,Other
Germany,Historical,EV stock,Cars,BEV,2015,Vehicles,26000.0,Other
Malaysia,Historical,EV sales,Cars,BEV,2024,Vehicles,26000.0,Other
New Zealand,Historical,EV stock,Cars,BEV,2021,Vehicles,26000.0,Other
Norway,Historical,EV sales,Cars,BEV,2015,Vehicles,26000.0,Other
Portugal,Historical,EV stock,Cars,PHEV,2020,Vehicles,26000.0,Other
Spain,Historical,EV stock,Cars,BEV,2019,Vehicles,26000.0,Other
United States,Historical,EV sales,Vans,BEV,2024,Vehicles,26000.0,Other
United Kingdom,Historical,EV stock,2 and 3 wheelers,BEV,2024,Vehicles,26000.0,Other
Uzbekistan,Historical,EV stock,Cars,PHEV,2024,Vehicles,26000.0,Other
World,Historical,EV stock,Vans,PHEV,2023,Vehicles,26000.0,_World
World,Historical,EV stock,Cars,FCEV,2020,Vehicles,26000.0,_World
Canada,Historical,EV stock,Cars,BEV,2017,Vehicles,25000.0,Other
Denmark,Historical,EV sales,Cars,BEV,2021,Vehicles,25000.0,Other
Finland,Historical,EV stock,Cars,PHEV,2019,Vehicles,25000.0,Other
Germany,Historical,EV stock,Vans,BEV,2020,Vehicles,25000.0,Other
Germany,Historical,EV sales,Cars,BEV,2017,Vehicles,25000.0,Other
Iceland,Historical,EV stock,Cars,BEV,2024,Vehicles,25000.0,Other
Italy,Historical,EV stock,Vans,BEV,2024,Vehicles,25000.0,Other
Malaysia,Historical,EV stock,Cars,PHEV,2024,Vehicles,25000.0,Other
Mexico,Historical,EV stock,2 and 3 wheelers,BEV,2024,Vehicles,25000.0,Other
Mexico,Historical,EV stock,Cars,BEV,2023,Vehicles,25000.0,Other
Sweden,Historical,EV sales,Cars,PHEV,2019,Vehicles,25000.0,Other
World,Historical,EV sales,Trucks,BEV,2019,Vehicles,25000.0,_World
Australia,Historical,EV stock,2 and 3 wheelers,BEV,2024,Vehicles,24000.0,Other
Canada,Historical,EV sales,Cars,PHEV,2022,Vehicles,24000.0,Other
China,Historical,EV sales,Trucks,BEV,2019,Vehicles,24000.0,Other
France,Historical,EV sales,2 and 3 wheelers,BEV,2023,Vehicles,24000.0,Other
Malaysia,Historical,EV stock,Cars,PHEV,2023,Vehicles,24000.0,Other
Netherlands,Historical,EV stock,Vans,BEV,2023,Vehicles,24000.0,Other
Netherlands,Historical,EV sales,Cars,BEV,2018,Vehicles,24000.0,Other
Norway,Historical,EV sales,Cars,BEV,2016,Vehicles,24000.0,Other
South Korea,Historical,EV stock,Cars,BEV,2017,Vehicles,24000.0,Other
South Korea,Historical,EV stock,Cars,PHEV,2020,Vehicles,24000.0,Other
Spain,Historical,EV stock,Vans,BEV,2024,Vehicles,24000.0,Other
Spain,Historical,EV sales,Cars,BEV,2021,Vehicles,24000.0,Other
Spain,Historical,EV sales,Cars,PHEV,2020,Vehicles,24000.0,Other
Thailand,Historical,EV stock,Cars,PHEV,2020,Vehicles,24000.0,Other
Turkey,Historical,EV stock,2 and 3 wheelers,BEV,2019,Vehicles,24000.0,Other
Belgium,Historical,EV stock,2 and 3 wheelers,BEV,2018,Vehicles,23000.0,Other
Belgium,Historical,EV stock,2 and 3 wheelers,BEV,2023,Vehicles,23000.0,Other
Belgium,Historical,EV sales,Cars,BEV,2021,Vehicles,23000.0,Other
Belgium,Historical,EV stock,Cars,PHEV,2017,Vehicles,23000.0,Other
Canada,Historical,EV sales,Cars,BEV,2018,Vehicles,23000.0,Other
Finland,Historical,EV stock,Cars,BEV,2021,Vehicles,23000.0,Other
France,Historical,EV sales,Cars,BEV,2016,Vehicles,23000.0,Other
India,Historical,EV stock,Cars,BEV,2021,Vehicles,23000.0,Other
Italy,Historical,EV stock,2 and 3 wheelers,BEV,2020,Vehicles,23000.0,Other
Italy,Historical,EV stock,Cars,BEV,2019,Vehicles,23000.0,Other
Japan,Historical,EV sales,Cars,PHEV,2018,Vehicles,23000.0,Other
Japan,Historical,EV sales,Cars,PHEV,2021,Vehicles,23000.0,Other
Mexico,Historical,EV stock,Cars,PHEV,2024,Vehicles,23000.0,Other
Netherlands,Historical,EV sales,2 and 3 wheelers,BEV,2020,Vehicles,23000.0,Other
Portugal,Historical,EV stock,Cars,BEV,2020,Vehicles,23000.0,Other
Sweden,Historical,EV stock,2 and 3 wheelers,BEV,2024,Vehicles,23000.0,Other
Switzerland,Historical,EV sales,Cars,PHEV,2023,Vehicles,23000.0,Other
Thailand,Historical,EV sales,2 and 3 wheelers,BEV,2024,Vehicles,23000.0,Other
United States,Historical,EV stock,2 and 3 wheelers,BEV,2020,Vehicles,23000.0,Other
United Kingdom,Historical,EV stock,2 and 3 wheelers,BEV,2023,Vehicles,23000.0,Other
World,Historical,EV sales,Vans,BEV,2016,Vehicles,23000.0,_World
Ireland,Historical,EV sales,Cars,BEV,2023,Vehicles,23000.0,Other
Austria,Historical,EV stock,2 and 3 wheelers,BEV,2024,Vehicles,22000.0,Other
Canada,Historical,EV stock,Cars,PHEV,2017,Vehicles,22000.0,Other
Chile,Historical,EV stock,2 and 3 wheelers,BEV,2024,Vehicles,22000.0,Other
China,Historical,EV stock,Buses,PHEV,2015,Vehicles,22000.0,Other
Costa Rica,Historical,EV stock,Cars,BEV,2024,Vehicles,22000.0,Other
Finland,Historical,EV sales,Cars,BEV,2024,Vehicles,22000.0,Other
France,Historical,EV sales,2 and 3 wheelers,BEV,2021,Vehicles,22000.0,Other
Germany,Historical,EV stock,Vans,BEV,2019,Vehicles,22000.0,Other
Iceland,Historical,EV stock,Cars,BEV,2023,Vehicles,22000.0,Other
Iceland,Historical,EV stock,Cars,PHEV,2023,Vehicles,22000.0,Other
Japan,Historical,EV sales,Cars,BEV,2021,Vehicles,22000.0,Other
South Korea,Historical,EV sales,2 and 3 wheelers,BEV,2022,Vehicles,22000.0,Other
Spain,Historical,EV stock,2 and 3 wheelers,BEV,2019,Vehicles,22000.0,Other
Sweden,Historical,EV sales,Cars,PHEV,2018,Vehicles,22000.0,Other
Switzerland,Historical,EV sales,Cars,PHEV,2021,Vehicles,22000.0,Other
Thailand,Historical,EV sales,2 and 3 wheelers,BEV,2023,Vehicles,22000.0,Other
United Kingdom,Historical,EV sales,Vans,BEV,2023,Vehicles,22000.0,Other
World,Historical,EV stock,Buses,PHEV,2015,Vehicles,22000.0,_World
Australia,Historical,EV sales,Cars,PHEV,2024,Vehicles,21000.0,Other
Australia,Historical,EV stock,Cars,PHEV,2022,Vehicles,21000.0,Other
Austria,Historical,EV stock,Cars,BEV,2018,Vehicles,21000.0,Other
Canada,Historical,EV sales,Cars,PHEV,2018,Vehicles,21000.0,Other
Chile,Historical,EV stock,2 and 3 wheelers,BEV,2023,Vehicles,21000.0,Other
France,Historical,EV sales,Vans,BEV,2023,Vehicles,21000.0,Other
France,Historical,EV stock,Vans,BEV,2015,Vehicles,21000.0,Other
Greece,Historical,EV stock,Cars,PHEV,2023,Vehicles,21000.0,Other
Italy,Historical,EV stock,Vans,BEV,2023,Vehicles,21000.0,Other
Japan,Historical,EV sales,2 and 3 wheelers,BEV,2023,Vehicles,21000.0,Other
Japan,Historical,EV sales,Cars,BEV,2019,Vehicles,21000.0,Other
Mexico,Historical,EV stock,2 and 3 wheelers,BEV,2023,Vehicles,21000.0,Other
Netherlands,Historical,EV stock,Cars,BEV,2017,Vehicles,21000.0,Other
New Zealand,Historical,EV sales,Cars,BEV,2023,Vehicles,21000.0,Other
Norway,Historical,EV stock,Vans,BEV,2022,Vehicles,21000.0,Other
Norway,Historical,EV sales,Cars,PHEV,2016,Vehicles,21000.0,Other
South Korea,Historical,EV sales,Vans,BEV,2024,Vehicles,21000.0,Other
Sweden,Historical,EV stock,Vans,BEV,2023,Vehicles,21000.0,Other
Switzerland,Historical,EV stock,Cars,BEV,2018,Vehicles,21000.0,Other
Switzerland,Historical,EV sales,Cars,PHEV,2024,Vehicles,21000.0,Other
United Kingdom,Historical,EV sales,Vans,BEV,2024,Vehicles,21000.0,Other
United Kingdom,Historical,EV stock,Cars,BEV,2015,Vehicles,21000.0,Other
Austria,Historical,EV stock,2 and 3 wheelers,BEV,2023,Vehicles,20000.0,Other
Canada,Historical,EV stock,Vans,BEV,2023,Vehicles,20000.0,Other
Chile,Historical,EV stock,2 and 3 wheelers,BEV,2022,Vehicles,20000.0,Other
Denmark,Historical,EV stock,2 and 3 wheelers,BEV,2024,Vehicles,20000.0,Other
Finland,Historical,EV sales,Cars,PHEV,2021,Vehicles,20000.0,Other
Germany,Historical,EV stock,2 and 3 wheelers,BEV,2020,Vehicles,20000.0,Other
Japan,Historical,EV stock,Vans,BEV,2024,Vehicles,20000.0,Other
Mexico,Historical,EV sales,Cars,BEV,2024,Vehicles,20000.0,Other
Spain,Historical,EV stock,Vans,BEV,2023,Vehicles,20000.0,Other
Switzerland,Historical,EV stock,2 and 3 wheelers,BEV,2024,Vehicles,20000.0,Other
Switzerland,Historical,EV sales,Cars,BEV,2020,Vehicles,20000.0,Other
Belgium,Historical,EV stock,Cars,BEV,2019,Vehicles,19000.0,Other
Brazil,Historical,EV sales,Cars,BEV,2023,Vehicles,19000.0,Other
Canada,Historical,EV sales,Cars,PHEV,2019,Vehicles,19000.0,Other
Chile,Historical,EV stock,2 and 3 wheelers,BEV,2021,Vehicles,19000.0,Other
Colombia,Historical,EV stock,Cars,BEV,2024,Vehicles,19000.0,Other
France,Historical,EV sales,Vans,BEV,2024,Vehicles,19000.0,Other
France,Historical,EV sales,Cars,PHEV,2019,Vehicles,19000.0,Other
Germany,Historical,EV sales,Vans,BEV,2023,Vehicles,19000.0,Other
Germany,Historical,EV stock,Cars,PHEV,2015,Vehicles,19000.0,Other
Iceland,Historical,EV stock,Cars,PHEV,2022,Vehicles,19000.0,Other
Netherlands,Historical,EV sales,2 and 3 wheelers,BEV,2023,Vehicles,19000.0,Other
New Zealand,Historical,EV sales,Cars,BEV,2022,Vehicles,19000.0,Other
New Zealand,Historical,EV stock,Cars,PHEV,2022,Vehicles,19000.0,Other
Norway,Historical,EV sales,Cars,PHEV,2019,Vehicles,19000.0,Other
Poland,Historical,EV stock,Cars,PHEV,2021,Vehicles,19000.0,Other
South Korea,Historical,EV stock,2 and 3 wheelers,BEV,2020,Vehicles,19000.0,Other
South Korea,Historical,EV stock,Cars,FCEV,2021,Vehicles,19000.0,Other
South Korea,Historical,EV sales,Cars,PHEV,2021,Vehicles,19000.0,Other
Spain,Historical,EV stock,Cars,PHEV,2019,Vehicles,19000.0,Other
Sweden,Historical,EV stock,Cars,PHEV,2016,Vehicles,19000.0,Other
Switzerland,Historical,EV sales,Cars,PHEV,2022,Vehicles,19000.0,Other
United States,Historical,EV stock,Cars,FCEV,2024,Vehicles,19000.0,Other
United Kingdom,Historical,EV sales,Cars,PHEV,2015,Vehicles,19000.0,Other
World,Historical,EV stock,Cars,FCEV,2019,Vehicles,19000.0,_World
Australia,Historical,EV stock,2 and 3 wheelers,BEV,2023,Vehicles,18000.0,Other
Canada,Historical,EV stock,Vans,PHEV,2024,Vehicles,18000.0,Other
Denmark,Historical,EV stock,2 and 3 wheelers,BEV,2023,Vehicles,18000.0,Other
Denmark,Historical,EV sales,Cars,PHEV,2020,Vehicles,18000.0,Other
Finland,Historical,EV sales,Cars,PHEV,2023,Vehicles,18000.0,Other
France,Historical,EV sales,Cars,BEV,2015,Vehicles,18000.0,Other
Germany,Historical,EV sales,Vans,BEV,2022,Vehicles,18000.0,Other
Greece,Historical,EV stock,Cars,BEV,2024,Vehicles,18000.0,Other
Japan,Historical,EV sales,Cars,BEV,2017,Vehicles,18000.0,Other
Japan,Historical,EV sales,Cars,PHEV,2019,Vehicles,18000.0,Other
Netherlands,Historical,EV sales,Cars,PHEV,2017,Vehicles,18000.0,Other
Poland,Historical,EV stock,Cars,BEV,2021,Vehicles,18000.0,Other
Portugal,Historical,EV sales,Cars,BEV,2022,Vehicles,18000.0,Other
Spain,Historical,EV sales,Cars,BEV,2020,Vehicles,18000.0,Other
Thailand,Historical,EV stock,Cars,PHEV,2019,Vehicles,18000.0,Other
Turkey,Historical,EV stock,2 and 3 wheelers,BEV,2018,Vehicles,18000.0,Other
United States,Historical,EV stock,Cars,FCEV,2023,Vehicles,18000.0,Other
World,Historical,EV stock,Vans,PHEV,2022,Vehicles,18000.0,_World
World,Historical,EV sales,Trucks,BEV,2020,Vehicles,18000.0,_World
World,Historical,EV stock,Trucks,BEV,2015,Vehicles,18000.0,_World
Australia,Historical,EV sales,Cars,BEV,2021,Vehicles,17000.0,Other
Australia,Historical,EV stock,Cars,BEV,2020,Vehicles,17000.0,Other
Austria,Historical,EV stock,2 and 3 wheelers,BEV,2022,Vehicles,17000.0,Other
Austria,Historical,EV sales,Cars,PHEV,2023,Vehicles,17000.0,Other
Austria,Historical,EV sales,Cars,PHEV,2024,Vehicles,17000.0,Other
China,Historical,EV sales,Trucks,BEV,2015,Vehicles,17000.0,Other
China,Historical,EV sales,Trucks,BEV,2020,Vehicles,17000.0,Other
China,Historical,EV stock,Trucks,BEV,2015,Vehicles,17000.0,Other
Denmark,Historical,EV sales,Cars,PHEV,2023,Vehicles,17000.0,Other
France,Historical,EV stock,Cars,PHEV,2016,Vehicles,17000.0,Other
Germany,Historical,EV sales,2 and 3 wheelers,BEV,2023,Vehicles,17000.0,Other
Germany,Historical,EV stock,Vans,BEV,2018,Vehicles,17000.0,Other
Indonesia,Historical,EV stock,2 and 3 wheelers,BEV,2018,Vehicles,17000.0,Other
Indonesia,Historical,EV sales,Cars,BEV,2023,Vehicles,17000.0,Other
Italy,Historical,EV stock,Cars,PHEV,2019,Vehicles,17000.0,Other
New Zealand,Historical,EV stock,Cars,BEV,2020,Vehicles,17000.0,Other
Poland,Historical,EV stock,2 and 3 wheelers,BEV,2024,Vehicles,17000.0,Other
Poland,Historical,EV sales,Cars,BEV,2023,Vehicles,17000.0,Other
Poland,Historical,EV sales,Cars,BEV,2024,Vehicles,17000.0,Other
Sweden,Historical,EV stock,2 and 3 wheelers,BEV,2022,Vehicles,17000.0,Other
Sweden,Historical,EV stock,Cars,BEV,2018,Vehicles,17000.0,Other
Thailand,Historical,EV stock,2 and 3 wheelers,BEV,2022,Vehicles,17000.0,Other
United States,Historical,EV sales,Vans,BEV,2023,Vehicles,17000.0,Other
United Kingdom,Historical,EV sales,Vans,BEV,2022,Vehicles,17000.0,Other
Uzbekistan,Historical,EV sales,Cars,PHEV,2024,Vehicles,17000.0,Other
World,Historical,EV sales,Trucks,BEV,2015,Vehicles,17000.0,_World
Ireland,Historical,EV sales,Cars,BEV,2024,Vehicles,17000.0,Other
Austria,Historical,EV sales,Cars,BEV,2020,Vehicles,16000.0,Other
Chile,Historical,EV stock,2 and 3 wheelers,BEV,2020,Vehicles,16000.0,Other
China,Historical,EV stock,Trucks,FCEV,2024,Vehicles,16000.0,Other
Denmark,Historical,EV stock,Cars,BEV,2019,Vehicles,16000.0,Other
Finland,Historical,EV sales,Cars,PHEV,2022,Vehicles,16000.0,Other
Israel,Historical,EV sales,Cars,PHEV,2022,Vehicles,16000.0,Other
Israel,Historical,EV sales,Cars,PHEV,2023,Vehicles,16000.0,Other
Italy,Historical,EV sales,2 and 3 wheelers,BEV,2022,Vehicles,16000.0,Other
Japan,Historical,EV sales,2 and 3 wheelers,BEV,2022,Vehicles,16000.0,Other
Mexico,Historical,EV stock,2 and 3 wheelers,BEV,2022,Vehicles,16000.0,Other
Mexico,Historical,EV stock,Cars,PHEV,2023,Vehicles,16000.0,Other
Netherlands,Historical,EV sales,2 and 3 wheelers,BEV,2024,Vehicles,16000.0,Other
Norway,Historical,EV sales,Cars,PHEV,2022,Vehicles,16000.0,Other
Portugal,Historical,EV stock,Cars,BEV,2019,Vehicles,16000.0,Other
Portugal,Historical,EV sales,Cars,PHEV,2021,Vehicles,16000.0,Other
Portugal,Historical,EV sales,Cars,PHEV,2022,Vehicles,16000.0,Other
South Korea,Historical,EV stock,Vans,BEV,2020,Vehicles,16000.0,Other
Spain,Historical,EV sales,2 and 3 wheelers,BEV,2022,Vehicles,16000.0,Other
Spain,Historical,EV stock,Cars,BEV,2018,Vehicles,16000.0,Other
Sweden,Historical,EV sales,Cars,BEV,2019,Vehicles,16000.0,Other
Sweden,Historical,EV sales,Cars,PHEV,2017,Vehicles,16000.0,Other
Switzerland,Historical,EV stock,2 and 3 wheelers,BEV,2023,Vehicles,16000.0,Other
Switzerland,Historical,EV stock,Cars,BEV,2017,Vehicles,16000.0,Other
Switzerland,Historical,EV stock,Cars,PHEV,2019,Vehicles,16000.0,Other
United States,Historical,EV stock,2 and 3 wheelers,BEV,2019,Vehicles,16000.0,Other
United Kingdom,Historical,EV stock,Vans,BEV,2020,Vehicles,16000.0,Other
United Kingdom,Historical,EV sales,Cars,BEV,2018,Vehicles,16000.0,Other
World,Historical,EV sales,Cars,FCEV,2021,Vehicles,16000.0,_World
World,Historical,EV stock,Trucks,FCEV,2024,Vehicles,16000.0,_World
Ireland,Historical,EV sales,Cars,BEV,2022,Vehicles,16000.0,Other
Austria,Historical,EV stock,Cars,BEV,2017,Vehicles,15000.0,Other
Austria,Historical,EV sales,Cars,PHEV,2021,Vehicles,15000.0,Other
Austria,Historical,EV stock,Cars,PHEV,2020,Vehicles,15000.0,Other
Belgium,Historical,EV sales,Cars,BEV,2020,Vehicles,15000.0,Other
Brazil,Historical,EV stock,Cars,PHEV,2021,Vehicles,15000.0,Other
Canada,Historical,EV stock,Cars,BEV,2016,Vehicles,15000.0,Other
China,Historical,EV sales,Vans,BEV,2015,Vehicles,15000.0,Other
China,Historical,EV stock,Vans,BEV,2015,Vehicles,15000.0,Other
Finland,Historical,EV sales,Cars,BEV,2022,Vehicles,15000.0,Other
Finland,Historical,EV sales,Cars,PHEV,2024,Vehicles,15000.0,Other
France,Historical,EV sales,2 and 3 wheelers,BEV,2019,Vehicles,15000.0,Other
France,Historical,EV stock,2 and 3 wheelers,BEV,2017,Vehicles,15000.0,Other
France,Historical,EV sales,Cars,PHEV,2018,Vehicles,15000.0,Other
Germany,Historical,EV stock,2 and 3 wheelers,BEV,2019,Vehicles,15000.0,Other
Israel,Historical,EV stock,Cars,BEV,2021,Vehicles,15000.0,Other
Israel,Historical,EV stock,Cars,PHEV,2020,Vehicles,15000.0,Other
Japan,Historical,EV stock,Vans,BEV,2023,Vehicles,15000.0,Other
Japan,Historical,EV sales,Cars,BEV,2016,Vehicles,15000.0,Other
Japan,Historical,EV sales,Cars,BEV,2020,Vehicles,15000.0,Other
Japan,Historical,EV sales,Cars,PHEV,2020,Vehicles,15000.0,Other
Malaysia,Historical,EV stock,2 and 3 wheelers,BEV,2024,Vehicles,15000.0,Other
Netherlands,Historical,EV sales,Cars,PHEV,2020,Vehicles,15000.0,Other
Poland,Historical,EV stock,2 and 3 wheelers,BEV,2022,Vehicles,15000.0,Other
Poland,Historical,EV stock,2 and 3 wheelers,BEV,2023,Vehicles,15000.0,Other
Poland,Historical,EV sales,Cars,PHEV,2024,Vehicles,15000.0,Other
Turkey,Historical,EV sales,2 and 3 wheelers,BEV,2022,Vehicles,15000.0,Other
United States,Historical,EV stock,Cars,FCEV,2022,Vehicles,15000.0,Other
World,Historical,EV sales,Cars,FCEV,2022,Vehicles,15000.0,_World
Romania,Historical,EV sales,Cars,BEV,2023,Vehicles,15000.0,Other
Australia,Historical,EV stock,Cars,PHEV,2021,Vehicles,14000.0,Other
Austria,Historical,EV stock,2 and 3 wheelers,BEV,2021,Vehicles,14000.0,Other
Brazil,Historical,EV stock,2 and 3 wheelers,BEV,2024,Vehicles,14000.0,Other
Canada,Historical,EV sales,Cars,PHEV,2020,Vehicles,14000.0,Other
Canada,Historical,EV stock,Cars,PHEV,2016,Vehicles,14000.0,Other
Denmark,Historical,EV sales,Cars,BEV,2020,Vehicles,14000.0,Other
Iceland,Historical,EV stock,Cars,BEV,2022,Vehicles,14000.0,Other
Japan,Historical,EV sales,Cars,PHEV,2015,Vehicles,14000.0,Other
Mexico,Historical,EV sales,Cars,BEV,2023,Vehicles,14000.0,Other
Mexico,Historical,EV stock,Cars,PHEV,2022,Vehicles,14000.0,Other
Netherlands,Historical,EV stock,Vans,BEV,2022,Vehicles,14000.0,Other
Poland,Historical,EV sales,Cars,BEV,2022,Vehicles,14000.0,Other
Portugal,Historical,EV stock,Cars,PHEV,2019,Vehicles,14000.0,Other
South Korea,Historical,EV sales,Vans,BEV,2020,Vehicles,14000.0,Other
South Korea,Historical,EV sales,Cars,BEV,2017,Vehicles,14000.0,Other
Spain,Historical,EV sales,2 and 3 wheelers,BEV,2020,Vehicles,14000.0,Other
Spain,Historical,EV sales,2 and 3 wheelers,BEV,2023,Vehicles,14000.0,Other
Spain,Historical,EV stock,Vans,BEV,2022,Vehicles,14000.0,Other
Switzerland,Historical,EV sales,Cars,PHEV,2020,Vehicles,14000.0,Other
Switzerland,Historical,EV stock,Cars,PHEV,2018,Vehicles,14000.0,Other
Thailand,Historical,EV stock,Cars,BEV,2022,Vehicles,14000.0,Other
Turkey,Historical,EV stock,Cars,BEV,2022,Vehicles,14000.0,Other
United States,Historical,EV stock,Vans,BEV,2022,Vehicles,14000.0,Other
United Kingdom,Historical,EV sales,Cars,BEV,2017,Vehicles,14000.0,Other
World,Historical,EV sales,Buses,PHEV,2015,Vehicles,14000.0,_World
World,Historical,EV sales,Trucks,BEV,2021,Vehicles,14000.0,_World
Austria,Historical,EV sales,Cars,PHEV,2022,Vehicles,13000.0,Other
Brazil,Historical,EV stock,Cars,BEV,2022,Vehicles,13000.0,Other
China,Historical,EV sales,Buses,PHEV,2015,Vehicles,13000.0,Other
Colombia,Historical,EV stock,2 and 3 wheelers,BEV,2024,Vehicles,13000.0,Other
Denmark,Historical,EV stock,2 and 3 wheelers,BEV,2022,Vehicles,13000.0,Other
Finland,Historical,EV sales,Cars,PHEV,2020,Vehicles,13000.0,Other
Finland,Historical,EV stock,Cars,PHEV,2018,Vehicles,13000.0,Other
France,Historical,EV sales,2 and 3 wheelers,BEV,2020,Vehicles,13000.0,Other
France,Historical,EV sales,Vans,BEV,2022,Vehicles,13000.0,Other
Germany,Historical,EV sales,Vans,BEV,2021,Vehicles,13000.0,Other
Germany,Historical,EV sales,Vans,BEV,2024,Vehicles,13000.0,Other
Germany,Historical,EV sales,Cars,PHEV,2016,Vehicles,13000.0,Other
Greece,Historical,EV stock,Cars,BEV,2023,Vehicles,13000.0,Other
Iceland,Historical,EV stock,Cars,PHEV,2021,Vehicles,13000.0,Other
India,Historical,EV stock,Vans,BEV,2024,Vehicles,13000.0,Other
Indonesia,Historical,EV sales,2 and 3 wheelers,BEV,2018,Vehicles,13000.0,Other
Israel,Historical,EV sales,Cars,PHEV,2021,Vehicles,13000.0,Other
Italy,Historical,EV stock,2 and 3 wheelers,BEV,2019,Vehicles,13000.0,Other
Italy,Historical,EV stock,Vans,BEV,2022,Vehicles,13000.0,Other
Italy,Historical,EV stock,Cars,BEV,2018,Vehicles,13000.0,Other
Mexico,Historical,EV stock,2 and 3 wheelers,BEV,2021,Vehicles,13000.0,Other
Netherlands,Historical,EV sales,2 and 3 wheelers,BEV,2019,Vehicles,13000.0,Other
Netherlands,Historical,EV stock,Cars,BEV,2016,Vehicles,13000.0,Other
New Zealand,Historical,EV stock,Cars,BEV,2019,Vehicles,13000.0,Other
Poland,Historical,EV sales,Cars,PHEV,2023,Vehicles,13000.0,Other
Portugal,Historical,EV sales,Cars,BEV,2021,Vehicles,13000.0,Other
South Korea,Historical,EV sales,2 and 3 wheelers,BEV,2020,Vehicles,13000.0,Other
Sweden,Historical,EV stock,Vans,BEV,2022,Vehicles,13000.0,Other
Switzerland,Historical,EV sales,Cars,BEV,2019,Vehicles,13000.0,Other
United Kingdom,Historical,EV stock,2 and 3 wheelers,BEV,2022,Vehicles,13000.0,Other
Luxembourg,Historical,EV sales,Cars,BEV,2024,Vehicles,13000.0,Other
Ireland,Historical,EV sales,Cars,PHEV,2024,Vehicles,13000.0,Other
Australia,Historical,EV stock,Cars,BEV,2019,Vehicles,12000.0,Other
Belgium,Historical,EV stock,2 and 3 wheelers,BEV,2017,Vehicles,12000.0,Other
Belgium,Historical,EV sales,Cars,PHEV,2017,Vehicles,12000.0,Other
Chile,Historical,EV stock,2 and 3 wheelers,BEV,2018,Vehicles,12000.0,Other
Chile,Historical,EV stock,2 and 3 wheelers,BEV,2019,Vehicles,12000.0,Other
China,Historical,EV sales,Trucks,BEV,2021,Vehicles,12000.0,Other
Colombia,Historical,EV stock,2 and 3 wheelers,BEV,2023,Vehicles,12000.0,Other
Denmark,Historical,EV stock,Vans,BEV,2024,Vehicles,12000.0,Other
France,Historical,EV sales,Cars,PHEV,2017,Vehicles,12000.0,Other
Germany,Historical,EV sales,Cars,BEV,2015,Vehicles,12000.0,Other
Greece,Historical,EV stock,Cars,PHEV,2022,Vehicles,12000.0,Other
India,Historical,EV stock,Buses,BEV,2024,Vehicles,12000.0,Other
India,Historical,EV sales,Cars,BEV,2021,Vehicles,12000.0,Other
India,Historical,EV stock,Cars,BEV,2020,Vehicles,12000.0,Other
Indonesia,Historical,EV stock,Cars,BEV,2022,Vehicles,12000.0,Other
Italy,Historical,EV sales,2 and 3 wheelers,BEV,2023,Vehicles,12000.0,Other
Japan,Historical,EV stock,2 and 3 wheelers,BEV,2021,Vehicles,12000.0,Other
Malaysia,Historical,EV stock,2 and 3 wheelers,BEV,2023,Vehicles,12000.0,Other
Netherlands,Historical,EV sales,Cars,PHEV,2015,Vehicles,12000.0,Other
Portugal,Historical,EV sales,Cars,PHEV,2020,Vehicles,12000.0,Other
South Korea,Historical,EV sales,2 and 3 wheelers,BEV,2021,Vehicles,12000.0,Other
South Korea,Historical,EV sales,Cars,PHEV,2023,Vehicles,12000.0,Other
Spain,Historical,EV stock,Cars,PHEV,2018,Vehicles,12000.0,Other
Sweden,Historical,EV stock,2 and 3 wheelers,BEV,2021,Vehicles,12000.0,Other
Switzerland,Historical,EV stock,2 and 3 wheelers,BEV,2022,Vehicles,12000.0,Other
Switzerland,Historical,EV stock,Vans,BEV,2024,Vehicles,12000.0,Other
Thailand,Historical,EV sales,Cars,PHEV,2023,Vehicles,12000.0,Other
Turkey,Historical,EV stock,2 and 3 wheelers,BEV,2017,Vehicles,12000.0,Other
Turkey,Historical,EV stock,Cars,PHEV,2024,Vehicles,12000.0,Other
United States,Historical,EV stock,Cars,FCEV,2021,Vehicles,12000.0,Other
United Kingdom,Historical,EV sales,Vans,BEV,2021,Vehicles,12000.0,Other
World,Historical,EV sales,Vans,PHEV,2024,Vehicles,12000.0,_World
World,Historical,EV stock,Vans,PHEV,2021,Vehicles,12000.0,_World
Romania,Historical,EV sales,Cars,BEV,2022,Vehicles,12000.0,Other
Australia,Historical,EV sales,Cars,PHEV,2023,Vehicles,11000.0,Other
Austria,Historical,EV stock,2 and 3 wheelers,BEV,2020,Vehicles,11000.0,Other
Belgium,Historical,EV stock,Cars,BEV,2018,Vehicles,11000.0,Other
Belgium,Historical,EV stock,Cars,PHEV,2016,Vehicles,11000.0,Other
Brazil,Historical,EV sales,Cars,PHEV,2021,Vehicles,11000.0,Other
Canada,Historical,EV sales,Vans,BEV,2024,Vehicles,11000.0,Other
Canada,Historical,EV stock,Vans,BEV,2022,Vehicles,11000.0,Other
Canada,Historical,EV stock,Vans,PHEV,2023,Vehicles,11000.0,Other
China,Historical,EV sales,Vans,BEV,2016,Vehicles,11000.0,Other
Colombia,Historical,EV sales,Cars,BEV,2024,Vehicles,11000.0,Other
Costa Rica,Historical,EV sales,Cars,BEV,2024,Vehicles,11000.0,Other
Costa Rica,Historical,EV stock,Cars,BEV,2023,Vehicles,11000.0,Other
Germany,Historical,EV stock,Vans,BEV,2017,Vehicles,11000.0,Other
Germany,Historical,EV sales,Cars,BEV,2016,Vehicles,11000.0,Other
Germany,Historical,EV sales,Cars,PHEV,2015,Vehicles,11000.0,Other
Indonesia,Historical,EV sales,Cars,BEV,2022,Vehicles,11000.0,Other
Israel,Historical,EV sales,Cars,BEV,2021,Vehicles,11000.0,Other
Italy,Historical,EV sales,Cars,BEV,2019,Vehicles,11000.0,Other
Japan,Historical,EV stock,Vans,BEV,2021,Vehicles,11000.0,Other
Malaysia,Historical,EV stock,2 and 3 wheelers,BEV,2022,Vehicles,11000.0,Other
Malaysia,Historical,EV stock,Cars,BEV,2023,Vehicles,11000.0,Other
Netherlands,Historical,EV sales,Vans,BEV,2024,Vehicles,11000.0,Other
Norway,Historical,EV stock,Vans,BEV,2021,Vehicles,11000.0,Other
Poland,Historical,EV stock,2 and 3 wheelers,BEV,2021,Vehicles,11000.0,Other
Poland,Historical,EV sales,Cars,PHEV,2022,Vehicles,11000.0,Other
South Korea,Historical,EV stock,Buses,BEV,2024,Vehicles,11000.0,Other
South Korea,Historical,EV sales,Cars,PHEV,2022,Vehicles,11000.0,Other
South Korea,Historical,EV stock,Cars,PHEV,2019,Vehicles,11000.0,Other
Spain,Historical,EV sales,2 and 3 wheelers,BEV,2019,Vehicles,11000.0,Other
Spain,Historical,EV sales,2 and 3 wheelers,BEV,2021,Vehicles,11000.0,Other
Spain,Historical,EV sales,2 and 3 wheelers,BEV,2024,Vehicles,11000.0,Other
Spain,Historical,EV stock,2 and 3 wheelers,BEV,2018,Vehicles,11000.0,Other
Sweden,Historical,EV stock,Cars,BEV,2017,Vehicles,11000.0,Other
Switzerland,Historical,EV stock,Cars,BEV,2016,Vehicles,11000.0,Other
Thailand,Historical,EV sales,Cars,PHEV,2022,Vehicles,11000.0,Other
World,Historical,EV stock,Buses,FCEV,2024,Vehicles,11000.0,_World
World,Historical,EV stock,Cars,FCEV,2018,Vehicles,11000.0,_World
World,Historical,EV stock,Trucks,FCEV,2023,Vehicles,11000.0,_World
Czechia,Historical,EV sales,Cars,BEV,2024,Vehicles,11000.0,Other
Luxembourg,Historical,EV sales,Cars,BEV,2023,Vehicles,11000.0,Other
Australia,Historical,EV stock,Cars,PHEV,2020,Vehicles,10000.0,Other
Brazil,Historical,EV stock,2 and 3 wheelers,BEV,2023,Vehicles,10000.0,Other
Brazil,Historical,EV sales,Cars,PHEV,2022,Vehicles,10000.0,Other
China,Historical,EV stock,Trucks,FCEV,2023,Vehicles,10000.0,Other
Colombia,Historical,EV stock,2 and 3 wheelers,BEV,2022,Vehicles,10000.0,Other
Denmark,Historical,EV stock,Cars,BEV,2018,Vehicles,10000.0,Other
Finland,Historical,EV sales,Cars,BEV,2021,Vehicles,10000.0,Other
France,Historical,EV sales,2 and 3 wheelers,BEV,2018,Vehicles,10000.0,Other
Germany,Historical,EV stock,2 and 3 wheelers,BEV,2018,Vehicles,10000.0,Other
Greece,Historical,EV sales,Cars,PHEV,2023,Vehicles,10000.0,Other
Iceland,Historical,EV sales,Cars,BEV,2023,Vehicles,10000.0,Other
Italy,Historical,EV sales,2 and 3 wheelers,BEV,2021,Vehicles,10000.0,Other
Italy,Historical,EV sales,2 and 3 wheelers,BEV,2024,Vehicles,10000.0,Other
Italy,Historical,EV stock,Cars,PHEV,2018,Vehicles,10000.0,Other
Japan,Historical,EV stock,Vans,BEV,2020,Vehicles,10000.0,Other
Japan,Historical,EV sales,Cars,BEV,2015,Vehicles,10000.0,Other
Malaysia,Historical,EV stock,Cars,PHEV,2022,Vehicles,10000.0,Other
Mexico,Historical,EV stock,Cars,BEV,2022,Vehicles,10000.0,Other
Norway,Historical,EV sales,Cars,PHEV,2023,Vehicles,10000.0,Other
Norway,Historical,EV stock,Cars,PHEV,2015,Vehicles,10000.0,Other
Russia,Historical,EV stock,Cars,BEV,2024,Vehicles,10000.0,Other
South Korea,Historical,EV stock,Cars,BEV,2016,Vehicles,10000.0,Other
South Korea,Historical,EV sales,Cars,FCEV,2022,Vehicles,10000.0,Other
South Korea,Historical,EV stock,Cars,FCEV,2020,Vehicles,10000.0,Other
Spain,Historical,EV stock,Vans,BEV,2021,Vehicles,10000.0,Other
Spain,Historical,EV sales,Cars,BEV,2019,Vehicles,10000.0,Other
Spain,Historical,EV stock,Cars,BEV,2017,Vehicles,10000.0,Other
Sweden,Historical,EV sales,Cars,PHEV,2016,Vehicles,10000.0,Other
Switzerland,Historical,EV stock,Vans,BEV,2023,Vehicles,10000.0,Other
United Kingdom,Historical,EV stock,Vans,BEV,2019,Vehicles,10000.0,Other
United Kingdom,Historical,EV sales,Cars,BEV,2015,Vehicles,10000.0,Other
United Kingdom,Historical,EV sales,Cars,BEV,2016,Vehicles,10000.0,Other
Ireland,Historical,EV sales,Cars,PHEV,2023,Vehicles,10000.0,Other
Canada,Historical,EV stock,Cars,BEV,2015,Vehicles,9900.0,Other
Denmark,Historical,EV stock,Cars,PHEV,2019,Vehicles,9900.0,Other
Italy,Historical,EV sales,2 and 3 wheelers,BEV,2020,Vehicles,9900.0,Other
Mexico,Historical,EV stock,Cars,PHEV,2021,Vehicles,9900.0,Other
Netherlands,Historical,EV sales,Vans,BEV,2023,Vehicles,9900.0,Other
Thailand,Historical,EV sales,Cars,BEV,2022,Vehicles,9900.0,Other
Colombia,Historical,EV stock,2 and 3 wheelers,BEV,2021,Vehicles,9800.0,Other
Sweden,Historical,EV stock,Cars,PHEV,2015,Vehicles,9800.0,Other
Romania,Historical,EV sales,Cars,BEV,2024,Vehicles,9800.0,Other
Finland,Historical,EV stock,Cars,BEV,2020,Vehicles,9700.0,Other
Mexico,Historical,EV stock,2 and 3 wheelers,BEV,2020,Vehicles,9700.0,Other
Norway,Historical,EV stock,Vans,BEV,2020,Vehicles,9700.0,Other
Turkey,Historical,EV sales,2 and 3 wheelers,BEV,2021,Vehicles,9700.0,Other
United States,Historical,EV stock,2 and 3 wheelers,BEV,2018,Vehicles,9700.0,Other
Belgium,Historical,EV sales,Cars,PHEV,2018,Vehicles,9600.0,Other
Iceland,Historical,EV stock,Cars,PHEV,2020,Vehicles,9600.0,Other
Thailand,Historical,EV sales,Cars,PHEV,2019,Vehicles,9600.0,Other
United States,Historical,EV sales,2 and 3 wheelers,BEV,2022,Vehicles,9600.0,Other
Belgium,Historical,EV stock,Vans,BEV,2024,Vehicles,9500.0,Other
Colombia,Historical,EV stock,Cars,PHEV,2024,Vehicles,9500.0,Other
Germany,Historical,EV stock,Trucks,BEV,2024,Vehicles,9500.0,Other
United States,Historical,EV stock,Buses,BEV,2024,Vehicles,9500.0,Other
World,Historical,EV stock,Vans,PHEV,2020,Vehicles,9500.0,_World
Austria,Historical,EV stock,2 and 3 wheelers,BEV,2019,Vehicles,9400.0,Other
Denmark,Historical,EV stock,2 and 3 wheelers,BEV,2021,Vehicles,9400.0,Other
Italy,Historical,EV stock,Vans,BEV,2021,Vehicles,9400.0,Other
Japan,Historical,EV sales,Cars,PHEV,2016,Vehicles,9400.0,Other
Netherlands,Historical,EV stock,Cars,BEV,2015,Vehicles,9400.0,Other
New Zealand,Historical,EV stock,Cars,PHEV,2021,Vehicles,9400.0,Other
Poland,Historical,EV stock,Cars,BEV,2020,Vehicles,9400.0,Other
Thailand,Historical,EV sales,Cars,PHEV,2024,Vehicles,9400.0,Other
United Kingdom,Historical,EV stock,2 and 3 wheelers,BEV,2021,Vehicles,9400.0,Other
Austria,Historical,EV sales,Cars,BEV,2019,Vehicles,9300.0,Other
France,Historical,EV stock,Cars,PHEV,2015,Vehicles,9300.0,Other
Malaysia,Historical,EV stock,Cars,PHEV,2018,Vehicles,9300.0,Other
Israel,Historical,EV stock,Cars,PHEV,2019,Vehicles,9200.0,Other
Malaysia,Historical,EV sales,Cars,BEV,2023,Vehicles,9200.0,Other
Netherlands,Historical,EV stock,Vans,BEV,2021,Vehicles,9200.0,Other
New Zealand,Historical,EV sales,Cars,PHEV,2022,Vehicles,9200.0,Other
Russia,Historical,EV stock,2 and 3 wheelers,BEV,2015,Vehicles,9200.0,Other
Russia,Historical,EV stock,2 and 3 wheelers,BEV,2016,Vehicles,9200.0,Other
Russia,Historical,EV stock,2 and 3 wheelers,BEV,2017,Vehicles,9200.0,Other
Russia,Historical,EV stock,2 and 3 wheelers,BEV,2018,Vehicles,9200.0,Other
Russia,Historical,EV stock,2 and 3 wheelers,BEV,2019,Vehicles,9200.0,Other
Russia,Historical,EV stock,2 and 3 wheelers,BEV,2020,Vehicles,9200.0,Other
Russia,Historical,EV stock,2 and 3 wheelers,BEV,2021,Vehicles,9200.0,Other
Russia,Historical,EV stock,2 and 3 wheelers,BEV,2022,Vehicles,9200.0,Other
Russia,Historical,EV stock,2 and 3 wheelers,BEV,2023,Vehicles,9200.0,Other
Russia,Historical,EV stock,2 and 3 wheelers,BEV,2024,Vehicles,9200.0,Other
South Korea,Historical,EV sales,Cars,FCEV,2021,Vehicles,9200.0,Other
Thailand,Historical,EV sales,2 and 3 wheelers,BEV,2022,Vehicles,9200.0,Other
United States,Historical,EV stock,Cars,FCEV,2020,Vehicles,9200.0,Other
Uzbekistan,Historical,EV sales,Cars,PHEV,2023,Vehicles,9200.0,Other
Uzbekistan,Historical,EV stock,Cars,PHEV,2023,Vehicles,9200.0,Other
Austria,Historical,EV stock,Cars,BEV,2016,Vehicles,9100.0,Other
Canada,Historical,EV sales,Vans,BEV,2023,Vehicles,9100.0,Other
Poland,Historical,EV sales,Cars,PHEV,2021,Vehicles,9100.0,Other
New Zealand,Historical,EV sales,Cars,PHEV,2023,Vehicles,9000.0,Other
Switzerland,Historical,EV stock,Cars,PHEV,2017,Vehicles,9000.0,Other
United States,Historical,EV sales,Vans,BEV,2022,Vehicles,9000.0,Other
World,Historical,EV sales,Cars,FCEV,2023,Vehicles,9000.0,_World
Belgium,Historical,EV sales,Cars,PHEV,2019,Vehicles,8900.0,Other
New Zealand,Historical,EV stock,Cars,BEV,2018,Vehicles,8900.0,Other
United States,Historical,EV sales,2 and 3 wheelers,BEV,2021,Vehicles,8900.0,Other
World,Historical,EV stock,Buses,FCEV,2023,Vehicles,8900.0,_World
Belgium,Historical,EV sales,Cars,BEV,2019,Vehicles,8800.0,Other
Denmark,Historical,EV stock,Cars,BEV,2017,Vehicles,8800.0,Other
Germany,Historical,EV sales,Vans,BEV,2020,Vehicles,8800.0,Other
Norway,Historical,EV sales,Vans,BEV,2023,Vehicles,8800.0,Other
Canada,Historical,EV sales,Cars,BEV,2017,Vehicles,8700.0,Other
Denmark,Historical,EV stock,Cars,BEV,2016,Vehicles,8700.0,Other
Greece,Historical,EV sales,Cars,BEV,2024,Vehicles,8700.0,Other
Japan,Historical,EV stock,Vans,BEV,2019,Vehicles,8700.0,Other
Portugal,Historical,EV stock,Cars,BEV,2018,Vehicles,8700.0,Other
South Korea,Historical,EV sales,Cars,PHEV,2020,Vehicles,8700.0,Other
Sweden,Historical,EV sales,Vans,BEV,2023,Vehicles,8700.0,Other
Australia,Historical,EV stock,Cars,PHEV,2019,Vehicles,8600.0,Other
Chile,Historical,EV stock,Cars,BEV,2024,Vehicles,8600.0,Other
France,Historical,EV sales,Vans,BEV,2021,Vehicles,8600.0,Other
India,Historical,EV stock,Cars,BEV,2019,Vehicles,8600.0,Other
Netherlands,Historical,EV sales,2 and 3 wheelers,BEV,2018,Vehicles,8600.0,Other
Hungary,Historical,EV sales,Cars,BEV,2024,Vehicles,8600.0,Other
Ireland,Historical,EV sales,Cars,BEV,2021,Vehicles,8600.0,Other
Brazil,Historical,EV sales,Cars,BEV,2022,Vehicles,8500.0,Other
Iceland,Historical,EV stock,Cars,BEV,2021,Vehicles,8500.0,Other
Sweden,Historical,EV sales,Vans,BEV,2024,Vehicles,8500.0,Other
Thailand,Historical,EV sales,Cars,PHEV,2018,Vehicles,8500.0,Other
Thailand,Historical,EV stock,Cars,PHEV,2018,Vehicles,8500.0,Other
Australia,Historical,EV stock,2 and 3 wheelers,BEV,2022,Vehicles,8400.0,Other
India,Historical,EV stock,Buses,BEV,2023,Vehicles,8400.0,Other
Sweden,Historical,EV stock,Vans,BEV,2021,Vehicles,8400.0,Other
Greece,Historical,EV sales,Cars,PHEV,2024,Vehicles,8300.0,Other
Malaysia,Historical,EV stock,Cars,PHEV,2017,Vehicles,8300.0,Other
Poland,Historical,EV stock,Cars,PHEV,2020,Vehicles,8300.0,Other
South Korea,Historical,EV sales,2 and 3 wheelers,BEV,2023,Vehicles,8300.0,Other
Sweden,Historical,EV stock,2 and 3 wheelers,BEV,2020,Vehicles,8300.0,Other
Colombia,Historical,EV stock,Cars,BEV,2023,Vehicles,8200.0,Other
Japan,Historical,EV stock,Vans,BEV,2018,Vehicles,8200.0,Other
Malaysia,Historical,EV stock,Cars,PHEV,2021,Vehicles,8200.0,Other
Poland,Historical,EV stock,2 and 3 wheelers,BEV,2020,Vehicles,8200.0,Other
Switzerland,Historical,EV stock,2 and 3 wheelers,BEV,2021,Vehicles,8200.0,Other
United States,Historical,EV stock,Cars,FCEV,2019,Vehicles,8200.0,Other
Australia,Historical,EV sales,2 and 3 wheelers,BEV,2023,Vehicles,8100.0,Other
Japan,Historical,EV stock,Cars,FCEV,2024,Vehicles,8100.0,Other
Malaysia,Historical,EV sales,Cars,PHEV,2017,Vehicles,8100.0,Other
Austria,Historical,EV stock,Cars,PHEV,2019,Vehicles,8000.0,Other
Canada,Historical,EV sales,Cars,PHEV,2017,Vehicles,8000.0,Other
China,Historical,EV stock,Buses,FCEV,2024,Vehicles,8000.0,Other
Germany,Historical,EV sales,2 and 3 wheelers,BEV,2024,Vehicles,8000.0,Other
Malaysia,Historical,EV sales,Cars,PHEV,2018,Vehicles,8000.0,Other
Netherlands,Historical,EV sales,Cars,BEV,2017,Vehicles,8000.0,Other
Portugal,Historical,EV stock,Cars,PHEV,2018,Vehicles,8000.0,Other
South Korea,Historical,EV stock,Buses,BEV,2023,Vehicles,8000.0,Other
United States,Historical,EV sales,2 and 3 wheelers,BEV,2020,Vehicles,8000.0,Other
Denmark,Historical,EV stock,Cars,BEV,2015,Vehicles,7900.0,Other
India,Historical,EV stock,Cars,BEV,2018,Vehicles,7900.0,Other
Japan,Historical,EV stock,Vans,BEV,2017,Vehicles,7900.0,Other
Japan,Historical,EV stock,Cars,FCEV,2023,Vehicles,7900.0,Other
Norway,Historical,EV sales,Cars,PHEV,2015,Vehicles,7900.0,Other
South Korea,Historical,EV sales,Cars,PHEV,2024,Vehicles,7900.0,Other
Spain,Historical,EV stock,Vans,BEV,2020,Vehicles,7900.0,Other
World,Historical,EV sales,Buses,PHEV,2016,Vehicles,7900.0,_World
World,Historical,EV sales,Vans,PHEV,2022,Vehicles,7900.0,_World
Ireland,Historical,EV sales,Cars,PHEV,2021,Vehicles,7900.0,Other
France,Historical,EV stock,2 and 3 wheelers,BEV,2016,Vehicles,7800.0,Other
Italy,Historical,EV stock,Cars,BEV,2017,Vehicles,7800.0,Other
Portugal,Historical,EV sales,Cars,BEV,2020,Vehicles,7800.0,Other
Switzerland,Historical,EV stock,Cars,BEV,2015,Vehicles,7800.0,Other
Thailand,Historical,EV sales,Cars,PHEV,2020,Vehicles,7800.0,Other
United States,Historical,EV sales,2 and 3 wheelers,BEV,2023,Vehicles,7800.0,Other
Canada,Historical,EV stock,Cars,PHEV,2015,Vehicles,7700.0,Other
Ireland,Historical,EV sales,Cars,PHEV,2022,Vehicles,7700.0,Other
Austria,Historical,EV stock,2 and 3 wheelers,BEV,2018,Vehicles,7600.0,Other
Austria,Historical,EV sales,Cars,PHEV,2020,Vehicles,7600.0,Other
Chile,Historical,EV sales,2 and 3 wheelers,BEV,2018,Vehicles,7600.0,Other
China,Historical,EV sales,Buses,PHEV,2016,Vehicles,7600.0,Other
France,Historical,EV sales,Cars,PHEV,2016,Vehicles,7600.0,Other
Italy,Historical,EV stock,2 and 3 wheelers,BEV,2018,Vehicles,7600.0,Other
Japan,Historical,EV stock,Vans,BEV,2016,Vehicles,7600.0,Other
Japan,Historical,EV stock,Cars,FCEV,2022,Vehicles,7600.0,Other
World,Historical,EV sales,Cars,FCEV,2020,Vehicles,7600.0,_World
Belgium,Historical,EV stock,Vans,BEV,2023,Vehicles,7500.0,Other
Belgium,Historical,EV stock,Cars,BEV,2017,Vehicles,7500.0,Other
Iceland,Historical,EV stock,Cars,PHEV,2019,Vehicles,7500.0,Other
Netherlands,Historical,EV sales,2 and 3 wheelers,BEV,2017,Vehicles,7500.0,Other
Sweden,Historical,EV stock,Cars,BEV,2016,Vehicles,7500.0,Other
United Kingdom,Historical,EV stock,Vans,BEV,2018,Vehicles,7500.0,Other
World,Historical,EV sales,Cars,FCEV,2019,Vehicles,7500.0,_World
Colombia,Historical,EV stock,Cars,PHEV,2023,Vehicles,7400.0,Other
Greece,Historical,EV stock,Cars,BEV,2022,Vehicles,7400.0,Other
Israel,Historical,EV sales,Cars,PHEV,2024,Vehicles,7400.0,Other
Spain,Historical,EV sales,Cars,PHEV,2019,Vehicles,7400.0,Other
Vietnam,Historical,EV stock,Cars,BEV,2022,Vehicles,7400.0,Other
Denmark,Historical,EV stock,Vans,BEV,2023,Vehicles,7300.0,Other
Germany,Historical,EV stock,2 and 3 wheelers,BEV,2017,Vehicles,7300.0,Other
India,Historical,EV stock,Vans,BEV,2023,Vehicles,7300.0,Other
Japan,Historical,EV stock,Vans,BEV,2015,Vehicles,7300.0,Other
South Korea,Historical,EV sales,2 and 3 wheelers,BEV,2024,Vehicles,7300.0,Other
United States,Historical,EV stock,Buses,BEV,2023,Vehicles,7300.0,Other
Vietnam,Historical,EV sales,Cars,BEV,2022,Vehicles,7300.0,Other
Colombia,Historical,EV stock,2 and 3 wheelers,BEV,2020,Vehicles,7200.0,Other
Italy,Historical,EV sales,Vans,BEV,2023,Vehicles,7200.0,Other
Malaysia,Historical,EV stock,2 and 3 wheelers,BEV,2021,Vehicles,7200.0,Other
Malaysia,Historical,EV stock,Cars,PHEV,2020,Vehicles,7200.0,Other
Mexico,Historical,EV stock,2 and 3 wheelers,BEV,2019,Vehicles,7200.0,Other
Poland,Historical,EV sales,Cars,BEV,2021,Vehicles,7200.0,Other
Spain,Historical,EV sales,2 and 3 wheelers,BEV,2018,Vehicles,7200.0,Other
Belgium,Historical,EV sales,Cars,PHEV,2016,Vehicles,7100.0,Other
Canada,Historical,EV stock,Vans,PHEV,2022,Vehicles,7100.0,Other
Denmark,Historical,EV sales,Cars,PHEV,2024,Vehicles,7100.0,Other
Mexico,Historical,EV sales,Cars,PHEV,2024,Vehicles,7100.0,Other
Sweden,Historical,EV sales,Cars,BEV,2018,Vehicles,7100.0,Other
Thailand,Historical,EV sales,Cars,PHEV,2021,Vehicles,7100.0,Other
United States,Historical,EV sales,2 and 3 wheelers,BEV,2024,Vehicles,7100.0,Other
World,Historical,EV stock,Trucks,FCEV,2022,Vehicles,7100.0,_World
Canada,Historical,EV sales,Vans,BEV,2022,Vehicles,7000.0,Other
China,Historical,EV stock,Trucks,FCEV,2022,Vehicles,7000.0,Other
France,Historical,EV sales,Vans,BEV,2018,Vehicles,7000.0,Other
Germany,Historical,EV sales,2 and 3 wheelers,BEV,2021,Vehicles,7000.0,Other
Greece,Historical,EV sales,Cars,BEV,2023,Vehicles,7000.0,Other
Greece,Historical,EV stock,Cars,PHEV,2021,Vehicles,7000.0,Other
India,Historical,EV stock,Cars,BEV,2017,Vehicles,7000.0,Other
Norway,Historical,EV sales,Vans,BEV,2022,Vehicles,7000.0,Other
Thailand,Historical,EV stock,2 and 3 wheelers,BEV,2021,Vehicles,7000.0,Other
Turkey,Historical,EV sales,Cars,BEV,2022,Vehicles,7000.0,Other
Finland,Historical,EV stock,2 and 3 wheelers,BEV,2024,Vehicles,6900.0,Other
Iceland,Historical,EV sales,Cars,BEV,2022,Vehicles,6900.0,Other
India,Historical,EV sales,2 and 3 wheelers,BEV,2015,Vehicles,6900.0,Other
India,Historical,EV stock,Vans,BEV,2022,Vehicles,6900.0,Other
Portugal,Historical,EV stock,Vans,BEV,2024,Vehicles,6900.0,Other
United States,Historical,EV stock,2 and 3 wheelers,BEV,2017,Vehicles,6900.0,Other
Australia,Historical,EV sales,2 and 3 wheelers,BEV,2024,Vehicles,6800.0,Other
Austria,Historical,EV sales,Cars,BEV,2018,Vehicles,6800.0,Other
New Zealand,Historical,EV sales,Cars,BEV,2021,Vehicles,6800.0,Other
Poland,Historical,EV stock,Vans,BEV,2024,Vehicles,6800.0,Other
Portugal,Historical,EV sales,Cars,BEV,2019,Vehicles,6800.0,Other
Turkey,Historical,EV stock,Cars,BEV,2021,Vehicles,6800.0,Other
World,Historical,EV stock,Cars,FCEV,2017,Vehicles,6800.0,_World
Germany,Historical,EV sales,Vans,BEV,2019,Vehicles,6700.0,Other
Norway,Historical,EV stock,Vans,BEV,2019,Vehicles,6700.0,Other
Turkey,Historical,EV sales,2 and 3 wheelers,BEV,2020,Vehicles,6700.0,Other
Turkey,Historical,EV sales,Cars,PHEV,2024,Vehicles,6700.0,Other
Czechia,Historical,EV sales,Cars,BEV,2023,Vehicles,6700.0,Other
China,Historical,EV stock,Buses,FCEV,2023,Vehicles,6600.0,Other
France,Historical,EV sales,Vans,BEV,2019,Vehicles,6600.0,Other
Japan,Historical,EV stock,Cars,FCEV,2021,Vehicles,6600.0,Other
Malaysia,Historical,EV stock,Cars,PHEV,2019,Vehicles,6600.0,Other
Norway,Historical,EV sales,Vans,BEV,2024,Vehicles,6600.0,Other
Spain,Historical,EV stock,2 and 3 wheelers,BEV,2016,Vehicles,6600.0,Other
World,Historical,EV stock,Buses,FCEV,2022,Vehicles,6600.0,_World
Italy,Historical,EV sales,Cars,PHEV,2019,Vehicles,6500.0,Other
Spain,Historical,EV stock,Cars,BEV,2016,Vehicles,6500.0,Other
Switzerland,Historical,EV stock,Vans,BEV,2022,Vehicles,6500.0,Other
World,Historical,EV sales,Vans,PHEV,2023,Vehicles,6500.0,_World
Canada,Historical,EV sales,Vans,PHEV,2024,Vehicles,6400.0,Other
Canada,Historical,EV sales,Cars,PHEV,2016,Vehicles,6400.0,Other
France,Historical,EV sales,Vans,BEV,2020,Vehicles,6400.0,Other
India,Historical,EV stock,Vans,BEV,2021,Vehicles,6400.0,Other
Japan,Historical,EV sales,2 and 3 wheelers,BEV,2021,Vehicles,6400.0,Other
Mexico,Historical,EV stock,Cars,PHEV,2020,Vehicles,6400.0,Other
Uzbekistan,Historical,EV stock,Cars,BEV,2024,Vehicles,6400.0,Other
Luxembourg,Historical,EV sales,Cars,BEV,2022,Vehicles,6400.0,Other
Australia,Historical,EV stock,2 and 3 wheelers,BEV,2021,Vehicles,6300.0,Other
Australia,Historical,EV sales,Cars,BEV,2019,Vehicles,6300.0,Other
Brazil,Historical,EV stock,2 and 3 wheelers,BEV,2022,Vehicles,6300.0,Other
Italy,Historical,EV stock,Vans,BEV,2020,Vehicles,6300.0,Other
New Zealand,Historical,EV sales,Cars,BEV,2024,Vehicles,6300.0,Other
South Korea,Historical,EV stock,2 and 3 wheelers,BEV,2019,Vehicles,6300.0,Other
Spain,Historical,EV stock,Vans,BEV,2019,Vehicles,6300.0,Other
Spain,Historical,EV stock,Cars,PHEV,2017,Vehicles,6300.0,Other
Turkey,Historical,EV stock,2 and 3 wheelers,BEV,2016,Vehicles,6300.0,Other
United States,Historical,EV sales,2 and 3 wheelers,BEV,2019,Vehicles,6300.0,Other
United Kingdom,Historical,EV stock,Vans,BEV,2017,Vehicles,6300.0,Other
World,Historical,EV sales,Vans,PHEV,2021,Vehicles,6300.0,_World
Romania,Historical,EV sales,Cars,BEV,2021,Vehicles,6300.0,Other
France,Historical,EV sales,2 and 3 wheelers,BEV,2017,Vehicles,6200.0,Other
Germany,Historical,EV stock,Vans,BEV,2016,Vehicles,6200.0,Other
Portugal,Historical,EV stock,2 and 3 wheelers,BEV,2022,Vehicles,6200.0,Other
United States,Historical,EV stock,Cars,FCEV,2018,Vehicles,6200.0,Other
United Kingdom,Historical,EV sales,2 and 3 wheelers,BEV,2022,Vehicles,6200.0,Other
World,Historical,EV stock,Vans,FCEV,2024,Vehicles,6200.0,_World
Austria,Historical,EV stock,2 and 3 wheelers,BEV,2017,Vehicles,6100.0,Other
Germany,Historical,EV stock,Trucks,BEV,2023,Vehicles,6100.0,Other
India,Historical,EV stock,Buses,BEV,2022,Vehicles,6100.0,Other
Mexico,Historical,EV stock,Cars,BEV,2021,Vehicles,6100.0,Other
Netherlands,Historical,EV stock,Vans,BEV,2020,Vehicles,6100.0,Other
Finland,Historical,EV stock,2 and 3 wheelers,BEV,2023,Vehicles,6000.0,Other
Finland,Historical,EV sales,Cars,PHEV,2019,Vehicles,6000.0,Other
Germany,Historical,EV sales,Vans,BEV,2018,Vehicles,6000.0,Other
India,Historical,EV sales,Vans,BEV,2024,Vehicles,6000.0,Other
Spain,Historical,EV sales,Cars,BEV,2018,Vehicles,6000.0,Other
Switzerland,Historical,EV stock,2 and 3 wheelers,BEV,2020,Vehicles,6000.0,Other
Turkey,Historical,EV sales,2 and 3 wheelers,BEV,2017,Vehicles,6000.0,Other
Turkey,Historical,EV sales,2 and 3 wheelers,BEV,2019,Vehicles,6000.0,Other
Australia,Historical,EV sales,Cars,PHEV,2022,Vehicles,5900.0,Other
New Zealand,Historical,EV stock,Cars,PHEV,2020,Vehicles,5900.0,Other
Russia,Historical,EV stock,Cars,BEV,2023,Vehicles,5900.0,Other
Sweden,Historical,EV stock,Vans,BEV,2020,Vehicles,5900.0,Other
Austria,Historical,EV stock,2 and 3 wheelers,BEV,2016,Vehicles,5800.0,Other
Costa Rica,Historical,EV sales,Cars,BEV,2023,Vehicles,5800.0,Other
Denmark,Historical,EV stock,2 and 3 wheelers,BEV,2020,Vehicles,5800.0,Other
France,Historical,EV sales,Cars,PHEV,2015,Vehicles,5800.0,Other
Italy,Historical,EV stock,Cars,BEV,2016,Vehicles,5800.0,Other
Netherlands,Historical,EV sales,2 and 3 wheelers,BEV,2015,Vehicles,5800.0,Other
Norway,Historical,EV stock,2 and 3 wheelers,BEV,2024,Vehicles,5800.0,Other
Poland,Historical,EV stock,Vans,BEV,2023,Vehicles,5800.0,Other
Portugal,Historical,EV sales,Cars,PHEV,2019,Vehicles,5800.0,Other
South Korea,Historical,EV stock,Cars,BEV,2015,Vehicles,5800.0,Other
World,Historical,EV stock,Vans,PHEV,2019,Vehicles,5800.0,_World
Hungary,Historical,EV sales,Cars,BEV,2023,Vehicles,5800.0,Other
Australia,Historical,EV stock,Cars,PHEV,2018,Vehicles,5700.0,Other
Austria,Historical,EV stock,Cars,PHEV,2018,Vehicles,5700.0,Other
Finland,Historical,EV stock,Cars,PHEV,2017,Vehicles,5700.0,Other
Sweden,Historical,EV sales,Cars,PHEV,2015,Vehicles,5700.0,Other
United Kingdom,Historical,EV sales,Vans,BEV,2020,Vehicles,5700.0,Other
Hungary,Historical,EV sales,Cars,PHEV,2024,Vehicles,5700.0,Other
Iceland,Historical,EV stock,Cars,PHEV,2018,Vehicles,5600.0,Other
Italy,Historical,EV stock,Cars,PHEV,2017,Vehicles,5600.0,Other
Poland,Historical,EV stock,2 and 3 wheelers,BEV,2019,Vehicles,5600.0,Other
South Korea,Historical,EV stock,Cars,PHEV,2018,Vehicles,5600.0,Other
Spain,Historical,EV sales,Cars,PHEV,2018,Vehicles,5600.0,Other
Uzbekistan,Historical,EV sales,Cars,BEV,2024,Vehicles,5600.0,Other
Vietnam,Historical,EV stock,2 and 3 wheelers,BEV,2015,Vehicles,5600.0,Other
Belgium,Historical,EV sales,2 and 3 wheelers,BEV,2021,Vehicles,5500.0,Other
Denmark,Historical,EV sales,Cars,BEV,2019,Vehicles,5500.0,Other
Greece,Historical,EV sales,Cars,PHEV,2022,Vehicles,5500.0,Other
Netherlands,Historical,EV sales,Cars,PHEV,2019,Vehicles,5500.0,Other
Spain,Historical,EV stock,2 and 3 wheelers,BEV,2015,Vehicles,5500.0,Other
Hungary,Historical,EV sales,Cars,PHEV,2023,Vehicles,5500.0,Other
Austria,Historical,EV sales,Cars,BEV,2017,Vehicles,5400.0,Other
China,Historical,EV stock,Buses,FCEV,2022,Vehicles,5400.0,Other
Colombia,Historical,EV stock,Cars,PHEV,2022,Vehicles,5400.0,Other
France,Historical,EV sales,Vans,BEV,2016,Vehicles,5400.0,Other
France,Historical,EV stock,Trucks,BEV,2024,Vehicles,5400.0,Other
Iceland,Historical,EV stock,Cars,BEV,2020,Vehicles,5400.0,Other
Israel,Historical,EV sales,Cars,PHEV,2020,Vehicles,5400.0,Other
Turkey,Historical,EV sales,2 and 3 wheelers,BEV,2018,Vehicles,5400.0,Other
Canada,Historical,EV stock,Trucks,BEV,2024,Vehicles,5300.0,Other
Colombia,Historical,EV stock,2 and 3 wheelers,BEV,2019,Vehicles,5300.0,Other
Israel,Historical,EV stock,Cars,PHEV,2018,Vehicles,5300.0,Other
Japan,Historical,EV stock,2 and 3 wheelers,BEV,2020,Vehicles,5300.0,Other
New Zealand,Historical,EV sales,Cars,BEV,2019,Vehicles,5300.0,Other
Spain,Historical,EV sales,Vans,BEV,2023,Vehicles,5300.0,Other
United Kingdom,Historical,EV stock,Vans,BEV,2016,Vehicles,5300.0,Other
World,Historical,EV sales,Cars,FCEV,2024,Vehicles,5300.0,_World
Czechia,Historical,EV sales,Cars,PHEV,2023,Vehicles,5300.0,Other
Australia,Historical,EV sales,Cars,BEV,2020,Vehicles,5200.0,Other
Australia,Historical,EV stock,Cars,BEV,2018,Vehicles,5200.0,Other
Belgium,Historical,EV stock,Cars,BEV,2016,Vehicles,5200.0,Other
Canada,Historical,EV sales,Cars,BEV,2016,Vehicles,5200.0,Other
Denmark,Historical,EV stock,Cars,PHEV,2018,Vehicles,5200.0,Other
France,Historical,EV sales,Vans,BEV,2017,Vehicles,5200.0,Other
Germany,Historical,EV stock,2 and 3 wheelers,BEV,2016,Vehicles,5200.0,Other
Netherlands,Historical,EV sales,2 and 3 wheelers,BEV,2016,Vehicles,5200.0,Other
South Korea,Historical,EV sales,2 and 3 wheelers,BEV,2019,Vehicles,5200.0,Other
South Korea,Historical,EV stock,Buses,BEV,2022,Vehicles,5200.0,Other
Belgium,Historical,EV stock,2 and 3 wheelers,BEV,2016,Vehicles,5100.0,Other
Iceland,Historical,EV sales,Cars,PHEV,2022,Vehicles,5100.0,Other
Italy,Historical,EV sales,2 and 3 wheelers,BEV,2019,Vehicles,5100.0,Other
South Korea,Historical,EV stock,Cars,FCEV,2019,Vehicles,5100.0,Other
Switzerland,Historical,EV sales,Cars,BEV,2018,Vehicles,5100.0,Other
Austria,Historical,EV stock,Cars,BEV,2015,Vehicles,5000.0,Other
China,Historical,EV stock,Vans,FCEV,2024,Vehicles,5000.0,Other
Italy,Historical,EV sales,Cars,BEV,2018,Vehicles,5000.0,Other
South Korea,Historical,EV sales,Cars,FCEV,2020,Vehicles,5000.0,Other
Sweden,Historical,EV sales,Vans,BEV,2022,Vehicles,5000.0,Other
Switzerland,Historical,EV stock,Cars,PHEV,2016,Vehicles,5000.0,Other
United Kingdom,Historical,EV stock,Buses,BEV,2024,Vehicles,5000.0,Other
United Kingdom,Historical,EV stock,Vans,PHEV,2024,Vehicles,5000.0,Other
World,Historical,EV stock,Buses,FCEV,2021,Vehicles,5000.0,_World
Finland,Historical,EV sales,Cars,PHEV,2018,Vehicles,4900.0,Other
Iceland,Historical,EV sales,Cars,PHEV,2021,Vehicles,4900.0,Other
Italy,Historical,EV stock,Vans,BEV,2019,Vehicles,4900.0,Other
Switzerland,Historical,EV stock,2 and 3 wheelers,BEV,2019,Vehicles,4900.0,Other
Turkey,Historical,EV stock,Cars,PHEV,2023,Vehicles,4900.0,Other
United Kingdom,Historical,EV sales,2 and 3 wheelers,BEV,2021,Vehicles,4900.0,Other
United Kingdom,Historical,EV stock,2 and 3 wheelers,BEV,2020,Vehicles,4900.0,Other
Hungary,Historical,EV sales,Cars,PHEV,2022,Vehicles,4900.0,Other
Costa Rica,Historical,EV stock,Cars,BEV,2022,Vehicles,4800.0,Other
France,Historical,EV sales,Vans,BEV,2015,Vehicles,4800.0,Other
Greece,Historical,EV sales,Cars,PHEV,2021,Vehicles,4800.0,Other
India,Historical,EV stock,Cars,BEV,2016,Vehicles,4800.0,Other
Mexico,Historical,EV sales,2 and 3 wheelers,BEV,2024,Vehicles,4800.0,Other
Poland,Historical,EV stock,Cars,BEV,2019,Vehicles,4800.0,Other
Portugal,Historical,EV stock,Vans,BEV,2023,Vehicles,4800.0,Other
Spain,Historical,EV stock,2 and 3 wheelers,BEV,2017,Vehicles,4800.0,Other
Spain,Historical,EV stock,Vans,BEV,2018,Vehicles,4800.0,Other
Sweden,Historical,EV stock,Cars,BEV,2015,Vehicles,4800.0,Other
Switzerland,Historical,EV sales,Cars,BEV,2017,Vehicles,4800.0,Other
World,Historical,EV sales,Trucks,FCEV,2024,Vehicles,4800.0,_World
Czechia,Historical,EV sales,Cars,PHEV,2024,Vehicles,4800.0,Other
Luxembourg,Historical,EV sales,Cars,PHEV,2023,Vehicles,4800.0,Other
Australia,Historical,EV stock,2 and 3 wheelers,BEV,2020,Vehicles,4700.0,Other
Colombia,Historical,EV stock,Cars,BEV,2022,Vehicles,4700.0,Other
Finland,Historical,EV stock,2 and 3 wheelers,BEV,2022,Vehicles,4700.0,Other
Finland,Historical,EV stock,Cars,BEV,2019,Vehicles,4700.0,Other
India,Historical,EV stock,Vans,BEV,2020,Vehicles,4700.0,Other
Italy,Historical,EV sales,Cars,PHEV,2018,Vehicles,4700.0,Other
Malaysia,Historical,EV stock,2 and 3 wheelers,BEV,2020,Vehicles,4700.0,Other
Netherlands,Historical,EV sales,Vans,BEV,2022,Vehicles,4700.0,Other
Norway,Historical,EV stock,Vans,BEV,2018,Vehicles,4700.0,Other
Portugal,Historical,EV stock,Cars,BEV,2017,Vehicles,4700.0,Other
South Korea,Historical,EV sales,Cars,BEV,2016,Vehicles,4700.0,Other
Sweden,Historical,EV sales,2 and 3 wheelers,BEV,2020,Vehicles,4700.0,Other
United States,Historical,EV stock,Vans,BEV,2015,Vehicles,4700.0,Other
United States,Historical,EV stock,Vans,BEV,2016,Vehicles,4700.0,Other
United States,Historical,EV stock,Vans,BEV,2017,Vehicles,4700.0,Other
United States,Historical,EV stock,Vans,BEV,2018,Vehicles,4700.0,Other
United States,Historical,EV stock,Vans,BEV,2019,Vehicles,4700.0,Other
United States,Historical,EV stock,Vans,BEV,2020,Vehicles,4700.0,Other
United States,Historical,EV stock,Vans,BEV,2021,Vehicles,4700.0,Other
Hungary,Historical,EV sales,Cars,BEV,2022,Vehicles,4700.0,Other
Germany,Historical,EV sales,2 and 3 wheelers,BEV,2020,Vehicles,4600.0,Other
Japan,Historical,EV sales,Vans,BEV,2024,Vehicles,4600.0,Other
New Zealand,Historical,EV stock,Cars,BEV,2017,Vehicles,4600.0,Other
Russia,Historical,EV sales,Cars,BEV,2024,Vehicles,4600.0,Other
Sweden,Historical,EV sales,2 and 3 wheelers,BEV,2022,Vehicles,4600.0,Other
United States,Historical,EV stock,2 and 3 wheelers,BEV,2016,Vehicles,4600.0,Other
United Kingdom,Historical,EV stock,Vans,BEV,2015,Vehicles,4600.0,Other
Luxembourg,Historical,EV sales,Cars,BEV,2021,Vehicles,4600.0,Other
Chile,Historical,EV sales,Cars,BEV,2024,Vehicles,4500.0,Other
Germany,Historical,EV sales,2 and 3 wheelers,BEV,2019,Vehicles,4500.0,Other
Germany,Historical,EV sales,Vans,BEV,2017,Vehicles,4500.0,Other
Netherlands,Historical,EV stock,Vans,BEV,2019,Vehicles,4500.0,Other
Poland,Historical,EV sales,Cars,PHEV,2020,Vehicles,4500.0,Other
World,Historical,EV sales,Cars,FCEV,2018,Vehicles,4500.0,_World
Brazil,Historical,EV stock,Cars,BEV,2021,Vehicles,4400.0,Other
Canada,Historical,EV sales,Cars,BEV,2015,Vehicles,4400.0,Other
China,Historical,EV sales,Trucks,FCEV,2024,Vehicles,4400.0,Other
Denmark,Historical,EV stock,Vans,BEV,2022,Vehicles,4400.0,Other
India,Historical,EV stock,Cars,BEV,2015,Vehicles,4400.0,Other
Italy,Historical,EV stock,2 and 3 wheelers,BEV,2017,Vehicles,4400.0,Other
Italy,Historical,EV stock,Cars,BEV,2015,Vehicles,4400.0,Other
Mexico,Historical,EV sales,Cars,BEV,2022,Vehicles,4400.0,Other
Mexico,Historical,EV stock,Cars,PHEV,2019,Vehicles,4400.0,Other
New Zealand,Historical,EV sales,Cars,BEV,2018,Vehicles,4400.0,Other
New Zealand,Historical,EV stock,Cars,PHEV,2019,Vehicles,4400.0,Other
South Korea,Historical,EV sales,Cars,PHEV,2018,Vehicles,4400.0,Other
Spain,Historical,EV stock,Cars,BEV,2015,Vehicles,4400.0,Other
Sweden,Historical,EV sales,Cars,BEV,2017,Vehicles,4400.0,Other
Switzerland,Historical,EV sales,Cars,PHEV,2018,Vehicles,4400.0,Other
Luxembourg,Historical,EV sales,Cars,PHEV,2021,Vehicles,4400.0,Other
Belgium,Historical,EV sales,2 and 3 wheelers,BEV,2022,Vehicles,4300.0,Other
China,Historical,EV stock,Trucks,FCEV,2021,Vehicles,4300.0,Other
Denmark,Historical,EV sales,Vans,BEV,2024,Vehicles,4300.0,Other
Denmark,Historical,EV sales,Cars,BEV,2015,Vehicles,4300.0,Other
Portugal,Historical,EV sales,Cars,BEV,2018,Vehicles,4300.0,Other
Russia,Historical,EV sales,2 and 3 wheelers,BEV,2015,Vehicles,4300.0,Other
South Korea,Historical,EV sales,Cars,FCEV,2023,Vehicles,4300.0,Other
Switzerland,Historical,EV sales,2 and 3 wheelers,BEV,2022,Vehicles,4300.0,Other
Switzerland,Historical,EV sales,Cars,PHEV,2019,Vehicles,4300.0,Other
United Kingdom,Historical,EV stock,Trucks,BEV,2024,Vehicles,4300.0,Other
World,Historical,EV stock,Trucks,FCEV,2021,Vehicles,4300.0,_World
Hungary,Historical,EV sales,Cars,BEV,2021,Vehicles,4300.0,Other
Slovenia,Historical,EV sales,Cars,BEV,2023,Vehicles,4300.0,Other
Brazil,Historical,EV sales,2 and 3 wheelers,BEV,2022,Vehicles,4200.0,Other
Canada,Historical,EV stock,Vans,BEV,2021,Vehicles,4200.0,Other
China,Historical,EV stock,Buses,FCEV,2021,Vehicles,4200.0,Other
Finland,Historical,EV stock,2 and 3 wheelers,BEV,2021,Vehicles,4200.0,Other
Finland,Historical,EV stock,Vans,BEV,2024,Vehicles,4200.0,Other
Finland,Historical,EV sales,Cars,BEV,2020,Vehicles,4200.0,Other
France,Historical,EV stock,Vans,PHEV,2019,Vehicles,4200.0,Other
France,Historical,EV stock,Vans,PHEV,2020,Vehicles,4200.0,Other
Greece,Historical,EV stock,2 and 3 wheelers,BEV,2024,Vehicles,4200.0,Other
Iceland,Historical,EV sales,Cars,BEV,2021,Vehicles,4200.0,Other
Italy,Historical,EV sales,Vans,BEV,2024,Vehicles,4200.0,Other
Malaysia,Historical,EV sales,2 and 3 wheelers,BEV,2022,Vehicles,4200.0,Other
South Korea,Historical,EV sales,Cars,FCEV,2019,Vehicles,4200.0,Other
Spain,Historical,EV sales,Vans,BEV,2024,Vehicles,4200.0,Other
Vietnam,Historical,EV sales,2 and 3 wheelers,BEV,2015,Vehicles,4200.0,Other
Hungary,Historical,EV sales,Cars,PHEV,2021,Vehicles,4200.0,Other
Belgium,Historical,EV stock,Vans,BEV,2022,Vehicles,4100.0,Other
Brazil,Historical,EV sales,2 and 3 wheelers,BEV,2023,Vehicles,4100.0,Other
Canada,Historical,EV sales,Vans,PHEV,2023,Vehicles,4100.0,Other
Chile,Historical,EV sales,2 and 3 wheelers,BEV,2017,Vehicles,4100.0,Other
Chile,Historical,EV stock,2 and 3 wheelers,BEV,2017,Vehicles,4100.0,Other
Chile,Historical,EV stock,Cars,BEV,2023,Vehicles,4100.0,Other
India,Historical,EV stock,Buses,BEV,2021,Vehicles,4100.0,Other
Israel,Historical,EV stock,2 and 3 wheelers,BEV,2024,Vehicles,4100.0,Other
Italy,Historical,EV sales,Vans,BEV,2022,Vehicles,4100.0,Other
Japan,Historical,EV stock,Cars,FCEV,2020,Vehicles,4100.0,Other
Mexico,Historical,EV sales,2 and 3 wheelers,BEV,2023,Vehicles,4100.0,Other
Portugal,Historical,EV stock,Cars,PHEV,2017,Vehicles,4100.0,Other
Thailand,Historical,EV stock,Cars,BEV,2021,Vehicles,4100.0,Other
Canada,Historical,EV stock,Vans,PHEV,2021,Vehicles,4000.0,Other
France,Historical,EV stock,2 and 3 wheelers,BEV,2015,Vehicles,4000.0,Other
Mexico,Historical,EV sales,Cars,PHEV,2022,Vehicles,4000.0,Other
Netherlands,Historical,EV sales,Cars,BEV,2016,Vehicles,4000.0,Other
Norway,Historical,EV stock,2 and 3 wheelers,BEV,2023,Vehicles,4000.0,Other
Portugal,Historical,EV stock,2 and 3 wheelers,BEV,2024,Vehicles,4000.0,Other
Russia,Historical,EV stock,Cars,PHEV,2023,Vehicles,4000.0,Other
Switzerland,Historical,EV sales,2 and 3 wheelers,BEV,2023,Vehicles,4000.0,Other
Thailand,Historical,EV sales,2 and 3 wheelers,BEV,2021,Vehicles,4000.0,Other
World,Historical,EV stock,Buses,FCEV,2020,Vehicles,4000.0,_World
Ireland,Historical,EV sales,Cars,BEV,2020,Vehicles,4000.0,Other
Australia,Historical,EV stock,Cars,PHEV,2017,Vehicles,3900.0,Other
Austria,Historical,EV stock,Cars,PHEV,2017,Vehicles,3900.0,Other
Belgium,Historical,EV sales,2 and 3 wheelers,BEV,2020,Vehicles,3900.0,Other
Denmark,Historical,EV sales,2 and 3 wheelers,BEV,2021,Vehicles,3900.0,Other
Denmark,Historical,EV sales,Cars,PHEV,2019,Vehicles,3900.0,Other
Israel,Historical,EV sales,Cars,PHEV,2019,Vehicles,3900.0,Other
Italy,Historical,EV stock,Vans,BEV,2018,Vehicles,3900.0,Other
New Zealand,Historical,EV sales,Cars,BEV,2020,Vehicles,3900.0,Other
Portugal,Historical,EV sales,Cars,PHEV,2018,Vehicles,3900.0,Other
Russia,Historical,EV stock,Cars,BEV,2022,Vehicles,3900.0,Other
Spain,Historical,EV sales,Cars,BEV,2017,Vehicles,3900.0,Other
Sweden,Historical,EV stock,Vans,BEV,2019,Vehicles,3900.0,Other
Switzerland,Historical,EV sales,Vans,BEV,2023,Vehicles,3900.0,Other
United Kingdom,Historical,EV sales,2 and 3 wheelers,BEV,2023,Vehicles,3900.0,Other
Czechia,Historical,EV sales,Cars,BEV,2022,Vehicles,3900.0,Other
Austria,Historical,EV sales,2 and 3 wheelers,BEV,2022,Vehicles,3800.0,Other
Austria,Historical,EV sales,Cars,BEV,2016,Vehicles,3800.0,Other
Belgium,Historical,EV stock,Cars,PHEV,2015,Vehicles,3800.0,Other
Brazil,Historical,EV stock,Vans,BEV,2024,Vehicles,3800.0,Other
Brazil,Historical,EV stock,Cars,PHEV,2020,Vehicles,3800.0,Other
Costa Rica,Historical,EV stock,2 and 3 wheelers,BEV,2024,Vehicles,3800.0,Other
Denmark,Historical,EV sales,2 and 3 wheelers,BEV,2022,Vehicles,3800.0,Other
France,Historical,EV stock,Trucks,BEV,2023,Vehicles,3800.0,Other
Germany,Historical,EV stock,Vans,BEV,2015,Vehicles,3800.0,Other
Indonesia,Historical,EV sales,2 and 3 wheelers,BEV,2017,Vehicles,3800.0,Other
Indonesia,Historical,EV stock,2 and 3 wheelers,BEV,2017,Vehicles,3800.0,Other
Israel,Historical,EV stock,2 and 3 wheelers,BEV,2023,Vehicles,3800.0,Other
Israel,Historical,EV stock,Cars,BEV,2020,Vehicles,3800.0,Other
Norway,Historical,EV stock,2 and 3 wheelers,BEV,2022,Vehicles,3800.0,Other
Poland,Historical,EV stock,Cars,PHEV,2019,Vehicles,3800.0,Other
Sweden,Historical,EV stock,2 and 3 wheelers,BEV,2019,Vehicles,3800.0,Other
World,Historical,EV stock,Vans,PHEV,2018,Vehicles,3800.0,_World
Luxembourg,Historical,EV sales,Cars,PHEV,2022,Vehicles,3800.0,Other
Luxembourg,Historical,EV sales,Cars,PHEV,2024,Vehicles,3800.0,Other
Costa Rica,Historical,EV stock,2 and 3 wheelers,BEV,2023,Vehicles,3700.0,Other
Germany,Historical,EV stock,Buses,BEV,2024,Vehicles,3700.0,Other
India,Historical,EV stock,Vans,BEV,2019,Vehicles,3700.0,Other
Mexico,Historical,EV sales,2 and 3 wheelers,BEV,2019,Vehicles,3700.0,Other
Poland,Historical,EV sales,Cars,BEV,2020,Vehicles,3700.0,Other
Poland,Historical,EV stock,Cars,BEV,2018,Vehicles,3700.0,Other
Sweden,Historical,EV sales,2 and 3 wheelers,BEV,2021,Vehicles,3700.0,Other
Switzerland,Historical,EV stock,Vans,BEV,2021,Vehicles,3700.0,Other
United States,Historical,EV stock,Buses,BEV,2022,Vehicles,3700.0,Other
Czechia,Historical,EV sales,Cars,PHEV,2021,Vehicles,3700.0,Other
Austria,Historical,EV sales,2 and 3 wheelers,BEV,2021,Vehicles,3600.0,Other
Belgium,Historical,EV sales,Cars,BEV,2018,Vehicles,3600.0,Other
Chile,Historical,EV sales,2 and 3 wheelers,BEV,2020,Vehicles,3600.0,Other
Colombia,Historical,EV sales,Cars,BEV,2023,Vehicles,3600.0,Other
Denmark,Historical,EV sales,2 and 3 wheelers,BEV,2023,Vehicles,3600.0,Other
Germany,Historical,EV stock,2 and 3 wheelers,BEV,2015,Vehicles,3600.0,Other
Israel,Historical,EV sales,Cars,PHEV,2018,Vehicles,3600.0,Other
Japan,Historical,EV stock,Cars,FCEV,2019,Vehicles,3600.0,Other
Mexico,Historical,EV sales,2 and 3 wheelers,BEV,2022,Vehicles,3600.0,Other
Netherlands,Historical,EV sales,Cars,PHEV,2018,Vehicles,3600.0,Other
Portugal,Historical,EV stock,2 and 3 wheelers,BEV,2023,Vehicles,3600.0,Other
Switzerland,Historical,EV stock,2 and 3 wheelers,BEV,2018,Vehicles,3600.0,Other
Switzerland,Historical,EV sales,Cars,PHEV,2017,Vehicles,3600.0,Other
Turkey,Historical,EV sales,2 and 3 wheelers,BEV,2016,Vehicles,3600.0,Other
United States,Historical,EV sales,Buses,BEV,2023,Vehicles,3600.0,Other
United Kingdom,Historical,EV sales,2 and 3 wheelers,BEV,2024,Vehicles,3600.0,Other
World,Historical,EV sales,Trucks,FCEV,2023,Vehicles,3600.0,_World
Czechia,Historical,EV sales,Cars,PHEV,2022,Vehicles,3600.0,Other
Austria,Historical,EV sales,2 and 3 wheelers,BEV,2024,Vehicles,3500.0,Other
Belgium,Historical,EV sales,2 and 3 wheelers,BEV,2019,Vehicles,3500.0,Other
Brazil,Historical,EV sales,2 and 3 wheelers,BEV,2024,Vehicles,3500.0,Other
Costa Rica,Historical,EV stock,2 and 3 wheelers,BEV,2022,Vehicles,3500.0,Other
Finland,Historical,EV stock,2 and 3 wheelers,BEV,2020,Vehicles,3500.0,Other
Iceland,Historical,EV stock,Cars,BEV,2019,Vehicles,3500.0,Other
Mexico,Historical,EV stock,2 and 3 wheelers,BEV,2018,Vehicles,3500.0,Other
Mexico,Historical,EV sales,Cars,PHEV,2021,Vehicles,3500.0,Other
New Zealand,Historical,EV sales,Cars,PHEV,2021,Vehicles,3500.0,Other
Norway,Historical,EV sales,Cars,PHEV,2024,Vehicles,3500.0,Other
Russia,Historical,EV stock,Cars,PHEV,2021,Vehicles,3500.0,Other
Russia,Historical,EV stock,Cars,PHEV,2022,Vehicles,3500.0,Other
Spain,Historical,EV sales,Vans,BEV,2022,Vehicles,3500.0,Other
Spain,Historical,EV sales,Cars,PHEV,2017,Vehicles,3500.0,Other
Sweden,Historical,EV sales,2 and 3 wheelers,BEV,2024,Vehicles,3500.0,Other
United States,Historical,EV stock,Cars,FCEV,2017,Vehicles,3500.0,Other
United Kingdom,Historical,EV sales,Vans,BEV,2019,Vehicles,3500.0,Other
World,Historical,EV sales,Cars,FCEV,2017,Vehicles,3500.0,_World
Australia,Historical,EV stock,Cars,BEV,2017,Vehicles,3400.0,Other
Australia,Historical,EV sales,Cars,PHEV,2021,Vehicles,3400.0,Other
Belgium,Historical,EV sales,2 and 3 wheelers,BEV,2024,Vehicles,3400.0,Other
China,Historical,EV sales,Trucks,FCEV,2023,Vehicles,3400.0,Other
Germany,Historical,EV sales,Trucks,BEV,2024,Vehicles,3400.0,Other
Netherlands,Historical,EV sales,Cars,BEV,2015,Vehicles,3400.0,Other
New Zealand,Historical,EV sales,Cars,PHEV,2024,Vehicles,3400.0,Other
Thailand,Historical,EV stock,2 and 3 wheelers,BEV,2020,Vehicles,3400.0,Other
Ireland,Historical,EV sales,Cars,BEV,2019,Vehicles,3400.0,Other
Belgium,Historical,EV stock,Cars,BEV,2015,Vehicles,3300.0,Other
China,Historical,EV stock,Buses,FCEV,2020,Vehicles,3300.0,Other
Costa Rica,Historical,EV stock,2 and 3 wheelers,BEV,2021,Vehicles,3300.0,Other
Greece,Historical,EV stock,Cars,BEV,2021,Vehicles,3300.0,Other
Portugal,Historical,EV stock,Vans,BEV,2022,Vehicles,3300.0,Other
South Africa,Historical,EV stock,Cars,BEV,2024,Vehicles,3300.0,Other
Switzerland,Historical,EV sales,Cars,BEV,2015,Vehicles,3300.0,Other
Switzerland,Historical,EV sales,Cars,BEV,2016,Vehicles,3300.0,Other
World,Historical,EV stock,Vans,FCEV,2023,Vehicles,3300.0,_World
Czechia,Historical,EV sales,Cars,BEV,2020,Vehicles,3300.0,Other
Chile,Historical,EV sales,2 and 3 wheelers,BEV,2021,Vehicles,3200.0,Other
China,Historical,EV stock,Trucks,FCEV,2020,Vehicles,3200.0,Other
Denmark,Historical,EV stock,2 and 3 wheelers,BEV,2019,Vehicles,3200.0,Other
Finland,Historical,EV stock,Vans,BEV,2023,Vehicles,3200.0,Other
France,Historical,EV sales,Trucks,BEV,2023,Vehicles,3200.0,Other
Greece,Historical,EV stock,2 and 3 wheelers,BEV,2023,Vehicles,3200.0,Other
India,Historical,EV sales,Buses,BEV,2024,Vehicles,3200.0,Other
Israel,Historical,EV stock,2 and 3 wheelers,BEV,2022,Vehicles,3200.0,Other
Italy,Historical,EV stock,Vans,BEV,2017,Vehicles,3200.0,Other
Malaysia,Historical,EV sales,2 and 3 wheelers,BEV,2024,Vehicles,3200.0,Other
Netherlands,Historical,EV stock,Vans,BEV,2018,Vehicles,3200.0,Other
Norway,Historical,EV stock,2 and 3 wheelers,BEV,2021,Vehicles,3200.0,Other
Russia,Historical,EV stock,Cars,BEV,2021,Vehicles,3200.0,Other
Switzerland,Historical,EV sales,2 and 3 wheelers,BEV,2024,Vehicles,3200.0,Other
Switzerland,Historical,EV stock,Cars,PHEV,2015,Vehicles,3200.0,Other
World,Historical,EV stock,Trucks,FCEV,2020,Vehicles,3200.0,_World
Belgium,Historical,EV sales,Vans,BEV,2023,Vehicles,3100.0,Other
Canada,Historical,EV sales,Vans,PHEV,2022,Vehicles,3100.0,Other
Denmark,Historical,EV sales,Cars,PHEV,2018,Vehicles,3100.0,Other
Germany,Historical,EV sales,2 and 3 wheelers,BEV,2018,Vehicles,3100.0,Other
India,Historical,EV sales,Cars,BEV,2020,Vehicles,3100.0,Other
Italy,Historical,EV sales,2 and 3 wheelers,BEV,2018,Vehicles,3100.0,Other
Italy,Historical,EV sales,Vans,BEV,2021,Vehicles,3100.0,Other
Japan,Historical,EV stock,2 and 3 wheelers,BEV,2019,Vehicles,3100.0,Other
Mexico,Historical,EV sales,2 and 3 wheelers,BEV,2021,Vehicles,3100.0,Other
Mexico,Historical,EV stock,Cars,BEV,2020,Vehicles,3100.0,Other
Mexico,Historical,EV stock,Cars,PHEV,2018,Vehicles,3100.0,Other
Netherlands,Historical,EV sales,Vans,BEV,2021,Vehicles,3100.0,Other
Poland,Historical,EV sales,2 and 3 wheelers,BEV,2019,Vehicles,3100.0,Other
Poland,Historical,EV stock,Vans,BEV,2022,Vehicles,3100.0,Other
Poland,Historical,EV stock,Cars,BEV,2017,Vehicles,3100.0,Other
South Korea,Historical,EV stock,Buses,BEV,2021,Vehicles,3100.0,Other
South Korea,Historical,EV sales,Cars,BEV,2015,Vehicles,3100.0,Other
Sweden,Historical,EV sales,2 and 3 wheelers,BEV,2019,Vehicles,3100.0,Other
United States,Historical,EV sales,Cars,FCEV,2021,Vehicles,3100.0,Other
United Kingdom,Historical,EV stock,Buses,BEV,2023,Vehicles,3100.0,Other
World,Historical,EV stock,Cars,FCEV,2016,Vehicles,3100.0,_World
Slovenia,Historical,EV sales,Cars,BEV,2024,Vehicles,3100.0,Other
Belgium,Historical,EV sales,2 and 3 wheelers,BEV,2023,Vehicles,3000.0,Other
Colombia,Historical,EV stock,Cars,PHEV,2021,Vehicles,3000.0,Other
India,Historical,EV stock,Buses,BEV,2020,Vehicles,3000.0,Other
Italy,Historical,EV stock,2 and 3 wheelers,BEV,2016,Vehicles,3000.0,Other
Mexico,Historical,EV sales,Cars,BEV,2021,Vehicles,3000.0,Other
Spain,Historical,EV stock,Vans,BEV,2017,Vehicles,3000.0,Other
Sweden,Historical,EV sales,Cars,BEV,2015,Vehicles,3000.0,Other
Turkey,Historical,EV sales,Cars,BEV,2021,Vehicles,3000.0,Other
United States,Historical,EV sales,Cars,FCEV,2023,Vehicles,3000.0,Other
United Kingdom,Historical,EV stock,2 and 3 wheelers,BEV,2019,Vehicles,3000.0,Other
Hungary,Historical,EV sales,Cars,BEV,2020,Vehicles,3000.0,Other
Hungary,Historical,EV sales,Cars,PHEV,2020,Vehicles,3000.0,Other
Slovakia,Historical,EV sales,Cars,PHEV,2023,Vehicles,3000.0,Other
Australia,Historical,EV sales,Cars,PHEV,2019,Vehicles,2900.0,Other
Brazil,Historical,EV sales,Cars,BEV,2021,Vehicles,2900.0,Other
Denmark,Historical,EV sales,Vans,BEV,2023,Vehicles,2900.0,Other
France,Historical,EV sales,2 and 3 wheelers,BEV,2016,Vehicles,2900.0,Other
Iceland,Historical,EV sales,Cars,PHEV,2018,Vehicles,2900.0,Other
India,Historical,EV stock,Vans,BEV,2018,Vehicles,2900.0,Other
Italy,Historical,EV stock,Vans,BEV,2016,Vehicles,2900.0,Other
Italy,Historical,EV sales,Cars,PHEV,2017,Vehicles,2900.0,Other
Japan,Historical,EV stock,Cars,FCEV,2018,Vehicles,2900.0,Other
New Zealand,Historical,EV stock,2 and 3 wheelers,BEV,2023,Vehicles,2900.0,Other
New Zealand,Historical,EV stock,2 and 3 wheelers,BEV,2024,Vehicles,2900.0,Other
New Zealand,Historical,EV sales,Cars,BEV,2017,Vehicles,2900.0,Other
Norway,Historical,EV stock,Vans,BEV,2017,Vehicles,2900.0,Other
Sweden,Historical,EV sales,Cars,BEV,2016,Vehicles,2900.0,Other
Turkey,Historical,EV stock,Cars,BEV,2020,Vehicles,2900.0,Other
United States,Historical,EV stock,2 and 3 wheelers,BEV,2015,Vehicles,2900.0,Other
United Kingdom,Historical,EV stock,Vans,PHEV,2023,Vehicles,2900.0,Other
World,Historical,EV stock,Buses,FCEV,2019,Vehicles,2900.0,_World
Australia,Historical,EV stock,Cars,PHEV,2016,Vehicles,2800.0,Other
Austria,Historical,EV sales,2 and 3 wheelers,BEV,2023,Vehicles,2800.0,Other
Colombia,Historical,EV stock,2 and 3 wheelers,BEV,2018,Vehicles,2800.0,Other
Colombia,Historical,EV stock,Cars,BEV,2021,Vehicles,2800.0,Other
Denmark,Historical,EV sales,2 and 3 wheelers,BEV,2020,Vehicles,2800.0,Other
Germany,Historical,EV stock,Buses,BEV,2023,Vehicles,2800.0,Other
Greece,Historical,EV sales,Cars,BEV,2022,Vehicles,2800.0,Other
Japan,Historical,EV sales,Vans,BEV,2023,Vehicles,2800.0,Other
Portugal,Historical,EV stock,Cars,BEV,2016,Vehicles,2800.0,Other
South Korea,Historical,EV sales,Buses,BEV,2023,Vehicles,2800.0,Other
South Korea,Historical,EV sales,Buses,BEV,2024,Vehicles,2800.0,Other
South Korea,Historical,EV sales,Cars,FCEV,2024,Vehicles,2800.0,Other
Spain,Historical,EV stock,Cars,PHEV,2016,Vehicles,2800.0,Other
Sweden,Historical,EV sales,2 and 3 wheelers,BEV,2023,Vehicles,2800.0,Other
Switzerland,Historical,EV sales,Cars,PHEV,2016,Vehicles,2800.0,Other
United States,Historical,EV sales,2 and 3 wheelers,BEV,2018,Vehicles,2800.0,Other
World,Historical,EV sales,Trucks,FCEV,2022,Vehicles,2800.0,_World
Romania,Historical,EV sales,Cars,BEV,2020,Vehicles,2800.0,Other
Belgium,Historical,EV sales,Cars,BEV,2017,Vehicles,2700.0,Other
Chile,Historical,EV stock,Cars,PHEV,2024,Vehicles,2700.0,Other
China,Historical,EV stock,Vans,FCEV,2023,Vehicles,2700.0,Other
China,Historical,EV sales,Trucks,FCEV,2022,Vehicles,2700.0,Other
Colombia,Historical,EV sales,2 and 3 wheelers,BEV,2021,Vehicles,2700.0,Other
Denmark,Historical,EV sales,2 and 3 wheelers,BEV,2024,Vehicles,2700.0,Other
Finland,Historical,EV stock,2 and 3 wheelers,BEV,2019,Vehicles,2700.0,Other
France,Historical,EV stock,Buses,BEV,2024,Vehicles,2700.0,Other
Iceland,Historical,EV sales,Cars,BEV,2024,Vehicles,2700.0,Other
Israel,Historical,EV stock,2 and 3 wheelers,BEV,2021,Vehicles,2700.0,Other
Italy,Historical,EV stock,Cars,PHEV,2016,Vehicles,2700.0,Other
Russia,Historical,EV stock,Cars,PHEV,2020,Vehicles,2700.0,Other
South Africa,Historical,EV stock,2 and 3 wheelers,BEV,2024,Vehicles,2700.0,Other
South Korea,Historical,EV sales,Cars,PHEV,2019,Vehicles,2700.0,Other
Sweden,Historical,EV stock,Vans,BEV,2018,Vehicles,2700.0,Other
Switzerland,Historical,EV stock,2 and 3 wheelers,BEV,2016,Vehicles,2700.0,Other
Switzerland,Historical,EV stock,2 and 3 wheelers,BEV,2017,Vehicles,2700.0,Other
Turkey,Historical,EV stock,2 and 3 wheelers,BEV,2015,Vehicles,2700.0,Other
Turkey,Historical,EV sales,Cars,PHEV,2023,Vehicles,2700.0,Other
United States,Historical,EV stock,Buses,BEV,2020,Vehicles,2700.0,Other
United States,Historical,EV stock,Buses,BEV,2021,Vehicles,2700.0,Other
United States,Historical,EV sales,Cars,FCEV,2018,Vehicles,2700.0,Other
United States,Historical,EV sales,Cars,FCEV,2022,Vehicles,2700.0,Other
United Kingdom,Historical,EV stock,Vans,PHEV,2022,Vehicles,2700.0,Other
World,Historical,EV stock,Vans,PHEV,2017,Vehicles,2700.0,_World
Czechia,Historical,EV sales,Cars,BEV,2021,Vehicles,2700.0,Other
Luxembourg,Historical,EV sales,Cars,PHEV,2020,Vehicles,2700.0,Other
Austria,Historical,EV sales,2 and 3 wheelers,BEV,2020,Vehicles,2600.0,Other
Canada,Historical,EV sales,Vans,BEV,2021,Vehicles,2600.0,Other
Canada,Historical,EV sales,Vans,PHEV,2021,Vehicles,2600.0,Other
Costa Rica,Historical,EV sales,Cars,BEV,2022,Vehicles,2600.0,Other
Denmark,Historical,EV stock,Vans,BEV,2021,Vehicles,2600.0,Other
Finland,Historical,EV sales,Cars,PHEV,2017,Vehicles,2600.0,Other
Norway,Historical,EV sales,Vans,BEV,2020,Vehicles,2600.0,Other
Poland,Historical,EV stock,Cars,BEV,2016,Vehicles,2600.0,Other
Sweden,Historical,EV sales,Vans,BEV,2021,Vehicles,2600.0,Other
World,Historical,EV sales,Vans,FCEV,2024,Vehicles,2600.0,_World
Belgium,Historical,EV sales,Cars,PHEV,2015,Vehicles,2500.0,Other
Colombia,Historical,EV sales,2 and 3 wheelers,BEV,2019,Vehicles,2500.0,Other
France,Historical,EV stock,Vans,PHEV,2018,Vehicles,2500.0,Other
Iceland,Historical,EV sales,Cars,BEV,2020,Vehicles,2500.0,Other
Japan,Historical,EV sales,Cars,FCEV,2021,Vehicles,2500.0,Other
Malaysia,Historical,EV sales,2 and 3 wheelers,BEV,2021,Vehicles,2500.0,Other
Malaysia,Historical,EV stock,2 and 3 wheelers,BEV,2019,Vehicles,2500.0,Other
Malaysia,Historical,EV sales,Cars,PHEV,2019,Vehicles,2500.0,Other
Mexico,Historical,EV sales,2 and 3 wheelers,BEV,2020,Vehicles,2500.0,Other
Netherlands,Historical,EV stock,Trucks,BEV,2024,Vehicles,2500.0,Other
New Zealand,Historical,EV stock,Cars,PHEV,2018,Vehicles,2500.0,Other
Poland,Historical,EV sales,2 and 3 wheelers,BEV,2021,Vehicles,2500.0,Other
Poland,Historical,EV sales,2 and 3 wheelers,BEV,2023,Vehicles,2500.0,Other
Poland,Historical,EV stock,2 and 3 wheelers,BEV,2018,Vehicles,2500.0,Other
Poland,Historical,EV stock,Cars,BEV,2015,Vehicles,2500.0,Other
Portugal,Historical,EV sales,Vans,BEV,2023,Vehicles,2500.0,Other
Portugal,Historical,EV sales,Cars,PHEV,2017,Vehicles,2500.0,Other
World,Historical,EV sales,Vans,PHEV,2020,Vehicles,2500.0,_World
Luxembourg,Historical,EV sales,Cars,BEV,2020,Vehicles,2500.0,Other
Ireland,Historical,EV sales,Cars,PHEV,2020,Vehicles,2500.0,Other
Australia,Historical,EV sales,2 and 3 wheelers,BEV,2020,Vehicles,2400.0,Other
Belgium,Historical,EV stock,Vans,BEV,2021,Vehicles,2400.0,Other
Canada,Historical,EV sales,Cars,PHEV,2015,Vehicles,2400.0,Other
Canada,Historical,EV stock,Trucks,BEV,2023,Vehicles,2400.0,Other
Colombia,Historical,EV sales,Cars,PHEV,2022,Vehicles,2400.0,Other
Finland,Historical,EV stock,Cars,BEV,2018,Vehicles,2400.0,Other
Finland,Historical,EV stock,Cars,PHEV,2016,Vehicles,2400.0,Other
Germany,Historical,EV sales,Vans,BEV,2016,Vehicles,2400.0,Other
Iceland,Historical,EV stock,Cars,BEV,2018,Vehicles,2400.0,Other
Iceland,Historical,EV sales,Cars,PHEV,2020,Vehicles,2400.0,Other
Iceland,Historical,EV sales,Cars,PHEV,2023,Vehicles,2400.0,Other
Poland,Historical,EV sales,Vans,BEV,2023,Vehicles,2400.0,Other
Spain,Historical,EV sales,2 and 3 wheelers,BEV,2017,Vehicles,2400.0,Other
Switzerland,Historical,EV sales,Vans,BEV,2022,Vehicles,2400.0,Other
Switzerland,Historical,EV stock,Vans,BEV,2020,Vehicles,2400.0,Other
Switzerland,Historical,EV sales,Cars,PHEV,2015,Vehicles,2400.0,Other
United Kingdom,Historical,EV stock,Trucks,BEV,2023,Vehicles,2400.0,Other
World,Historical,EV sales,Cars,FCEV,2016,Vehicles,2400.0,_World
Australia,Historical,EV stock,2 and 3 wheelers,BEV,2019,Vehicles,2300.0,Other
Austria,Historical,EV sales,Cars,PHEV,2018,Vehicles,2300.0,Other
Austria,Historical,EV stock,Cars,PHEV,2016,Vehicles,2300.0,Other
China,Historical,EV stock,Buses,FCEV,2019,Vehicles,2300.0,Other
China,Historical,EV sales,Vans,FCEV,2024,Vehicles,2300.0,Other
Germany,Historical,EV stock,Cars,FCEV,2024,Vehicles,2300.0,Other
India,Historical,EV sales,Buses,BEV,2023,Vehicles,2300.0,Other
Italy,Historical,EV stock,2 and 3 wheelers,BEV,2015,Vehicles,2300.0,Other
Italy,Historical,EV stock,Vans,PHEV,2024,Vehicles,2300.0,Other
Japan,Historical,EV stock,Cars,FCEV,2017,Vehicles,2300.0,Other
Norway,Historical,EV stock,2 and 3 wheelers,BEV,2020,Vehicles,2300.0,Other
Poland,Historical,EV sales,2 and 3 wheelers,BEV,2024,Vehicles,2300.0,Other
Portugal,Historical,EV stock,Vans,BEV,2021,Vehicles,2300.0,Other
Spain,Historical,EV sales,Vans,BEV,2021,Vehicles,2300.0,Other
Switzerland,Historical,EV sales,Vans,BEV,2024,Vehicles,2300.0,Other
Turkey,Historical,EV stock,Cars,PHEV,2022,Vehicles,2300.0,Other
United States,Historical,EV sales,2 and 3 wheelers,BEV,2017,Vehicles,2300.0,Other
United States,Historical,EV sales,Cars,FCEV,2017,Vehicles,2300.0,Other
United Kingdom,Historical,EV stock,Vans,PHEV,2021,Vehicles,2300.0,Other
Slovakia,Historical,EV sales,Cars,BEV,2023,Vehicles,2300.0,Other
Slovenia,Historical,EV sales,Cars,BEV,2022,Vehicles,2300.0,Other
Australia,Historical,EV stock,Cars,BEV,2016,Vehicles,2200.0,Other
Austria,Historical,EV sales,2 and 3 wheelers,BEV,2019,Vehicles,2200.0,Other
Austria,Historical,EV sales,Cars,PHEV,2019,Vehicles,2200.0,Other
Brazil,Historical,EV sales,Vans,BEV,2024,Vehicles,2200.0,Other
Canada,Historical,EV stock,Buses,BEV,2024,Vehicles,2200.0,Other
Costa Rica,Historical,EV stock,Cars,BEV,2021,Vehicles,2200.0,Other
Denmark,Historical,EV stock,2 and 3 wheelers,BEV,2018,Vehicles,2200.0,Other
Denmark,Historical,EV stock,Vans,PHEV,2024,Vehicles,2200.0,Other
Germany,Historical,EV stock,Cars,FCEV,2022,Vehicles,2200.0,Other
Germany,Historical,EV sales,Trucks,BEV,2023,Vehicles,2200.0,Other
Greece,Historical,EV stock,2 and 3 wheelers,BEV,2022,Vehicles,2200.0,Other
Greece,Historical,EV sales,Cars,BEV,2021,Vehicles,2200.0,Other
Greece,Historical,EV stock,Cars,PHEV,2020,Vehicles,2200.0,Other
Iceland,Historical,EV sales,Cars,PHEV,2017,Vehicles,2200.0,Other
Iceland,Historical,EV stock,Cars,PHEV,2017,Vehicles,2200.0,Other
India,Historical,EV sales,Buses,BEV,2020,Vehicles,2200.0,Other
Israel,Historical,EV stock,2 and 3 wheelers,BEV,2020,Vehicles,2200.0,Other
Israel,Historical,EV stock,Cars,BEV,2019,Vehicles,2200.0,Other
Italy,Historical,EV stock,Buses,BEV,2024,Vehicles,2200.0,Other
Japan,Historical,EV sales,2 and 3 wheelers,BEV,2020,Vehicles,2200.0,Other
Malaysia,Historical,EV sales,2 and 3 wheelers,BEV,2020,Vehicles,2200.0,Other
Netherlands,Historical,EV stock,Vans,BEV,2017,Vehicles,2200.0,Other
New Zealand,Historical,EV stock,2 and 3 wheelers,BEV,2022,Vehicles,2200.0,Other
South Africa,Historical,EV stock,Cars,BEV,2023,Vehicles,2200.0,Other
Switzerland,Historical,EV stock,2 and 3 wheelers,BEV,2015,Vehicles,2200.0,Other
Thailand,Historical,EV stock,Cars,BEV,2020,Vehicles,2200.0,Other
United States,Historical,EV sales,Buses,BEV,2024,Vehicles,2200.0,Other
United States,Historical,EV stock,Buses,BEV,2019,Vehicles,2200.0,Other
Slovakia,Historical,EV sales,Cars,BEV,2024,Vehicles,2200.0,Other
Slovakia,Historical,EV sales,Cars,PHEV,2024,Vehicles,2200.0,Other
Australia,Historical,EV sales,2 and 3 wheelers,BEV,2022,Vehicles,2100.0,Other
Australia,Historical,EV stock,Cars,PHEV,2015,Vehicles,2100.0,Other
Belgium,Historical,EV sales,Cars,BEV,2016,Vehicles,2100.0,Other
Brazil,Historical,EV stock,Cars,PHEV,2019,Vehicles,2100.0,Other
Colombia,Historical,EV sales,Cars,PHEV,2024,Vehicles,2100.0,Other
France,Historical,EV stock,Buses,BEV,2023,Vehicles,2100.0,Other
Germany,Historical,EV sales,2 and 3 wheelers,BEV,2017,Vehicles,2100.0,Other
Germany,Historical,EV stock,Cars,FCEV,2023,Vehicles,2100.0,Other
Italy,Historical,EV stock,Vans,BEV,2015,Vehicles,2100.0,Other
Italy,Historical,EV stock,Vans,PHEV,2023,Vehicles,2100.0,Other
Mexico,Historical,EV sales,Cars,PHEV,2023,Vehicles,2100.0,Other
Norway,Historical,EV stock,Trucks,BEV,2024,Vehicles,2100.0,Other
Portugal,Historical,EV sales,Vans,BEV,2024,Vehicles,2100.0,Other
South Korea,Historical,EV sales,Buses,BEV,2022,Vehicles,2100.0,Other
Spain,Historical,EV stock,Vans,BEV,2016,Vehicles,2100.0,Other
Sweden,Historical,EV sales,Vans,BEV,2020,Vehicles,2100.0,Other
Switzerland,Historical,EV sales,2 and 3 wheelers,BEV,2021,Vehicles,2100.0,Other
United Kingdom,Historical,EV sales,Vans,PHEV,2024,Vehicles,2100.0,Other
Lithuania,Historical,EV sales,Cars,BEV,2023,Vehicles,2100.0,Other
Belgium,Historical,EV sales,Vans,BEV,2024,Vehicles,2000.0,Other
Brazil,Historical,EV stock,2 and 3 wheelers,BEV,2021,Vehicles,2000.0,Other
Canada,Historical,EV sales,Trucks,BEV,2023,Vehicles,2000.0,Other
Canada,Historical,EV sales,Trucks,BEV,2024,Vehicles,2000.0,Other
China,Historical,EV sales,Trucks,FCEV,2019,Vehicles,2000.0,Other
Colombia,Historical,EV sales,Cars,PHEV,2023,Vehicles,2000.0,Other
Iceland,Historical,EV sales,Cars,PHEV,2019,Vehicles,2000.0,Other
India,Historical,EV sales,Buses,BEV,2022,Vehicles,2000.0,Other
Israel,Historical,EV stock,Buses,BEV,2024,Vehicles,2000.0,Other
Italy,Historical,EV sales,Cars,BEV,2017,Vehicles,2000.0,Other
Mexico,Historical,EV sales,Cars,PHEV,2020,Vehicles,2000.0,Other
Netherlands,Historical,EV stock,Buses,BEV,2024,Vehicles,2000.0,Other
New Zealand,Historical,EV stock,Vans,BEV,2024,Vehicles,2000.0,Other
Norway,Historical,EV sales,Vans,BEV,2019,Vehicles,2000.0,Other
Norway,Historical,EV stock,Vans,BEV,2016,Vehicles,2000.0,Other
Portugal,Historical,EV stock,Cars,BEV,2015,Vehicles,2000.0,Other
Russia,Historical,EV stock,Cars,PHEV,2019,Vehicles,2000.0,Other
Spain,Historical,EV sales,Vans,BEV,2020,Vehicles,2000.0,Other
Spain,Historical,EV sales,Cars,BEV,2016,Vehicles,2000.0,Other
United States,Historical,EV sales,Cars,FCEV,2019,Vehicles,2000.0,Other
United Kingdom,Historical,EV sales,Buses,BEV,2024,Vehicles,2000.0,Other
World,Historical,EV sales,Buses,FCEV,2024,Vehicles,2000.0,_World
World,Historical,EV sales,Vans,FCEV,2023,Vehicles,2000.0,_World
World,Historical,EV stock,Vans,PHEV,2016,Vehicles,2000.0,_World
World,Historical,EV sales,Trucks,FCEV,2019,Vehicles,2000.0,_World
Czechia,Historical,EV sales,Cars,PHEV,2020,Vehicles,2000.0,Other
Austria,Historical,EV sales,2 and 3 wheelers,BEV,2018,Vehicles,1900.0,Other
China,Historical,EV sales,Vans,FCEV,2023,Vehicles,1900.0,Other
Colombia,Historical,EV sales,2 and 3 wheelers,BEV,2020,Vehicles,1900.0,Other
Colombia,Historical,EV sales,Cars,BEV,2022,Vehicles,1900.0,Other
Colombia,Historical,EV stock,Cars,BEV,2020,Vehicles,1900.0,Other
Costa Rica,Historical,EV sales,2 and 3 wheelers,BEV,2021,Vehicles,1900.0,Other
Denmark,Historical,EV stock,2 and 3 wheelers,BEV,2017,Vehicles,1900.0,Other
Denmark,Historical,EV sales,Vans,BEV,2022,Vehicles,1900.0,Other
Finland,Historical,EV sales,Cars,BEV,2019,Vehicles,1900.0,Other
France,Historical,EV stock,Vans,PHEV,2024,Vehicles,1900.0,Other
Germany,Historical,EV stock,Vans,PHEV,2024,Vehicles,1900.0,Other
Malaysia,Historical,EV sales,Cars,PHEV,2022,Vehicles,1900.0,Other
Malaysia,Historical,EV sales,Cars,PHEV,2023,Vehicles,1900.0,Other
Poland,Historical,EV sales,2 and 3 wheelers,BEV,2022,Vehicles,1900.0,Other
Poland,Historical,EV sales,Vans,BEV,2024,Vehicles,1900.0,Other
Portugal,Historical,EV stock,Vans,BEV,2020,Vehicles,1900.0,Other
Portugal,Historical,EV sales,Cars,BEV,2017,Vehicles,1900.0,Other
Russia,Historical,EV sales,Cars,BEV,2023,Vehicles,1900.0,Other
Russia,Historical,EV stock,Cars,BEV,2020,Vehicles,1900.0,Other
South Korea,Historical,EV stock,Vans,BEV,2019,Vehicles,1900.0,Other
Spain,Historical,EV sales,Vans,BEV,2019,Vehicles,1900.0,Other
Sweden,Historical,EV stock,Vans,BEV,2017,Vehicles,1900.0,Other
Thailand,Historical,EV sales,Cars,BEV,2021,Vehicles,1900.0,Other
United Kingdom,Historical,EV sales,Trucks,BEV,2024,Vehicles,1900.0,Other
World,Historical,EV sales,Buses,FCEV,2023,Vehicles,1900.0,_World
World,Historical,EV sales,Buses,PHEV,2020,Vehicles,1900.0,_World
Australia,Historical,EV sales,Cars,BEV,2018,Vehicles,1800.0,Other
Australia,Historical,EV sales,Cars,PHEV,2018,Vehicles,1800.0,Other
Belgium,Historical,EV sales,Vans,BEV,2022,Vehicles,1800.0,Other
Belgium,Historical,EV stock,Vans,BEV,2020,Vehicles,1800.0,Other
Brazil,Historical,EV sales,Cars,PHEV,2020,Vehicles,1800.0,Other
China,Historical,EV sales,Buses,PHEV,2020,Vehicles,1800.0,Other
China,Historical,EV stock,Trucks,FCEV,2019,Vehicles,1800.0,Other
Denmark,Historical,EV stock,Cars,PHEV,2017,Vehicles,1800.0,Other
France,Historical,EV sales,2 and 3 wheelers,BEV,2015,Vehicles,1800.0,Other
Israel,Historical,EV stock,2 and 3 wheelers,BEV,2019,Vehicles,1800.0,Other
Japan,Historical,EV sales,2 and 3 wheelers,BEV,2019,Vehicles,1800.0,Other
Malaysia,Historical,EV stock,Cars,PHEV,2016,Vehicles,1800.0,Other
Mexico,Historical,EV sales,2 and 3 wheelers,BEV,2018,Vehicles,1800.0,Other
Mexico,Historical,EV sales,Cars,BEV,2020,Vehicles,1800.0,Other
New Zealand,Historical,EV stock,Vans,BEV,2023,Vehicles,1800.0,Other
Norway,Historical,EV sales,Vans,BEV,2018,Vehicles,1800.0,Other
Poland,Historical,EV sales,2 and 3 wheelers,BEV,2020,Vehicles,1800.0,Other
South Africa,Historical,EV stock,Cars,PHEV,2024,Vehicles,1800.0,Other
South Korea,Historical,EV stock,Buses,BEV,2020,Vehicles,1800.0,Other
Spain,Historical,EV stock,Buses,BEV,2024,Vehicles,1800.0,Other
Spain,Historical,EV sales,Vans,BEV,2018,Vehicles,1800.0,Other
Thailand,Historical,EV stock,2 and 3 wheelers,BEV,2019,Vehicles,1800.0,Other
Turkey,Historical,EV stock,Cars,PHEV,2021,Vehicles,1800.0,Other
United Kingdom,Historical,EV sales,2 and 3 wheelers,BEV,2020,Vehicles,1800.0,Other
United Kingdom,Historical,EV stock,Buses,BEV,2022,Vehicles,1800.0,Other
World,Historical,EV sales,Buses,FCEV,2022,Vehicles,1800.0,_World
World,Historical,EV stock,Buses,FCEV,2018,Vehicles,1800.0,_World
World,Historical,EV stock,Trucks,FCEV,2019,Vehicles,1800.0,_World
Bulgaria,Historical,EV sales,Cars,BEV,2023,Vehicles,1800.0,Other
Croatia,Historical,EV sales,Cars,BEV,2024,Vehicles,1800.0,Other
Hungary,Historical,EV sales,Cars,BEV,2019,Vehicles,1800.0,Other
Lithuania,Historical,EV sales,Cars,BEV,2024,Vehicles,1800.0,Other
Australia,Historical,EV sales,Cars,PHEV,2020,Vehicles,1700.0,Other
Austria,Historical,EV stock,2 and 3 wheelers,BEV,2015,Vehicles,1700.0,Other
Austria,Historical,EV sales,Cars,BEV,2015,Vehicles,1700.0,Other
Austria,Historical,EV sales,Cars,PHEV,2017,Vehicles,1700.0,Other
Belgium,Historical,EV stock,2 and 3 wheelers,BEV,2015,Vehicles,1700.0,Other
Chile,Historical,EV stock,Cars,BEV,2022,Vehicles,1700.0,Other
China,Historical,EV stock,Vans,PHEV,2022,Vehicles,1700.0,Other
China,Historical,EV stock,Vans,PHEV,2023,Vehicles,1700.0,Other
China,Historical,EV stock,Vans,PHEV,2024,Vehicles,1700.0,Other
Colombia,Historical,EV sales,Cars,PHEV,2021,Vehicles,1700.0,Other
France,Historical,EV stock,Buses,BEV,2022,Vehicles,1700.0,Other
Germany,Historical,EV sales,2 and 3 wheelers,BEV,2016,Vehicles,1700.0,Other
Germany,Historical,EV stock,Buses,BEV,2022,Vehicles,1700.0,Other
Iceland,Historical,EV stock,Cars,BEV,2017,Vehicles,1700.0,Other
India,Historical,EV sales,Vans,BEV,2021,Vehicles,1700.0,Other
Indonesia,Historical,EV stock,Cars,BEV,2021,Vehicles,1700.0,Other
Israel,Historical,EV stock,Cars,PHEV,2017,Vehicles,1700.0,Other
Malaysia,Historical,EV stock,Cars,BEV,2022,Vehicles,1700.0,Other
Mexico,Historical,EV stock,2 and 3 wheelers,BEV,2017,Vehicles,1700.0,Other
Norway,Historical,EV stock,Buses,BEV,2024,Vehicles,1700.0,Other
Portugal,Historical,EV sales,2 and 3 wheelers,BEV,2022,Vehicles,1700.0,Other
Thailand,Historical,EV sales,2 and 3 wheelers,BEV,2020,Vehicles,1700.0,Other
Thailand,Historical,EV stock,2 and 3 wheelers,BEV,2015,Vehicles,1700.0,Other
United States,Historical,EV sales,2 and 3 wheelers,BEV,2016,Vehicles,1700.0,Other
Bulgaria,Historical,EV sales,Cars,BEV,2024,Vehicles,1700.0,Other
Latvia,Historical,EV sales,Cars,BEV,2023,Vehicles,1700.0,Other
Slovenia,Historical,EV sales,Cars,BEV,2021,Vehicles,1700.0,Other
Lithuania,Historical,EV sales,Cars,PHEV,2024,Vehicles,1700.0,Other
Australia,Historical,EV sales,2 and 3 wheelers,BEV,2021,Vehicles,1600.0,Other
Brazil,Historical,EV stock,Vans,BEV,2023,Vehicles,1600.0,Other
Brazil,Historical,EV stock,Cars,BEV,2020,Vehicles,1600.0,Other
Canada,Historical,EV stock,Buses,BEV,2023,Vehicles,1600.0,Other
Canada,Historical,EV sales,Vans,BEV,2020,Vehicles,1600.0,Other
Canada,Historical,EV stock,Vans,BEV,2020,Vehicles,1600.0,Other
Chile,Historical,EV sales,Cars,BEV,2023,Vehicles,1600.0,Other
Chile,Historical,EV stock,Cars,PHEV,2023,Vehicles,1600.0,Other
Colombia,Historical,EV sales,2 and 3 wheelers,BEV,2018,Vehicles,1600.0,Other
Colombia,Historical,EV sales,2 and 3 wheelers,BEV,2023,Vehicles,1600.0,Other
Denmark,Historical,EV stock,2 and 3 wheelers,BEV,2015,Vehicles,1600.0,Other
Denmark,Historical,EV stock,2 and 3 wheelers,BEV,2016,Vehicles,1600.0,Other
Finland,Historical,EV sales,Vans,BEV,2023,Vehicles,1600.0,Other
Finland,Historical,EV stock,Vans,BEV,2022,Vehicles,1600.0,Other
France,Historical,EV stock,Vans,PHEV,2017,Vehicles,1600.0,Other
France,Historical,EV stock,Vans,PHEV,2023,Vehicles,1600.0,Other
France,Historical,EV stock,Cars,FCEV,2024,Vehicles,1600.0,Other
France,Historical,EV sales,Trucks,BEV,2024,Vehicles,1600.0,Other
Germany,Historical,EV stock,Vans,PHEV,2023,Vehicles,1600.0,Other
Iceland,Historical,EV sales,Cars,PHEV,2024,Vehicles,1600.0,Other
Israel,Historical,EV stock,2 and 3 wheelers,BEV,2018,Vehicles,1600.0,Other
Japan,Historical,EV sales,Vans,BEV,2022,Vehicles,1600.0,Other
Mexico,Historical,EV sales,Cars,PHEV,2018,Vehicles,1600.0,Other
Netherlands,Historical,EV stock,Buses,BEV,2023,Vehicles,1600.0,Other
Netherlands,Historical,EV sales,Vans,BEV,2020,Vehicles,1600.0,Other
Netherlands,Historical,EV stock,Vans,BEV,2016,Vehicles,1600.0,Other
New Zealand,Historical,EV stock,2 and 3 wheelers,BEV,2021,Vehicles,1600.0,Other
New Zealand,Historical,EV stock,Cars,BEV,2016,Vehicles,1600.0,Other
New Zealand,Historical,EV sales,Cars,PHEV,2019,Vehicles,1600.0,Other
Norway,Historical,EV sales,Vans,BEV,2021,Vehicles,1600.0,Other
Poland,Historical,EV sales,2 and 3 wheelers,BEV,2018,Vehicles,1600.0,Other
Portugal,Historical,EV stock,Cars,PHEV,2016,Vehicles,1600.0,Other
Sweden,Historical,EV stock,Vans,BEV,2016,Vehicles,1600.0,Other
Switzerland,Historical,EV stock,Vans,BEV,2019,Vehicles,1600.0,Other
United States,Historical,EV stock,Buses,BEV,2018,Vehicles,1600.0,Other
United Kingdom,Historical,EV stock,2 and 3 wheelers,BEV,2018,Vehicles,1600.0,Other
Croatia,Historical,EV sales,Cars,BEV,2023,Vehicles,1600.0,Other
Slovenia,Historical,EV sales,Cars,BEV,2020,Vehicles,1600.0,Other
Slovakia,Historical,EV sales,Cars,PHEV,2022,Vehicles,1600.0,Other
Australia,Historical,EV stock,Cars,BEV,2015,Vehicles,1500.0,Other
Austria,Historical,EV stock,Cars,PHEV,2015,Vehicles,1500.0,Other
China,Historical,EV sales,Vans,PHEV,2022,Vehicles,1500.0,Other
Denmark,Historical,EV sales,Vans,BEV,2021,Vehicles,1500.0,Other
Denmark,Historical,EV stock,Vans,PHEV,2023,Vehicles,1500.0,Other
Denmark,Historical,EV sales,Cars,BEV,2018,Vehicles,1500.0,Other
France,Historical,EV stock,Vans,PHEV,2021,Vehicles,1500.0,Other
Germany,Historical,EV stock,Cars,FCEV,2021,Vehicles,1500.0,Other
Greece,Historical,EV sales,Cars,PHEV,2020,Vehicles,1500.0,Other
India,Historical,EV sales,Vans,BEV,2018,Vehicles,1500.0,Other
Israel,Historical,EV sales,Cars,BEV,2020,Vehicles,1500.0,Other
Israel,Historical,EV stock,Cars,BEV,2018,Vehicles,1500.0,Other
Israel,Historical,EV sales,Cars,PHEV,2017,Vehicles,1500.0,Other
Italy,Historical,EV sales,Cars,BEV,2015,Vehicles,1500.0,Other
Japan,Historical,EV sales,Vans,BEV,2020,Vehicles,1500.0,Other
Mexico,Historical,EV stock,2 and 3 wheelers,BEV,2016,Vehicles,1500.0,Other
Mexico,Historical,EV stock,Cars,PHEV,2017,Vehicles,1500.0,Other
Netherlands,Historical,EV stock,Vans,BEV,2015,Vehicles,1500.0,Other
Netherlands,Historical,EV stock,Trucks,BEV,2023,Vehicles,1500.0,Other
New Zealand,Historical,EV sales,Cars,PHEV,2020,Vehicles,1500.0,Other
Poland,Historical,EV stock,Vans,BEV,2021,Vehicles,1500.0,Other
Poland,Historical,EV sales,Cars,BEV,2019,Vehicles,1500.0,Other
Portugal,Historical,EV sales,2 and 3 wheelers,BEV,2023,Vehicles,1500.0,Other
South Korea,Historical,EV sales,Vans,BEV,2019,Vehicles,1500.0,Other
Spain,Historical,EV sales,Cars,PHEV,2016,Vehicles,1500.0,Other
Sweden,Historical,EV stock,Buses,BEV,2024,Vehicles,1500.0,Other
United Kingdom,Historical,EV sales,2 and 3 wheelers,BEV,2019,Vehicles,1500.0,Other
United Kingdom,Historical,EV sales,Vans,BEV,2018,Vehicles,1500.0,Other
United Kingdom,Historical,EV sales,Trucks,BEV,2023,Vehicles,1500.0,Other
World,Historical,EV sales,Buses,FCEV,2020,Vehicles,1500.0,_World
World,Historical,EV stock,Vans,PHEV,2015,Vehicles,1500.0,_World
Romania,Historical,EV sales,Cars,BEV,2019,Vehicles,1500.0,Other
Belgium,Historical,EV stock,Vans,BEV,2019,Vehicles,1400.0,Other
Belgium,Historical,EV sales,Cars,BEV,2015,Vehicles,1400.0,Other
Brazil,Historical,EV sales,Cars,PHEV,2019,Vehicles,1400.0,Other
Canada,Historical,EV sales,Vans,PHEV,2020,Vehicles,1400.0,Other
Canada,Historical,EV stock,Vans,PHEV,2020,Vehicles,1400.0,Other
Costa Rica,Historical,EV stock,2 and 3 wheelers,BEV,2020,Vehicles,1400.0,Other
Denmark,Historical,EV sales,2 and 3 wheelers,BEV,2019,Vehicles,1400.0,Other
Finland,Historical,EV stock,Cars,BEV,2017,Vehicles,1400.0,Other
India,Historical,EV stock,Vans,BEV,2017,Vehicles,1400.0,Other
Israel,Historical,EV stock,Cars,BEV,2017,Vehicles,1400.0,Other
Italy,Historical,EV sales,2 and 3 wheelers,BEV,2017,Vehicles,1400.0,Other
Italy,Historical,EV sales,Cars,BEV,2016,Vehicles,1400.0,Other
Japan,Historical,EV stock,Cars,FCEV,2016,Vehicles,1400.0,Other
Malaysia,Historical,EV stock,2 and 3 wheelers,BEV,2018,Vehicles,1400.0,Other
Mexico,Historical,EV stock,2 and 3 wheelers,BEV,2015,Vehicles,1400.0,Other
Mexico,Historical,EV sales,Cars,PHEV,2019,Vehicles,1400.0,Other
Netherlands,Historical,EV stock,Buses,BEV,2022,Vehicles,1400.0,Other
New Zealand,Historical,EV stock,Vans,BEV,2022,Vehicles,1400.0,Other
Norway,Historical,EV stock,2 and 3 wheelers,BEV,2019,Vehicles,1400.0,Other
South Africa,Historical,EV sales,2 and 3 wheelers,BEV,2024,Vehicles,1400.0,Other
South Africa,Historical,EV stock,2 and 3 wheelers,BEV,2023,Vehicles,1400.0,Other
South Africa,Historical,EV stock,Cars,BEV,2022,Vehicles,1400.0,Other
Sweden,Historical,EV sales,Vans,BEV,2019,Vehicles,1400.0,Other
Thailand,Historical,EV stock,2 and 3 wheelers,BEV,2016,Vehicles,1400.0,Other
Turkey,Historical,EV sales,2 and 3 wheelers,BEV,2015,Vehicles,1400.0,Other
United Kingdom,Historical,EV sales,Buses,BEV,2023,Vehicles,1400.0,Other
United Kingdom,Historical,EV stock,Buses,BEV,2021,Vehicles,1400.0,Other
World,Historical,EV sales,Buses,PHEV,2019,Vehicles,1400.0,_World
World,Historical,EV sales,Buses,PHEV,2023,Vehicles,1400.0,_World
World,Historical,EV sales,Trucks,FCEV,2020,Vehicles,1400.0,_World
Croatia,Historical,EV sales,Cars,BEV,2021,Vehicles,1400.0,Other
Croatia,Historical,EV sales,Cars,BEV,2022,Vehicles,1400.0,Other
Estonia,Historical,EV sales,Cars,BEV,2023,Vehicles,1400.0,Other
Lithuania,Historical,EV sales,Cars,BEV,2022,Vehicles,1400.0,Other
Slovakia,Historical,EV sales,Cars,BEV,2022,Vehicles,1400.0,Other
Croatia,Historical,EV sales,Cars,PHEV,2024,Vehicles,1400.0,Other
Australia,Historical,EV sales,2 and 3 wheelers,BEV,2019,Vehicles,1300.0,Other
Austria,Historical,EV sales,2 and 3 wheelers,BEV,2017,Vehicles,1300.0,Other
Chile,Historical,EV sales,2 and 3 wheelers,BEV,2023,Vehicles,1300.0,Other
Chile,Historical,EV sales,2 and 3 wheelers,BEV,2024,Vehicles,1300.0,Other
Chile,Historical,EV sales,Cars,BEV,2022,Vehicles,1300.0,Other
China,Historical,EV sales,Buses,FCEV,2022,Vehicles,1300.0,Other
China,Historical,EV sales,Buses,PHEV,2019,Vehicles,1300.0,Other
China,Historical,EV sales,Buses,PHEV,2023,Vehicles,1300.0,Other
China,Historical,EV sales,Trucks,FCEV,2020,Vehicles,1300.0,Other
Colombia,Historical,EV stock,Cars,PHEV,2020,Vehicles,1300.0,Other
Denmark,Historical,EV stock,Buses,BEV,2024,Vehicles,1300.0,Other
Denmark,Historical,EV stock,Vans,BEV,2020,Vehicles,1300.0,Other
Denmark,Historical,EV sales,Cars,BEV,2016,Vehicles,1300.0,Other
Finland,Historical,EV stock,2 and 3 wheelers,BEV,2018,Vehicles,1300.0,Other
Finland,Historical,EV sales,Vans,BEV,2024,Vehicles,1300.0,Other
France,Historical,EV stock,Buses,BEV,2021,Vehicles,1300.0,Other
Germany,Historical,EV stock,Buses,BEV,2021,Vehicles,1300.0,Other
Israel,Historical,EV sales,2 and 3 wheelers,BEV,2024,Vehicles,1300.0,Other
Italy,Historical,EV sales,Cars,PHEV,2016,Vehicles,1300.0,Other
Italy,Historical,EV stock,Cars,PHEV,2015,Vehicles,1300.0,Other
Japan,Historical,EV sales,2 and 3 wheelers,BEV,2018,Vehicles,1300.0,Other
Japan,Historical,EV stock,2 and 3 wheelers,BEV,2018,Vehicles,1300.0,Other
Malaysia,Historical,EV sales,Cars,BEV,2022,Vehicles,1300.0,Other
Malaysia,Historical,EV sales,Cars,PHEV,2024,Vehicles,1300.0,Other
Netherlands,Historical,EV stock,Buses,BEV,2021,Vehicles,1300.0,Other
Netherlands,Historical,EV sales,Vans,BEV,2019,Vehicles,1300.0,Other
New Zealand,Historical,EV stock,Cars,PHEV,2017,Vehicles,1300.0,Other
Norway,Historical,EV sales,2 and 3 wheelers,BEV,2022,Vehicles,1300.0,Other
Norway,Historical,EV stock,Vans,BEV,2015,Vehicles,1300.0,Other
Poland,Historical,EV stock,Buses,BEV,2024,Vehicles,1300.0,Other
Russia,Historical,EV stock,Buses,BEV,2022,Vehicles,1300.0,Other
Russia,Historical,EV sales,Cars,BEV,2021,Vehicles,1300.0,Other
South Africa,Historical,EV stock,Cars,PHEV,2023,Vehicles,1300.0,Other
South Korea,Historical,EV sales,Buses,BEV,2021,Vehicles,1300.0,Other
South Korea,Historical,EV stock,Cars,PHEV,2017,Vehicles,1300.0,Other
Spain,Historical,EV sales,Cars,BEV,2015,Vehicles,1300.0,Other
Spain,Historical,EV stock,Cars,PHEV,2015,Vehicles,1300.0,Other
Switzerland,Historical,EV sales,2 and 3 wheelers,BEV,2019,Vehicles,1300.0,Other
Switzerland,Historical,EV sales,Vans,BEV,2021,Vehicles,1300.0,Other
Switzerland,Historical,EV stock,Trucks,BEV,2024,Vehicles,1300.0,Other
Thailand,Historical,EV sales,Cars,BEV,2020,Vehicles,1300.0,Other
Turkey,Historical,EV stock,Cars,BEV,2019,Vehicles,1300.0,Other
United Kingdom,Historical,EV sales,Vans,BEV,2017,Vehicles,1300.0,Other
World,Historical,EV sales,Buses,PHEV,2018,Vehicles,1300.0,_World
World,Historical,EV stock,Vans,FCEV,2022,Vehicles,1300.0,_World
World,Historical,EV sales,Trucks,FCEV,2021,Vehicles,1300.0,_World
World,Historical,EV stock,Trucks,PHEV,2023,Vehicles,1300.0,_World
World,Historical,EV stock,Trucks,PHEV,2024,Vehicles,1300.0,_World
Estonia,Historical,EV sales,Cars,BEV,2024,Vehicles,1300.0,Other
Hungary,Historical,EV sales,Cars,BEV,2018,Vehicles,1300.0,Other
Latvia,Historical,EV sales,Cars,BEV,2024,Vehicles,1300.0,Other
Estonia,Historical,EV sales,Cars,PHEV,2024,Vehicles,1300.0,Other
Ireland,Historical,EV sales,Cars,PHEV,2019,Vehicles,1300.0,Other
Australia,Historical,EV sales,Cars,BEV,2017,Vehicles,1200.0,Other
Austria,Historical,EV sales,2 and 3 wheelers,BEV,2016,Vehicles,1200.0,Other
Austria,Historical,EV sales,Cars,PHEV,2016,Vehicles,1200.0,Other
Belgium,Historical,EV sales,2 and 3 wheelers,BEV,2018,Vehicles,1200.0,Other
Brazil,Historical,EV sales,2 and 3 wheelers,BEV,2020,Vehicles,1200.0,Other
Brazil,Historical,EV stock,2 and 3 wheelers,BEV,2020,Vehicles,1200.0,Other
Chile,Historical,EV stock,Cars,PHEV,2022,Vehicles,1200.0,Other
China,Historical,EV sales,Buses,FCEV,2020,Vehicles,1200.0,Other
China,Historical,EV sales,Buses,FCEV,2023,Vehicles,1200.0,Other
China,Historical,EV stock,Buses,FCEV,2018,Vehicles,1200.0,Other
China,Historical,EV sales,Buses,PHEV,2018,Vehicles,1200.0,Other
China,Historical,EV sales,Trucks,FCEV,2021,Vehicles,1200.0,Other
China,Historical,EV stock,Trucks,PHEV,2023,Vehicles,1200.0,Other
China,Historical,EV stock,Trucks,PHEV,2024,Vehicles,1200.0,Other
Colombia,Historical,EV stock,Cars,BEV,2019,Vehicles,1200.0,Other
Costa Rica,Historical,EV stock,Cars,BEV,2020,Vehicles,1200.0,Other
Denmark,Historical,EV stock,Vans,PHEV,2022,Vehicles,1200.0,Other
Finland,Historical,EV sales,2 and 3 wheelers,BEV,2022,Vehicles,1200.0,Other
Finland,Historical,EV sales,Cars,PHEV,2016,Vehicles,1200.0,Other
Germany,Historical,EV sales,2 and 3 wheelers,BEV,2015,Vehicles,1200.0,Other
India,Historical,EV sales,Buses,BEV,2021,Vehicles,1200.0,Other
India,Historical,EV sales,Vans,BEV,2017,Vehicles,1200.0,Other
Israel,Historical,EV stock,2 and 3 wheelers,BEV,2017,Vehicles,1200.0,Other
Israel,Historical,EV stock,Cars,BEV,2015,Vehicles,1200.0,Other
Israel,Historical,EV stock,Cars,BEV,2016,Vehicles,1200.0,Other
Italy,Historical,EV sales,Buses,BEV,2024,Vehicles,1200.0,Other
Italy,Historical,EV sales,Vans,BEV,2020,Vehicles,1200.0,Other
Mexico,Historical,EV stock,Cars,BEV,2019,Vehicles,1200.0,Other
Netherlands,Historical,EV stock,Buses,BEV,2020,Vehicles,1200.0,Other
Netherlands,Historical,EV sales,Trucks,BEV,2023,Vehicles,1200.0,Other
New Zealand,Historical,EV sales,Cars,BEV,2016,Vehicles,1200.0,Other
New Zealand,Historical,EV sales,Cars,PHEV,2018,Vehicles,1200.0,Other
Norway,Historical,EV stock,Buses,BEV,2023,Vehicles,1200.0,Other
Norway,Historical,EV stock,Trucks,BEV,2023,Vehicles,1200.0,Other
Poland,Historical,EV stock,Buses,BEV,2023,Vehicles,1200.0,Other
Poland,Historical,EV sales,Cars,PHEV,2019,Vehicles,1200.0,Other
Russia,Historical,EV stock,Buses,BEV,2021,Vehicles,1200.0,Other
South Africa,Historical,EV sales,Cars,BEV,2024,Vehicles,1200.0,Other
Spain,Historical,EV stock,Buses,BEV,2023,Vehicles,1200.0,Other
Sweden,Historical,EV stock,Buses,BEV,2023,Vehicles,1200.0,Other
Sweden,Historical,EV stock,Vans,BEV,2015,Vehicles,1200.0,Other
Switzerland,Historical,EV sales,2 and 3 wheelers,BEV,2020,Vehicles,1200.0,Other
Switzerland,Historical,EV stock,Buses,BEV,2024,Vehicles,1200.0,Other
Thailand,Historical,EV stock,2 and 3 wheelers,BEV,2017,Vehicles,1200.0,Other
Thailand,Historical,EV stock,2 and 3 wheelers,BEV,2018,Vehicles,1200.0,Other
United States,Historical,EV sales,Cars,FCEV,2020,Vehicles,1200.0,Other
United States,Historical,EV stock,Cars,FCEV,2016,Vehicles,1200.0,Other
United Kingdom,Historical,EV stock,2 and 3 wheelers,BEV,2016,Vehicles,1200.0,Other
United Kingdom,Historical,EV stock,2 and 3 wheelers,BEV,2017,Vehicles,1200.0,Other
United Kingdom,Historical,EV sales,Vans,PHEV,2021,Vehicles,1200.0,Other
World,Historical,EV sales,Buses,PHEV,2022,Vehicles,1200.0,_World
Cyprus,Historical,EV sales,Cars,BEV,2024,Vehicles,1200.0,Other
Ireland,Historical,EV sales,Cars,BEV,2018,Vehicles,1200.0,Other
Lithuania,Historical,EV sales,Cars,BEV,2021,Vehicles,1200.0,Other
Slovakia,Historical,EV sales,Cars,PHEV,2021,Vehicles,1200.0,Other
Slovenia,Historical,EV sales,Cars,PHEV,2023,Vehicles,1200.0,Other
Slovenia,Historical,EV sales,Cars,PHEV,2024,Vehicles,1200.0,Other
Australia,Historical,EV sales,Cars,PHEV,2017,Vehicles,1100.0,Other
Austria,Historical,EV sales,Cars,PHEV,2015,Vehicles,1100.0,Other
Brazil,Historical,EV stock,Vans,BEV,2022,Vehicles,1100.0,Other
Chile,Historical,EV sales,Cars,PHEV,2024,Vehicles,1100.0,Other
China,Historical,EV sales,Buses,FCEV,2019,Vehicles,1100.0,Other
China,Historical,EV sales,Buses,FCEV,2024,Vehicles,1100.0,Other
China,Historical,EV sales,Buses,PHEV,2022,Vehicles,1100.0,Other
Colombia,Historical,EV stock,2 and 3 wheelers,BEV,2017,Vehicles,1100.0,Other
Denmark,Historical,EV stock,Cars,PHEV,2016,Vehicles,1100.0,Other
Germany,Historical,EV sales,Trucks,BEV,2022,Vehicles,1100.0,Other
Greece,Historical,EV sales,2 and 3 wheelers,BEV,2022,Vehicles,1100.0,Other
Greece,Historical,EV sales,2 and 3 wheelers,BEV,2024,Vehicles,1100.0,Other
Greece,Historical,EV stock,2 and 3 wheelers,BEV,2021,Vehicles,1100.0,Other
Greece,Historical,EV stock,Cars,BEV,2020,Vehicles,1100.0,Other
Iceland,Historical,EV sales,Cars,BEV,2019,Vehicles,1100.0,Other
Israel,Historical,EV stock,Buses,BEV,2023,Vehicles,1100.0,Other
Italy,Historical,EV stock,Vans,PHEV,2022,Vehicles,1100.0,Other
Japan,Historical,EV sales,Cars,FCEV,2016,Vehicles,1100.0,Other
Poland,Historical,EV sales,Vans,BEV,2022,Vehicles,1100.0,Other
Russia,Historical,EV stock,Cars,BEV,2019,Vehicles,1100.0,Other
Russia,Historical,EV stock,Cars,PHEV,2018,Vehicles,1100.0,Other
South Korea,Historical,EV sales,2 and 3 wheelers,BEV,2018,Vehicles,1100.0,Other
South Korea,Historical,EV stock,2 and 3 wheelers,BEV,2018,Vehicles,1100.0,Other
Spain,Historical,EV sales,2 and 3 wheelers,BEV,2016,Vehicles,1100.0,Other
Spain,Historical,EV stock,Vans,BEV,2015,Vehicles,1100.0,Other
United States,Historical,EV sales,2 and 3 wheelers,BEV,2015,Vehicles,1100.0,Other
United States,Historical,EV sales,Vans,BEV,2015,Vehicles,1100.0,Other
United States,Historical,EV sales,Cars,FCEV,2016,Vehicles,1100.0,Other
United Kingdom,Historical,EV stock,2 and 3 wheelers,BEV,2015,Vehicles,1100.0,Other
United Kingdom,Historical,EV stock,Vans,PHEV,2020,Vehicles,1100.0,Other
United Kingdom,Historical,EV stock,Trucks,BEV,2022,Vehicles,1100.0,Other
World,Historical,EV sales,Buses,FCEV,2019,Vehicles,1100.0,_World
Latvia,Historical,EV sales,Cars,BEV,2022,Vehicles,1100.0,Other
Slovakia,Historical,EV sales,Cars,BEV,2021,Vehicles,1100.0,Other
Hungary,Historical,EV sales,Cars,PHEV,2019,Vehicles,1100.0,Other
Lithuania,Historical,EV sales,Cars,PHEV,2023,Vehicles,1100.0,Other
Australia,Historical,EV sales,2 and 3 wheelers,BEV,2018,Vehicles,1000.0,Other
Australia,Historical,EV stock,2 and 3 wheelers,BEV,2018,Vehicles,1000.0,Other
Australia,Historical,EV sales,Cars,PHEV,2015,Vehicles,1000.0,Other
Belgium,Historical,EV stock,Vans,BEV,2018,Vehicles,1000.0,Other
Costa Rica,Historical,EV sales,Cars,BEV,2021,Vehicles,1000.0,Other
France,Historical,EV stock,Vans,PHEV,2016,Vehicles,1000.0,Other
Germany,Historical,EV sales,Vans,BEV,2015,Vehicles,1000.0,Other
Germany,Historical,EV stock,Cars,FCEV,2020,Vehicles,1000.0,Other
Germany,Historical,EV sales,Trucks,BEV,2021,Vehicles,1000.0,Other
India,Historical,EV sales,Vans,BEV,2020,Vehicles,1000.0,Other
Italy,Historical,EV stock,Buses,BEV,2023,Vehicles,1000.0,Other
Italy,Historical,EV sales,Vans,BEV,2019,Vehicles,1000.0,Other
Italy,Historical,EV sales,Vans,PHEV,2023,Vehicles,1000.0,Other
Malaysia,Historical,EV sales,2 and 3 wheelers,BEV,2019,Vehicles,1000.0,Other
Malaysia,Historical,EV stock,2 and 3 wheelers,BEV,2017,Vehicles,1000.0,Other
New Zealand,Historical,EV stock,2 and 3 wheelers,BEV,2020,Vehicles,1000.0,Other
Portugal,Historical,EV sales,Vans,BEV,2022,Vehicles,1000.0,Other
Portugal,Historical,EV sales,Cars,PHEV,2016,Vehicles,1000.0,Other
Russia,Historical,EV sales,Cars,PHEV,2018,Vehicles,1000.0,Other
South Korea,Historical,EV sales,Buses,BEV,2020,Vehicles,1000.0,Other
South Korea,Historical,EV stock,Buses,FCEV,2024,Vehicles,1000.0,Other
Switzerland,Historical,EV stock,Buses,BEV,2023,Vehicles,1000.0,Other
Switzerland,Historical,EV stock,Vans,BEV,2018,Vehicles,1000.0,Other
Turkey,Historical,EV stock,Cars,PHEV,2020,Vehicles,1000.0,Other
United States,Historical,EV sales,Buses,BEV,2022,Vehicles,1000.0,Other
United States,Historical,EV stock,Buses,BEV,2017,Vehicles,1000.0,Other
United Kingdom,Historical,EV sales,Vans,BEV,2016,Vehicles,1000.0,Other
World,Historical,EV sales,Buses,FCEV,2021,Vehicles,1000.0,_World
World,Historical,EV sales,Buses,PHEV,2021,Vehicles,1000.0,_World
Bulgaria,Historical,EV sales,Cars,BEV,2022,Vehicles,1000.0,Other
Romania,Historical,EV sales,Cars,PHEV,2020,Vehicles,1000.0,Other
France,Historical,EV stock,Vans,PHEV,2022,Vehicles,990.0,Other
Japan,Historical,EV sales,Cars,FCEV,2022,Vehicles,990.0,Other
Sweden,Historical,EV stock,Trucks,BEV,2024,Vehicles,990.0,Other
Luxembourg,Historical,EV sales,Cars,BEV,2019,Vehicles,990.0,Other
Croatia,Historical,EV sales,Cars,PHEV,2023,Vehicles,990.0,Other
New Zealand,Historical,EV stock,Vans,BEV,2021,Vehicles,980.0,Other
Finland,Historical,EV stock,Cars,PHEV,2015,Vehicles,970.0,Other
Mexico,Historical,EV sales,Cars,PHEV,2017,Vehicles,970.0,Other
Netherlands,Historical,EV sales,Vans,BEV,2018,Vehicles,970.0,Other
Denmark,Historical,EV stock,Trucks,BEV,2024,Vehicles,960.0,Other
Finland,Historical,EV stock,Buses,BEV,2024,Vehicles,960.0,Other
France,Historical,EV stock,Cars,FCEV,2023,Vehicles,960.0,Other
Iceland,Historical,EV stock,Cars,BEV,2016,Vehicles,960.0,Other
Malaysia,Historical,EV sales,Cars,PHEV,2021,Vehicles,960.0,Other
Netherlands,Historical,EV sales,Trucks,BEV,2024,Vehicles,960.0,Other
South Korea,Historical,EV sales,2 and 3 wheelers,BEV,2017,Vehicles,960.0,Other
United Kingdom,Historical,EV sales,Vans,BEV,2015,Vehicles,960.0,Other
Greece,Historical,EV sales,2 and 3 wheelers,BEV,2023,Vehicles,950.0,Other
South Africa,Historical,EV stock,Vans,BEV,2024,Vehicles,950.0,Other
Finland,Historical,EV sales,2 and 3 wheelers,BEV,2020,Vehicles,940.0,Other
Norway,Historical,EV sales,2 and 3 wheelers,BEV,2021,Vehicles,940.0,Other
Mexico,Historical,EV stock,Cars,BEV,2018,Vehicles,930.0,Other
Denmark,Historical,EV stock,Buses,BEV,2023,Vehicles,920.0,Other
India,Historical,EV sales,Cars,BEV,2017,Vehicles,920.0,Other
India,Historical,EV sales,Cars,BEV,2018,Vehicles,920.0,Other
Japan,Historical,EV sales,Vans,BEV,2021,Vehicles,920.0,Other
Sweden,Historical,EV stock,Buses,BEV,2022,Vehicles,920.0,Other
Turkey,Historical,EV sales,Cars,PHEV,2021,Vehicles,920.0,Other
World,Historical,EV stock,Trucks,PHEV,2022,Vehicles,920.0,_World
Slovakia,Historical,EV sales,Cars,BEV,2020,Vehicles,920.0,Other
South Korea,Historical,EV sales,Cars,FCEV,2018,Vehicles,910.0,Other
World,Historical,EV sales,Buses,FCEV,2018,Vehicles,910.0,_World
Luxembourg,Historical,EV sales,Cars,PHEV,2019,Vehicles,910.0,Other
China,Historical,EV sales,Buses,FCEV,2021,Vehicles,900.0,Other
Denmark,Historical,EV stock,Vans,BEV,2019,Vehicles,900.0,Other
Germany,Historical,EV stock,Trucks,BEV,2022,Vehicles,900.0,Other
Russia,Historical,EV sales,Cars,PHEV,2019,Vehicles,900.0,Other
South Korea,Historical,EV stock,Cars,FCEV,2018,Vehicles,900.0,Other
Spain,Historical,EV stock,Trucks,BEV,2024,Vehicles,900.0,Other
Brazil,Historical,EV stock,Cars,BEV,2019,Vehicles,890.0,Other
China,Historical,EV sales,Buses,FCEV,2018,Vehicles,890.0,Other
Norway,Historical,EV sales,2 and 3 wheelers,BEV,2020,Vehicles,890.0,Other
Thailand,Historical,EV stock,Cars,BEV,2019,Vehicles,890.0,Other
Turkey,Historical,EV sales,Cars,BEV,2020,Vehicles,890.0,Other
Finland,Historical,EV sales,2 and 3 wheelers,BEV,2024,Vehicles,880.0,Other
Finland,Historical,EV stock,2 and 3 wheelers,BEV,2017,Vehicles,880.0,Other
Germany,Historical,EV sales,Buses,BEV,2024,Vehicles,880.0,Other
Israel,Historical,EV stock,2 and 3 wheelers,BEV,2016,Vehicles,880.0,Other
Poland,Historical,EV stock,2 and 3 wheelers,BEV,2017,Vehicles,880.0,Other
South Africa,Historical,EV stock,Cars,PHEV,2021,Vehicles,880.0,Other
Sweden,Historical,EV stock,Vans,PHEV,2020,Vehicles,880.0,Other
Costa Rica,Historical,EV stock,2 and 3 wheelers,BEV,2019,Vehicles,870.0,Other
China,Historical,EV sales,Buses,PHEV,2021,Vehicles,860.0,Other
Germany,Historical,EV sales,Trucks,BEV,2020,Vehicles,860.0,Other
New Zealand,Historical,EV sales,2 and 3 wheelers,BEV,2022,Vehicles,860.0,Other
South Africa,Historical,EV stock,Cars,BEV,2021,Vehicles,860.0,Other
Switzerland,Historical,EV sales,2 and 3 wheelers,BEV,2018,Vehicles,860.0,Other
Slovakia,Historical,EV sales,Cars,PHEV,2020,Vehicles,860.0,Other
Colombia,Historical,EV stock,Cars,PHEV,2019,Vehicles,850.0,Other
Israel,Historical,EV sales,Cars,BEV,2019,Vehicles,850.0,Other
Japan,Historical,EV sales,Cars,FCEV,2017,Vehicles,850.0,Other
New Zealand,Historical,EV stock,Vans,BEV,2020,Vehicles,850.0,Other
World,Historical,EV stock,Buses,FCEV,2017,Vehicles,850.0,_World
China,Historical,EV stock,Trucks,PHEV,2022,Vehicles,840.0,Other
Colombia,Historical,EV sales,Cars,BEV,2021,Vehicles,840.0,Other
Finland,Historical,EV sales,2 and 3 wheelers,BEV,2023,Vehicles,840.0,Other
Finland,Historical,EV stock,Cars,BEV,2016,Vehicles,840.0,Other
Iceland,Historical,EV sales,Cars,BEV,2017,Vehicles,840.0,Other
Norway,Historical,EV stock,2 and 3 wheelers,BEV,2018,Vehicles,840.0,Other
Poland,Historical,EV sales,Vans,BEV,2021,Vehicles,840.0,Other
Spain,Historical,EV sales,Vans,BEV,2017,Vehicles,840.0,Other
Thailand,Historical,EV sales,2 and 3 wheelers,BEV,2019,Vehicles,840.0,Other
Croatia,Historical,EV sales,Cars,PHEV,2022,Vehicles,840.0,Other
Canada,Historical,EV sales,Trucks,BEV,2022,Vehicles,830.0,Other
Germany,Historical,EV sales,Buses,BEV,2023,Vehicles,830.0,Other
Israel,Historical,EV sales,2 and 3 wheelers,BEV,2023,Vehicles,830.0,Other
Japan,Historical,EV sales,Vans,BEV,2015,Vehicles,830.0,Other
Norway,Historical,EV stock,Buses,BEV,2022,Vehicles,830.0,Other
South Africa,Historical,EV stock,Cars,PHEV,2020,Vehicles,830.0,Other
World,Historical,EV sales,Vans,FCEV,2022,Vehicles,830.0,_World
Brazil,Historical,EV sales,2 and 3 wheelers,BEV,2021,Vehicles,820.0,Other
Chile,Historical,EV stock,Cars,BEV,2021,Vehicles,820.0,Other
China,Historical,EV stock,Cars,FCEV,2024,Vehicles,820.0,Other
Poland,Historical,EV stock,Buses,BEV,2022,Vehicles,820.0,Other
South Africa,Historical,EV stock,Cars,PHEV,2022,Vehicles,820.0,Other
United States,Historical,EV stock,Buses,BEV,2016,Vehicles,820.0,Other
United Kingdom,Historical,EV stock,Buses,BEV,2020,Vehicles,820.0,Other
Brazil,Historical,EV sales,Vans,BEV,2023,Vehicles,810.0,Other
China,Historical,EV sales,Vans,FCEV,2022,Vehicles,810.0,Other
China,Historical,EV stock,Vans,FCEV,2022,Vehicles,810.0,Other
Finland,Historical,EV sales,2 and 3 wheelers,BEV,2019,Vehicles,810.0,Other
Poland,Historical,EV stock,Vans,BEV,2020,Vehicles,810.0,Other
South Africa,Historical,EV sales,Cars,BEV,2023,Vehicles,810.0,Other
World,Historical,EV stock,Cars,FCEV,2015,Vehicles,810.0,_World
Brazil,Historical,EV sales,Cars,BEV,2020,Vehicles,800.0,Other
Finland,Historical,EV stock,Vans,BEV,2021,Vehicles,800.0,Other
France,Historical,EV sales,Buses,BEV,2022,Vehicles,800.0,Other
France,Historical,EV sales,Vans,PHEV,2021,Vehicles,800.0,Other
Portugal,Historical,EV sales,Cars,BEV,2016,Vehicles,800.0,Other
Russia,Historical,EV stock,Cars,BEV,2018,Vehicles,800.0,Other
Latvia,Historical,EV sales,Cars,PHEV,2024,Vehicles,800.0,Other
Canada,Historical,EV sales,Buses,BEV,2023,Vehicles,790.0,Other
India,Historical,EV sales,Vans,BEV,2019,Vehicles,790.0,Other
Italy,Historical,EV stock,Buses,BEV,2022,Vehicles,790.0,Other
Cyprus,Historical,EV sales,Cars,BEV,2023,Vehicles,790.0,Other
Belgium,Historical,EV stock,Vans,BEV,2017,Vehicles,780.0,Other
Canada,Historical,EV stock,Trucks,BEV,2022,Vehicles,780.0,Other
Denmark,Historical,EV stock,Vans,PHEV,2021,Vehicles,780.0,Other
Finland,Historical,EV sales,Cars,BEV,2018,Vehicles,780.0,Other
Iceland,Historical,EV sales,Cars,BEV,2018,Vehicles,780.0,Other
Iceland,Historical,EV sales,Cars,PHEV,2016,Vehicles,780.0,Other
Italy,Historical,EV sales,Vans,BEV,2016,Vehicles,780.0,Other
Malaysia,Historical,EV sales,2 and 3 wheelers,BEV,2023,Vehicles,780.0,Other
New Zealand,Historical,EV stock,Vans,BEV,2019,Vehicles,780.0,Other
Russia,Historical,EV sales,Cars,BEV,2020,Vehicles,780.0,Other
Spain,Historical,EV sales,Cars,PHEV,2015,Vehicles,780.0,Other
Switzerland,Historical,EV sales,Vans,BEV,2020,Vehicles,780.0,Other
World,Historical,EV sales,Vans,PHEV,2015,Vehicles,780.0,_World
Belgium,Historical,EV stock,Buses,BEV,2024,Vehicles,770.0,Other
Germany,Historical,EV sales,Vans,PHEV,2022,Vehicles,770.0,Other
Germany,Historical,EV stock,Vans,PHEV,2022,Vehicles,770.0,Other
Germany,Historical,EV stock,Trucks,BEV,2021,Vehicles,770.0,Other
Italy,Historical,EV sales,2 and 3 wheelers,BEV,2016,Vehicles,770.0,Other
Norway,Historical,EV sales,Vans,BEV,2017,Vehicles,770.0,Other
Switzerland,Historical,EV sales,Buses,BEV,2023,Vehicles,770.0,Other
Hungary,Historical,EV sales,Cars,PHEV,2018,Vehicles,770.0,Other
Australia,Historical,EV sales,Cars,BEV,2015,Vehicles,760.0,Other
China,Historical,EV stock,Cars,FCEV,2023,Vehicles,760.0,Other
Colombia,Historical,EV sales,Cars,BEV,2019,Vehicles,760.0,Other
Germany,Historical,EV stock,Buses,BEV,2020,Vehicles,760.0,Other
New Zealand,Historical,EV sales,2 and 3 wheelers,BEV,2023,Vehicles,760.0,Other
New Zealand,Historical,EV stock,Cars,PHEV,2016,Vehicles,760.0,Other
Poland,Historical,EV sales,Cars,PHEV,2018,Vehicles,760.0,Other
Russia,Historical,EV stock,Buses,BEV,2020,Vehicles,760.0,Other
Russia,Historical,EV sales,Cars,BEV,2022,Vehicles,760.0,Other
Sweden,Historical,EV sales,Vans,BEV,2018,Vehicles,760.0,Other
Uzbekistan,Historical,EV sales,Cars,BEV,2023,Vehicles,760.0,Other
Uzbekistan,Historical,EV stock,Cars,BEV,2023,Vehicles,760.0,Other
Czechia,Historical,EV sales,Cars,BEV,2019,Vehicles,760.0,Other
Finland,Historical,EV sales,2 and 3 wheelers,BEV,2021,Vehicles,750.0,Other
Germany,Historical,EV sales,Cars,FCEV,2022,Vehicles,750.0,Other
Netherlands,Historical,EV stock,Buses,BEV,2019,Vehicles,750.0,Other
Norway,Historical,EV stock,Vans,PHEV,2024,Vehicles,750.0,Other
Hungary,Historical,EV sales,Cars,BEV,2017,Vehicles,750.0,Other
Colombia,Historical,EV sales,2 and 3 wheelers,BEV,2024,Vehicles,740.0,Other
Colombia,Historical,EV stock,2 and 3 wheelers,BEV,2016,Vehicles,740.0,Other
France,Historical,EV sales,Buses,BEV,2023,Vehicles,740.0,Other
Italy,Historical,EV sales,Cars,PHEV,2015,Vehicles,740.0,Other
Malaysia,Historical,EV stock,2 and 3 wheelers,BEV,2016,Vehicles,740.0,Other
Russia,Historical,EV sales,Cars,PHEV,2021,Vehicles,740.0,Other
South Africa,Historical,EV sales,Cars,PHEV,2024,Vehicles,740.0,Other
Sweden,Historical,EV stock,Trucks,BEV,2023,Vehicles,740.0,Other
Ireland,Historical,EV sales,Cars,PHEV,2018,Vehicles,740.0,Other
Greece,Historical,EV stock,Cars,PHEV,2019,Vehicles,730.0,Other
India,Historical,EV sales,Cars,BEV,2016,Vehicles,730.0,Other
Indonesia,Historical,EV sales,Cars,BEV,2021,Vehicles,730.0,Other
Italy,Historical,EV sales,2 and 3 wheelers,BEV,2015,Vehicles,730.0,Other
Mexico,Historical,EV stock,Cars,BEV,2017,Vehicles,730.0,Other
Estonia,Historical,EV sales,Cars,BEV,2022,Vehicles,730.0,Other
Australia,Historical,EV sales,2 and 3 wheelers,BEV,2017,Vehicles,720.0,Other
Chile,Historical,EV sales,2 and 3 wheelers,BEV,2022,Vehicles,720.0,Other
Spain,Historical,EV sales,Vans,BEV,2016,Vehicles,720.0,Other
Sweden,Historical,EV stock,2 and 3 wheelers,BEV,2018,Vehicles,720.0,Other
World,Historical,EV sales,Cars,FCEV,2015,Vehicles,720.0,_World
Denmark,Historical,EV sales,Cars,BEV,2017,Vehicles,710.0,Other
Israel,Historical,EV stock,2 and 3 wheelers,BEV,2015,Vehicles,710.0,Other
Netherlands,Historical,EV stock,Cars,FCEV,2024,Vehicles,710.0,Other
Norway,Historical,EV sales,Vans,BEV,2015,Vehicles,710.0,Other
Russia,Historical,EV sales,Cars,PHEV,2020,Vehicles,710.0,Other
Australia,Historical,EV sales,Cars,PHEV,2016,Vehicles,700.0,Other
Brazil,Historical,EV stock,Cars,PHEV,2018,Vehicles,700.0,Other
Denmark,Historical,EV stock,Buses,BEV,2022,Vehicles,700.0,Other
Netherlands,Historical,EV stock,Cars,FCEV,2023,Vehicles,700.0,Other
New Zealand,Historical,EV stock,2 and 3 wheelers,BEV,2019,Vehicles,700.0,Other
Norway,Historical,EV sales,Trucks,BEV,2023,Vehicles,700.0,Other
Norway,Historical,EV sales,Trucks,BEV,2024,Vehicles,700.0,Other
Spain,Historical,EV stock,Trucks,BEV,2023,Vehicles,700.0,Other
Thailand,Historical,EV sales,Cars,BEV,2019,Vehicles,700.0,Other
Turkey,Historical,EV stock,Vans,BEV,2024,Vehicles,700.0,Other
Czechia,Historical,EV sales,Cars,BEV,2018,Vehicles,700.0,Other
Belgium,Historical,EV stock,Vans,BEV,2016,Vehicles,690.0,Other
Canada,Historical,EV stock,2 and 3 wheelers,BEV,2024,Vehicles,690.0,Other
Canada,Historical,EV stock,Buses,BEV,2022,Vehicles,690.0,Other
France,Historical,EV stock,Buses,BEV,2020,Vehicles,690.0,Other
Finland,Historical,EV sales,Vans,BEV,2022,Vehicles,680.0,Other
Greece,Historical,EV sales,Cars,BEV,2020,Vehicles,680.0,Other
India,Historical,EV sales,Cars,BEV,2019,Vehicles,680.0,Other
South Africa,Historical,EV stock,Vans,BEV,2023,Vehicles,680.0,Other
South Africa,Historical,EV stock,Cars,PHEV,2019,Vehicles,680.0,Other
Switzerland,Historical,EV stock,Trucks,BEV,2023,Vehicles,680.0,Other
Australia,Historical,EV sales,Cars,BEV,2016,Vehicles,670.0,Other
Colombia,Historical,EV sales,Cars,BEV,2020,Vehicles,670.0,Other
Denmark,Historical,EV stock,Vans,BEV,2018,Vehicles,670.0,Other
Italy,Historical,EV stock,Buses,BEV,2021,Vehicles,670.0,Other
Japan,Historical,EV sales,Cars,FCEV,2019,Vehicles,670.0,Other
Portugal,Historical,EV sales,Cars,BEV,2015,Vehicles,670.0,Other
South Korea,Historical,EV sales,Cars,PHEV,2017,Vehicles,670.0,Other
Lithuania,Historical,EV sales,Cars,PHEV,2022,Vehicles,670.0,Other
France,Historical,EV sales,Buses,BEV,2024,Vehicles,660.0,Other
Greece,Historical,EV sales,2 and 3 wheelers,BEV,2021,Vehicles,660.0,Other
Japan,Historical,EV sales,Cars,FCEV,2024,Vehicles,660.0,Other
Norway,Historical,EV sales,2 and 3 wheelers,BEV,2023,Vehicles,660.0,Other
Norway,Historical,EV stock,2 and 3 wheelers,BEV,2017,Vehicles,660.0,Other
Norway,Historical,EV stock,Vans,PHEV,2023,Vehicles,660.0,Other
Russia,Historical,EV sales,Buses,BEV,2020,Vehicles,660.0,Other
Russia,Historical,EV stock,Cars,BEV,2017,Vehicles,660.0,Other
United States,Historical,EV sales,Buses,BEV,2020,Vehicles,660.0,Other
Cyprus,Historical,EV sales,Cars,PHEV,2024,Vehicles,660.0,Other
Chile,Historical,EV sales,2 and 3 wheelers,BEV,2019,Vehicles,650.0,Other
Denmark,Historical,EV sales,Vans,PHEV,2024,Vehicles,650.0,Other
Netherlands,Historical,EV stock,Vans,PHEV,2024,Vehicles,650.0,Other
Norway,Historical,EV sales,2 and 3 wheelers,BEV,2024,Vehicles,650.0,Other
Poland,Historical,EV sales,2 and 3 wheelers,BEV,2017,Vehicles,650.0,Other
South Korea,Historical,EV stock,Buses,FCEV,2023,Vehicles,650.0,Other
Turkey,Historical,EV stock,Cars,BEV,2018,Vehicles,650.0,Other
World,Historical,EV stock,Trucks,PHEV,2021,Vehicles,650.0,_World
Belgium,Historical,EV sales,2 and 3 wheelers,BEV,2017,Vehicles,640.0,Other
Belgium,Historical,EV sales,Vans,BEV,2021,Vehicles,640.0,Other
Finland,Historical,EV stock,Buses,BEV,2023,Vehicles,640.0,Other
France,Historical,EV sales,Cars,FCEV,2024,Vehicles,640.0,Other
Germany,Historical,EV stock,Cars,FCEV,2019,Vehicles,640.0,Other
Italy,Historical,EV sales,Vans,BEV,2018,Vehicles,640.0,Other
Netherlands,Historical,EV stock,Cars,FCEV,2022,Vehicles,640.0,Other
Norway,Historical,EV sales,Vans,BEV,2016,Vehicles,640.0,Other
Poland,Historical,EV sales,Cars,PHEV,2017,Vehicles,640.0,Other
South Africa,Historical,EV sales,2 and 3 wheelers,BEV,2023,Vehicles,640.0,Other
South Africa,Historical,EV stock,Cars,BEV,2020,Vehicles,640.0,Other
Spain,Historical,EV sales,2 and 3 wheelers,BEV,2015,Vehicles,640.0,Other
Sweden,Historical,EV stock,Vans,PHEV,2024,Vehicles,640.0,Other
France,Historical,EV stock,Vans,PHEV,2015,Vehicles,630.0,Other
Germany,Historical,EV sales,Buses,BEV,2022,Vehicles,630.0,Other
United States,Historical,EV sales,Cars,FCEV,2024,Vehicles,630.0,Other
Denmark,Historical,EV sales,Vans,BEV,2020,Vehicles,620.0,Other
Denmark,Historical,EV stock,Vans,BEV,2016,Vehicles,620.0,Other
Denmark,Historical,EV sales,Cars,PHEV,2017,Vehicles,620.0,Other
France,Historical,EV sales,Buses,BEV,2021,Vehicles,620.0,Other
Germany,Historical,EV sales,Trucks,BEV,2019,Vehicles,620.0,Other
Israel,Historical,EV stock,Buses,BEV,2022,Vehicles,620.0,Other
Poland,Historical,EV sales,Cars,BEV,2018,Vehicles,620.0,Other
Portugal,Historical,EV stock,Buses,BEV,2024,Vehicles,620.0,Other
Spain,Historical,EV sales,Buses,BEV,2024,Vehicles,620.0,Other
Switzerland,Historical,EV stock,Vans,BEV,2017,Vehicles,620.0,Other
Ireland,Historical,EV sales,Cars,BEV,2017,Vehicles,620.0,Other
Costa Rica,Historical,EV stock,Cars,BEV,2019,Vehicles,610.0,Other
Finland,Historical,EV stock,Cars,BEV,2015,Vehicles,610.0,Other
Germany,Historical,EV sales,Buses,BEV,2021,Vehicles,610.0,Other
Italy,Historical,EV sales,Vans,PHEV,2022,Vehicles,610.0,Other
Japan,Historical,EV sales,Cars,FCEV,2018,Vehicles,610.0,Other
Netherlands,Historical,EV sales,Vans,BEV,2017,Vehicles,610.0,Other
New Zealand,Historical,EV stock,Buses,BEV,2024,Vehicles,610.0,Other
South Africa,Historical,EV stock,Cars,PHEV,2018,Vehicles,610.0,Other
Spain,Historical,EV stock,Buses,BEV,2022,Vehicles,610.0,Other
Iceland,Historical,EV stock,Cars,PHEV,2016,Vehicles,600.0,Other
New Zealand,Historical,EV sales,2 and 3 wheelers,BEV,2021,Vehicles,600.0,Other
Poland,Historical,EV stock,Buses,BEV,2021,Vehicles,600.0,Other
Romania,Historical,EV sales,Cars,BEV,2018,Vehicles,600.0,Other
Chile,Historical,EV stock,Cars,PHEV,2021,Vehicles,590.0,Other
Costa Rica,Historical,EV sales,Cars,BEV,2020,Vehicles,590.0,Other
Denmark,Historical,EV stock,Vans,BEV,2015,Vehicles,590.0,Other
France,Historical,EV stock,Cars,FCEV,2022,Vehicles,590.0,Other
Italy,Historical,EV stock,Buses,BEV,2020,Vehicles,590.0,Other
United Kingdom,Historical,EV stock,Vans,PHEV,2019,Vehicles,590.0,Other
Slovenia,Historical,EV sales,Cars,PHEV,2022,Vehicles,590.0,Other
Belgium,Historical,EV stock,Buses,BEV,2023,Vehicles,580.0,Other
China,Historical,EV stock,Trucks,PHEV,2021,Vehicles,580.0,Other
Malaysia,Historical,EV sales,Cars,PHEV,2020,Vehicles,580.0,Other
South Korea,Historical,EV stock,Cars,PHEV,2016,Vehicles,580.0,Other
Switzerland,Historical,EV sales,Vans,BEV,2019,Vehicles,580.0,Other
Switzerland,Historical,EV sales,Trucks,BEV,2024,Vehicles,580.0,Other
Belgium,Historical,EV stock,Vans,BEV,2015,Vehicles,570.0,Other
Costa Rica,Historical,EV stock,2 and 3 wheelers,BEV,2018,Vehicles,570.0,Other
Denmark,Historical,EV sales,Cars,PHEV,2016,Vehicles,570.0,Other
Denmark,Historical,EV stock,Cars,PHEV,2015,Vehicles,570.0,Other
France,Historical,EV stock,Buses,BEV,2019,Vehicles,570.0,Other
Iceland,Historical,EV stock,Cars,BEV,2015,Vehicles,570.0,Other
Portugal,Historical,EV stock,Buses,BEV,2023,Vehicles,570.0,Other
Chile,Historical,EV sales,Cars,BEV,2021,Vehicles,560.0,Other
Denmark,Historical,EV sales,2 and 3 wheelers,BEV,2018,Vehicles,560.0,Other
South Africa,Historical,EV stock,Cars,BEV,2019,Vehicles,560.0,Other
United States,Historical,EV sales,Buses,BEV,2019,Vehicles,560.0,Other
United Kingdom,Historical,EV sales,2 and 3 wheelers,BEV,2018,Vehicles,560.0,Other
United Kingdom,Historical,EV sales,Vans,PHEV,2020,Vehicles,560.0,Other
Estonia,Historical,EV sales,Cars,PHEV,2023,Vehicles,560.0,Other
Chile,Historical,EV stock,Cars,BEV,2020,Vehicles,550.0,Other
Finland,Historical,EV stock,Buses,BEV,2022,Vehicles,550.0,Other
Iceland,Historical,EV stock,2 and 3 wheelers,BEV,2024,Vehicles,550.0,Other
India,Historical,EV stock,Buses,BEV,2019,Vehicles,550.0,Other
Malaysia,Historical,EV stock,2 and 3 wheelers,BEV,2015,Vehicles,550.0,Other
Russia,Historical,EV stock,Cars,BEV,2016,Vehicles,550.0,Other
South Korea,Historical,EV sales,Buses,BEV,2019,Vehicles,550.0,Other
United States,Historical,EV sales,Buses,PHEV,2015,Vehicles,550.0,Other
United States,Historical,EV stock,Buses,PHEV,2015,Vehicles,550.0,Other
United States,Historical,EV stock,Buses,PHEV,2016,Vehicles,550.0,Other
United States,Historical,EV stock,Buses,PHEV,2017,Vehicles,550.0,Other
United States,Historical,EV stock,Buses,PHEV,2018,Vehicles,550.0,Other
United States,Historical,EV stock,Buses,PHEV,2019,Vehicles,550.0,Other
United States,Historical,EV stock,Buses,PHEV,2020,Vehicles,550.0,Other
United States,Historical,EV stock,Buses,PHEV,2021,Vehicles,550.0,Other
United States,Historical,EV stock,Buses,PHEV,2022,Vehicles,550.0,Other
United States,Historical,EV stock,Buses,PHEV,2023,Vehicles,550.0,Other
United States,Historical,EV stock,Buses,PHEV,2024,Vehicles,550.0,Other
United States,Historical,EV sales,Vans,PHEV,2015,Vehicles,550.0,Other
United States,Historical,EV stock,Vans,PHEV,2015,Vehicles,550.0,Other
United States,Historical,EV stock,Vans,PHEV,2016,Vehicles,550.0,Other
United States,Historical,EV stock,Vans,PHEV,2017,Vehicles,550.0,Other
United States,Historical,EV stock,Vans,PHEV,2018,Vehicles,550.0,Other
United States,Historical,EV stock,Vans,PHEV,2019,Vehicles,550.0,Other
United States,Historical,EV stock,Vans,PHEV,2020,Vehicles,550.0,Other
United States,Historical,EV stock,Vans,PHEV,2021,Vehicles,550.0,Other
United States,Historical,EV stock,Vans,PHEV,2022,Vehicles,550.0,Other
United States,Historical,EV stock,Vans,PHEV,2023,Vehicles,550.0,Other
United States,Historical,EV stock,Vans,PHEV,2024,Vehicles,550.0,Other
World,Historical,EV sales,Trucks,PHEV,2021,Vehicles,550.0,_World
Brazil,Historical,EV sales,Cars,BEV,2019,Vehicles,540.0,Other
France,Historical,EV stock,Vans,FCEV,2024,Vehicles,540.0,Other
Indonesia,Historical,EV stock,Cars,PHEV,2024,Vehicles,540.0,Other
Italy,Historical,EV stock,Buses,BEV,2019,Vehicles,540.0,Other
Netherlands,Historical,EV stock,Cars,FCEV,2021,Vehicles,540.0,Other
New Zealand,Historical,EV sales,Cars,PHEV,2017,Vehicles,540.0,Other
Norway,Historical,EV sales,2 and 3 wheelers,BEV,2019,Vehicles,540.0,Other
Norway,Historical,EV sales,Buses,BEV,2023,Vehicles,540.0,Other
Portugal,Historical,EV stock,Vans,BEV,2019,Vehicles,540.0,Other
Spain,Historical,EV sales,Vans,BEV,2015,Vehicles,540.0,Other
Switzerland,Historical,EV stock,Vans,BEV,2016,Vehicles,540.0,Other
Turkey,Historical,EV sales,Cars,PHEV,2022,Vehicles,540.0,Other
Turkey,Historical,EV stock,Cars,PHEV,2019,Vehicles,540.0,Other
United Kingdom,Historical,EV sales,Buses,BEV,2021,Vehicles,540.0,Other
Mexico,Historical,EV stock,Cars,PHEV,2016,Vehicles,530.0,Other
Norway,Historical,EV sales,Trucks,BEV,2022,Vehicles,530.0,Other
Portugal,Historical,EV stock,Cars,PHEV,2015,Vehicles,530.0,Other
South Africa,Historical,EV stock,Cars,PHEV,2017,Vehicles,530.0,Other
Sweden,Historical,EV stock,Buses,BEV,2021,Vehicles,530.0,Other
Croatia,Historical,EV sales,Cars,BEV,2020,Vehicles,530.0,Other
Brazil,Historical,EV sales,Vans,BEV,2022,Vehicles,520.0,Other
Canada,Historical,EV stock,2 and 3 wheelers,BEV,2023,Vehicles,520.0,Other
China,Historical,EV sales,Cars,FCEV,2023,Vehicles,520.0,Other
China,Historical,EV sales,Trucks,PHEV,2021,Vehicles,520.0,Other
France,Historical,EV sales,Vans,PHEV,2022,Vehicles,520.0,Other
Iceland,Historical,EV stock,2 and 3 wheelers,BEV,2023,Vehicles,520.0,Other
Japan,Historical,EV sales,Vans,BEV,2019,Vehicles,520.0,Other
Mexico,Historical,EV sales,Cars,PHEV,2016,Vehicles,520.0,Other
Norway,Historical,EV stock,Buses,BEV,2021,Vehicles,520.0,Other
Spain,Historical,EV sales,Buses,BEV,2023,Vehicles,520.0,Other
Sweden,Historical,EV sales,2 and 3 wheelers,BEV,2018,Vehicles,520.0,Other
Switzerland,Historical,EV sales,2 and 3 wheelers,BEV,2016,Vehicles,520.0,Other
United States,Historical,EV stock,Buses,FCEV,2024,Vehicles,520.0,Other
Chile,Historical,EV sales,Cars,PHEV,2023,Vehicles,510.0,Other
Denmark,Historical,EV stock,Vans,BEV,2017,Vehicles,510.0,Other
India,Historical,EV sales,Vans,BEV,2022,Vehicles,510.0,Other
United Kingdom,Historical,EV stock,Buses,BEV,2019,Vehicles,510.0,Other
United Kingdom,Historical,EV sales,Trucks,BEV,2022,Vehicles,510.0,Other
Cyprus,Historical,EV sales,Cars,PHEV,2023,Vehicles,510.0,Other
Colombia,Historical,EV sales,2 and 3 wheelers,BEV,2016,Vehicles,500.0,Other
Costa Rica,Historical,EV sales,2 and 3 wheelers,BEV,2020,Vehicles,500.0,Other
Denmark,Historical,EV sales,2 and 3 wheelers,BEV,2017,Vehicles,500.0,Other
Finland,Historical,EV sales,Cars,BEV,2017,Vehicles,500.0,Other
Germany,Historical,EV stock,Vans,PHEV,2021,Vehicles,500.0,Other
Israel,Historical,EV sales,Buses,BEV,2024,Vehicles,500.0,Other
Italy,Historical,EV sales,Vans,BEV,2017,Vehicles,500.0,Other
Mexico,Historical,EV stock,Cars,BEV,2016,Vehicles,500.0,Other
New Zealand,Historical,EV sales,Vans,BEV,2023,Vehicles,500.0,Other
Norway,Historical,EV stock,Vans,PHEV,2022,Vehicles,500.0,Other
South Africa,Historical,EV sales,Cars,BEV,2022,Vehicles,500.0,Other
Turkey,Historical,EV stock,Cars,BEV,2017,Vehicles,500.0,Other
United States,Historical,EV sales,Buses,BEV,2021,Vehicles,500.0,Other
Colombia,Historical,EV stock,Cars,BEV,2018,Vehicles,490.0,Other
France,Historical,EV sales,Trucks,BEV,2022,Vehicles,490.0,Other
Iceland,Historical,EV stock,2 and 3 wheelers,BEV,2022,Vehicles,490.0,Other
Italy,Historical,EV stock,Vans,PHEV,2021,Vehicles,490.0,Other
Japan,Historical,EV sales,Cars,FCEV,2020,Vehicles,490.0,Other
New Zealand,Historical,EV stock,Cars,BEV,2015,Vehicles,490.0,Other
Poland,Historical,EV stock,Vans,BEV,2019,Vehicles,490.0,Other
Australia,Historical,EV sales,2 and 3 wheelers,BEV,2016,Vehicles,480.0,Other
Canada,Historical,EV stock,2 and 3 wheelers,BEV,2022,Vehicles,480.0,Other
Greece,Historical,EV stock,2 and 3 wheelers,BEV,2020,Vehicles,480.0,Other
India,Historical,EV stock,Cars,PHEV,2024,Vehicles,480.0,Other
Israel,Historical,EV sales,Buses,BEV,2022,Vehicles,480.0,Other
Israel,Historical,EV stock,Vans,BEV,2024,Vehicles,480.0,Other
Estonia,Historical,EV sales,Cars,BEV,2021,Vehicles,480.0,Other
Belgium,Historical,EV sales,Vans,BEV,2020,Vehicles,470.0,Other
Chile,Historical,EV sales,Cars,PHEV,2022,Vehicles,470.0,Other
Colombia,Historical,EV sales,Cars,PHEV,2020,Vehicles,470.0,Other
Costa Rica,Historical,EV stock,Cars,PHEV,2024,Vehicles,470.0,Other
Finland,Historical,EV sales,2 and 3 wheelers,BEV,2017,Vehicles,470.0,Other
Germany,Historical,EV stock,Cars,FCEV,2018,Vehicles,470.0,Other
Greece,Historical,EV stock,Cars,BEV,2019,Vehicles,470.0,Other
Israel,Historical,EV sales,2 and 3 wheelers,BEV,2022,Vehicles,470.0,Other
United States,Historical,EV sales,Buses,BEV,2018,Vehicles,470.0,Other
Ireland,Historical,EV sales,Cars,BEV,2015,Vehicles,470.0,Other
Slovenia,Historical,EV sales,Cars,BEV,2018,Vehicles,470.0,Other
Bulgaria,Historical,EV sales,Cars,PHEV,2024,Vehicles,470.0,Other
Czechia,Historical,EV sales,Cars,PHEV,2019,Vehicles,470.0,Other
Denmark,Historical,EV stock,Trucks,BEV,2023,Vehicles,460.0,Other
Iceland,Historical,EV stock,2 and 3 wheelers,BEV,2021,Vehicles,460.0,Other
India,Historical,EV sales,Buses,BEV,2019,Vehicles,460.0,Other
Russia,Historical,EV sales,Cars,PHEV,2023,Vehicles,460.0,Other
Sweden,Historical,EV sales,Trucks,BEV,2024,Vehicles,460.0,Other
Turkey,Historical,EV sales,Vans,BEV,2024,Vehicles,460.0,Other
World,Historical,EV stock,Vans,FCEV,2021,Vehicles,460.0,_World
Colombia,Historical,EV sales,Cars,PHEV,2019,Vehicles,450.0,Other
Denmark,Historical,EV sales,Trucks,BEV,2024,Vehicles,450.0,Other
Finland,Historical,EV sales,2 and 3 wheelers,BEV,2018,Vehicles,450.0,Other
India,Historical,EV sales,Cars,BEV,2015,Vehicles,450.0,Other
Israel,Historical,EV sales,2 and 3 wheelers,BEV,2021,Vehicles,450.0,Other
Israel,Historical,EV sales,Buses,BEV,2023,Vehicles,450.0,Other
Japan,Historical,EV sales,Trucks,BEV,2024,Vehicles,450.0,Other
Netherlands,Historical,EV sales,Buses,BEV,2020,Vehicles,450.0,Other
Netherlands,Historical,EV sales,Vans,PHEV,2024,Vehicles,450.0,Other
Norway,Historical,EV stock,2 and 3 wheelers,BEV,2016,Vehicles,450.0,Other
Portugal,Historical,EV stock,2 and 3 wheelers,BEV,2021,Vehicles,450.0,Other
United Kingdom,Historical,EV stock,Trucks,BEV,2021,Vehicles,450.0,Other
Lithuania,Historical,EV sales,Cars,BEV,2020,Vehicles,450.0,Other
Chile,Historical,EV stock,Cars,BEV,2019,Vehicles,440.0,Other
Costa Rica,Historical,EV stock,Cars,PHEV,2023,Vehicles,440.0,Other
Finland,Historical,EV stock,Vans,BEV,2020,Vehicles,440.0,Other
France,Historical,EV stock,Trucks,BEV,2022,Vehicles,440.0,Other
Germany,Historical,EV sales,Cars,FCEV,2021,Vehicles,440.0,Other
Greece,Historical,EV stock,Cars,PHEV,2018,Vehicles,440.0,Other
Poland,Historical,EV sales,Cars,BEV,2017,Vehicles,440.0,Other
Spain,Historical,EV sales,Trucks,BEV,2023,Vehicles,440.0,Other
Switzerland,Historical,EV stock,Vans,BEV,2015,Vehicles,440.0,Other
United Kingdom,Historical,EV sales,Buses,BEV,2022,Vehicles,440.0,Other
Hungary,Historical,EV sales,Cars,PHEV,2017,Vehicles,440.0,Other
Canada,Historical,EV stock,2 and 3 wheelers,BEV,2021,Vehicles,430.0,Other
Canada,Historical,EV stock,Buses,BEV,2021,Vehicles,430.0,Other
Denmark,Historical,EV stock,Vans,PHEV,2020,Vehicles,430.0,Other
Malaysia,Historical,EV stock,Cars,BEV,2021,Vehicles,430.0,Other
Poland,Historical,EV stock,Buses,BEV,2020,Vehicles,430.0,Other
Portugal,Historical,EV sales,2 and 3 wheelers,BEV,2024,Vehicles,430.0,Other
Portugal,Historical,EV sales,Cars,PHEV,2015,Vehicles,430.0,Other
Sweden,Historical,EV stock,Vans,PHEV,2023,Vehicles,430.0,Other
Switzerland,Historical,EV sales,2 and 3 wheelers,BEV,2015,Vehicles,430.0,Other
Bulgaria,Historical,EV sales,Cars,BEV,2021,Vehicles,430.0,Other
Estonia,Historical,EV sales,Cars,PHEV,2022,Vehicles,430.0,Other
Denmark,Historical,EV sales,Cars,PHEV,2015,Vehicles,420.0,Other
Finland,Historical,EV sales,Cars,PHEV,2015,Vehicles,420.0,Other
Italy,Historical,EV sales,Vans,BEV,2015,Vehicles,420.0,Other
Mexico,Historical,EV sales,2 and 3 wheelers,BEV,2015,Vehicles,420.0,Other
New Zealand,Historical,EV sales,Vans,BEV,2022,Vehicles,420.0,Other
New Zealand,Historical,EV stock,Cars,PHEV,2015,Vehicles,420.0,Other
Norway,Historical,EV stock,Buses,BEV,2020,Vehicles,420.0,Other
Russia,Historical,EV sales,Buses,BEV,2021,Vehicles,420.0,Other
Sweden,Historical,EV stock,Vans,PHEV,2022,Vehicles,420.0,Other
Turkey,Historical,EV stock,Cars,BEV,2016,Vehicles,420.0,Other
Costa Rica,Historical,EV stock,Cars,PHEV,2022,Vehicles,410.0,Other
Denmark,Historical,EV sales,Vans,PHEV,2023,Vehicles,410.0,Other
Finland,Historical,EV stock,2 and 3 wheelers,BEV,2016,Vehicles,410.0,Other
Italy,Historical,EV sales,Buses,BEV,2023,Vehicles,410.0,Other
Japan,Historical,EV stock,Trucks,BEV,2024,Vehicles,410.0,Other
Malaysia,Historical,EV sales,2 and 3 wheelers,BEV,2018,Vehicles,410.0,Other
Netherlands,Historical,EV sales,Buses,BEV,2024,Vehicles,410.0,Other
United Kingdom,Historical,EV sales,Vans,PHEV,2022,Vehicles,410.0,Other
United Kingdom,Historical,EV stock,Vans,PHEV,2018,Vehicles,410.0,Other
United Kingdom,Historical,EV stock,Trucks,BEV,2015,Vehicles,410.0,Other
Latvia,Historical,EV sales,Cars,BEV,2021,Vehicles,410.0,Other
Austria,Historical,EV sales,2 and 3 wheelers,BEV,2015,Vehicles,400.0,Other
Belgium,Historical,EV sales,Vans,BEV,2019,Vehicles,400.0,Other
Belgium,Historical,EV stock,Vans,PHEV,2024,Vehicles,400.0,Other
China,Historical,EV sales,Trucks,FCEV,2018,Vehicles,400.0,Other
China,Historical,EV stock,Trucks,FCEV,2018,Vehicles,400.0,Other
Colombia,Historical,EV sales,2 and 3 wheelers,BEV,2017,Vehicles,400.0,Other
Colombia,Historical,EV stock,Cars,PHEV,2018,Vehicles,400.0,Other
France,Historical,EV stock,Cars,FCEV,2021,Vehicles,400.0,Other
Japan,Historical,EV stock,Cars,FCEV,2015,Vehicles,400.0,Other
Poland,Historical,EV sales,Cars,PHEV,2016,Vehicles,400.0,Other
South Africa,Historical,EV stock,Cars,BEV,2018,Vehicles,400.0,Other
South Africa,Historical,EV stock,Cars,PHEV,2016,Vehicles,400.0,Other
Turkey,Historical,EV sales,Cars,PHEV,2020,Vehicles,400.0,Other
United Kingdom,Historical,EV sales,2 and 3 wheelers,BEV,2016,Vehicles,400.0,Other
United Kingdom,Historical,EV stock,Buses,BEV,2018,Vehicles,400.0,Other
United Kingdom,Historical,EV stock,Trucks,BEV,2016,Vehicles,400.0,Other
World,Historical,EV stock,Vans,FCEV,2020,Vehicles,400.0,_World
World,Historical,EV sales,Trucks,FCEV,2018,Vehicles,400.0,_World
World,Historical,EV stock,Trucks,FCEV,2018,Vehicles,400.0,_World
Cyprus,Historical,EV sales,Cars,BEV,2022,Vehicles,400.0,Other
Croatia,Historical,EV sales,Cars,PHEV,2021,Vehicles,400.0,Other
Lithuania,Historical,EV sales,Cars,PHEV,2021,Vehicles,400.0,Other
Germany,Historical,EV sales,Buses,BEV,2020,Vehicles,390.0,Other
Germany,Historical,EV sales,Cars,FCEV,2024,Vehicles,390.0,Other
Iceland,Historical,EV stock,2 and 3 wheelers,BEV,2020,Vehicles,390.0,Other
Iceland,Historical,EV sales,Cars,BEV,2015,Vehicles,390.0,Other
India,Historical,EV stock,Cars,PHEV,2023,Vehicles,390.0,Other
Indonesia,Historical,EV stock,Cars,PHEV,2023,Vehicles,390.0,Other
Japan,Historical,EV sales,Cars,FCEV,2015,Vehicles,390.0,Other
Switzerland,Historical,EV sales,Trucks,BEV,2023,Vehicles,390.0,Other
World,Historical,EV sales,Buses,FCEV,2017,Vehicles,390.0,_World
Czechia,Historical,EV sales,Cars,BEV,2017,Vehicles,390.0,Other
Ireland,Historical,EV sales,Cars,BEV,2016,Vehicles,390.0,Other
China,Historical,EV sales,Buses,FCEV,2017,Vehicles,380.0,Other
Denmark,Historical,EV sales,Buses,BEV,2022,Vehicles,380.0,Other
France,Historical,EV stock,Cars,FCEV,2019,Vehicles,380.0,Other
France,Historical,EV stock,Cars,FCEV,2020,Vehicles,380.0,Other
Germany,Historical,EV stock,Buses,BEV,2019,Vehicles,380.0,Other
Iceland,Historical,EV sales,Cars,BEV,2016,Vehicles,380.0,Other
Israel,Historical,EV sales,2 and 3 wheelers,BEV,2018,Vehicles,380.0,Other
Italy,Historical,EV sales,Vans,PHEV,2021,Vehicles,380.0,Other
Netherlands,Historical,EV stock,Buses,BEV,2018,Vehicles,380.0,Other
Netherlands,Historical,EV stock,Cars,FCEV,2020,Vehicles,380.0,Other
Netherlands,Historical,EV stock,Trucks,BEV,2022,Vehicles,380.0,Other
Spain,Historical,EV sales,Trucks,BEV,2024,Vehicles,380.0,Other
Denmark,Historical,EV sales,Buses,BEV,2024,Vehicles,370.0,Other
Denmark,Historical,EV sales,Vans,PHEV,2022,Vehicles,370.0,Other
France,Historical,EV sales,Cars,FCEV,2023,Vehicles,370.0,Other
Germany,Historical,EV sales,Cars,FCEV,2020,Vehicles,370.0,Other
Indonesia,Historical,EV stock,Cars,BEV,2020,Vehicles,370.0,Other
Netherlands,Historical,EV sales,Buses,BEV,2019,Vehicles,370.0,Other
New Zealand,Historical,EV stock,Buses,BEV,2023,Vehicles,370.0,Other
South Korea,Historical,EV sales,Buses,FCEV,2023,Vehicles,370.0,Other
Turkey,Historical,EV stock,Cars,BEV,2015,Vehicles,370.0,Other
World,Historical,EV stock,Vans,FCEV,2018,Vehicles,370.0,_World
World,Historical,EV stock,Vans,FCEV,2019,Vehicles,370.0,_World
Brazil,Historical,EV stock,Cars,PHEV,2017,Vehicles,360.0,Other
Germany,Historical,EV sales,Vans,PHEV,2023,Vehicles,360.0,Other
India,Historical,EV sales,Vans,BEV,2023,Vehicles,360.0,Other
Israel,Historical,EV sales,2 and 3 wheelers,BEV,2020,Vehicles,360.0,Other
New Zealand,Historical,EV sales,2 and 3 wheelers,BEV,2024,Vehicles,360.0,Other
Norway,Historical,EV sales,Buses,BEV,2024,Vehicles,360.0,Other
Portugal,Historical,EV sales,Buses,BEV,2023,Vehicles,360.0,Other
Portugal,Historical,EV sales,Vans,BEV,2021,Vehicles,360.0,Other
Switzerland,Historical,EV stock,Trucks,BEV,2022,Vehicles,360.0,Other
World,Historical,EV stock,Buses,FCEV,2016,Vehicles,360.0,_World
World,Historical,EV sales,Trucks,PHEV,2023,Vehicles,360.0,_World
Bulgaria,Historical,EV sales,Cars,PHEV,2023,Vehicles,360.0,Other
Brazil,Historical,EV stock,Cars,BEV,2018,Vehicles,350.0,Other
Colombia,Historical,EV sales,2 and 3 wheelers,BEV,2022,Vehicles,350.0,Other
Costa Rica,Historical,EV sales,Cars,BEV,2019,Vehicles,350.0,Other
Costa Rica,Historical,EV stock,Cars,PHEV,2021,Vehicles,350.0,Other
Russia,Historical,EV sales,Cars,BEV,2016,Vehicles,350.0,Other
Russia,Historical,EV sales,Cars,BEV,2019,Vehicles,350.0,Other
South Korea,Historical,EV sales,Buses,FCEV,2024,Vehicles,350.0,Other
Spain,Historical,EV stock,Buses,BEV,2021,Vehicles,350.0,Other
Sweden,Historical,EV stock,Buses,BEV,2020,Vehicles,350.0,Other
Switzerland,Historical,EV stock,Vans,PHEV,2024,Vehicles,350.0,Other
United Kingdom,Historical,EV stock,Trucks,BEV,2017,Vehicles,350.0,Other
Latvia,Historical,EV sales,Cars,PHEV,2023,Vehicles,350.0,Other
China,Historical,EV stock,Buses,FCEV,2017,Vehicles,340.0,Other
Finland,Historical,EV sales,Vans,BEV,2021,Vehicles,340.0,Other
France,Historical,EV stock,Buses,BEV,2018,Vehicles,340.0,Other
Indonesia,Historical,EV sales,Cars,BEV,2020,Vehicles,340.0,Other
New Zealand,Historical,EV sales,2 and 3 wheelers,BEV,2020,Vehicles,340.0,Other
New Zealand,Historical,EV sales,Cars,PHEV,2016,Vehicles,340.0,Other
Poland,Historical,EV sales,Buses,BEV,2023,Vehicles,340.0,Other
Spain,Historical,EV stock,Vans,PHEV,2024,Vehicles,340.0,Other
United States,Historical,EV stock,Buses,FCEV,2023,Vehicles,340.0,Other
United Kingdom,Historical,EV stock,Trucks,BEV,2019,Vehicles,340.0,Other
Estonia,Historical,EV sales,Cars,BEV,2020,Vehicles,340.0,Other
Canada,Historical,EV stock,2 and 3 wheelers,BEV,2020,Vehicles,330.0,Other
Germany,Historical,EV stock,Buses,FCEV,2024,Vehicles,330.0,Other
New Zealand,Historical,EV stock,2 and 3 wheelers,BEV,2018,Vehicles,330.0,Other
Norway,Historical,EV sales,Vans,PHEV,2024,Vehicles,330.0,Other
Portugal,Historical,EV stock,Vans,BEV,2018,Vehicles,330.0,Other
South Africa,Historical,EV stock,Cars,BEV,2017,Vehicles,330.0,Other
South Korea,Historical,EV stock,Vans,BEV,2018,Vehicles,330.0,Other
South Korea,Historical,EV sales,Cars,PHEV,2016,Vehicles,330.0,Other
United States,Historical,EV sales,Buses,BEV,2016,Vehicles,330.0,Other
Ireland,Historical,EV sales,Cars,PHEV,2017,Vehicles,330.0,Other
Brazil,Historical,EV stock,Cars,BEV,2017,Vehicles,320.0,Other
Canada,Historical,EV stock,Cars,FCEV,2023,Vehicles,320.0,Other
Canada,Historical,EV stock,Cars,FCEV,2024,Vehicles,320.0,Other
China,Historical,EV sales,Trucks,PHEV,2023,Vehicles,320.0,Other
Colombia,Historical,EV sales,Cars,PHEV,2018,Vehicles,320.0,Other
Denmark,Historical,EV sales,Vans,PHEV,2021,Vehicles,320.0,Other
Denmark,Historical,EV sales,Trucks,BEV,2023,Vehicles,320.0,Other
Finland,Historical,EV sales,Buses,BEV,2024,Vehicles,320.0,Other
Greece,Historical,EV stock,2 and 3 wheelers,BEV,2019,Vehicles,320.0,Other
Japan,Historical,EV sales,Vans,BEV,2016,Vehicles,320.0,Other
Japan,Historical,EV sales,Vans,BEV,2017,Vehicles,320.0,Other
Japan,Historical,EV sales,Cars,FCEV,2023,Vehicles,320.0,Other
Norway,Historical,EV stock,2 and 3 wheelers,BEV,2015,Vehicles,320.0,Other
South Africa,Historical,EV sales,2 and 3 wheelers,BEV,2022,Vehicles,320.0,Other
Sweden,Historical,EV sales,Vans,BEV,2015,Vehicles,320.0,Other
Thailand,Historical,EV stock,Cars,PHEV,2015,Vehicles,320.0,Other
Thailand,Historical,EV stock,Cars,PHEV,2016,Vehicles,320.0,Other
Thailand,Historical,EV stock,Cars,PHEV,2017,Vehicles,320.0,Other
United Kingdom,Historical,EV stock,Trucks,BEV,2018,Vehicles,320.0,Other
United Kingdom,Historical,EV stock,Trucks,BEV,2020,Vehicles,320.0,Other
Costa Rica,Historical,EV sales,2 and 3 wheelers,BEV,2019,Vehicles,310.0,Other
Denmark,Historical,EV stock,Buses,BEV,2021,Vehicles,310.0,Other
Finland,Historical,EV stock,Vans,BEV,2019,Vehicles,310.0,Other
Germany,Historical,EV sales,Vans,PHEV,2021,Vehicles,310.0,Other
Germany,Historical,EV stock,Cars,FCEV,2017,Vehicles,310.0,Other
Norway,Historical,EV sales,Buses,BEV,2022,Vehicles,310.0,Other
Norway,Historical,EV stock,Vans,PHEV,2021,Vehicles,310.0,Other
Sweden,Historical,EV sales,Buses,BEV,2023,Vehicles,310.0,Other
United States,Historical,EV stock,Buses,BEV,2015,Vehicles,310.0,Other
Latvia,Historical,EV sales,Cars,BEV,2020,Vehicles,310.0,Other
Slovenia,Historical,EV sales,Cars,PHEV,2021,Vehicles,310.0,Other
Canada,Historical,EV stock,Cars,FCEV,2022,Vehicles,300.0,Other
Chile,Historical,EV sales,Cars,PHEV,2021,Vehicles,300.0,Other
Costa Rica,Historical,EV sales,2 and 3 wheelers,BEV,2018,Vehicles,300.0,Other
Denmark,Historical,EV sales,2 and 3 wheelers,BEV,2015,Vehicles,300.0,Other
France,Historical,EV stock,Buses,BEV,2017,Vehicles,300.0,Other
Iceland,Historical,EV sales,2 and 3 wheelers,BEV,2020,Vehicles,300.0,Other
Israel,Historical,EV stock,Vans,BEV,2023,Vehicles,300.0,Other
New Zealand,Historical,EV sales,Cars,BEV,2015,Vehicles,300.0,Other
South Korea,Historical,EV sales,Vans,BEV,2018,Vehicles,300.0,Other
Switzerland,Historical,EV sales,Vans,BEV,2018,Vehicles,300.0,Other
United Kingdom,Historical,EV sales,2 and 3 wheelers,BEV,2017,Vehicles,300.0,Other
United Kingdom,Historical,EV sales,Buses,BEV,2020,Vehicles,300.0,Other
United Kingdom,Historical,EV stock,Buses,BEV,2017,Vehicles,300.0,Other
Uzbekistan,Historical,EV sales,Buses,BEV,2023,Vehicles,300.0,Other
Czechia,Historical,EV sales,Cars,BEV,2015,Vehicles,300.0,Other
Ireland,Historical,EV sales,Cars,PHEV,2016,Vehicles,300.0,Other
Latvia,Historical,EV sales,Cars,PHEV,2022,Vehicles,300.0,Other
Brazil,Historical,EV sales,Cars,PHEV,2017,Vehicles,290.0,Other
Chile,Historical,EV stock,Cars,PHEV,2020,Vehicles,290.0,Other
Finland,Historical,EV stock,Vans,PHEV,2023,Vehicles,290.0,Other
France,Historical,EV stock,Vans,FCEV,2021,Vehicles,290.0,Other
France,Historical,EV stock,Vans,FCEV,2023,Vehicles,290.0,Other
Greece,Historical,EV sales,Cars,PHEV,2019,Vehicles,290.0,Other
Malaysia,Historical,EV sales,Cars,BEV,2021,Vehicles,290.0,Other
Mexico,Historical,EV sales,Cars,BEV,2019,Vehicles,290.0,Other
Netherlands,Historical,EV sales,Vans,BEV,2016,Vehicles,290.0,Other
Norway,Historical,EV stock,Cars,FCEV,2023,Vehicles,290.0,Other
Sweden,Historical,EV sales,Trucks,BEV,2023,Vehicles,290.0,Other
Sweden,Historical,EV stock,Trucks,BEV,2022,Vehicles,290.0,Other
United Kingdom,Historical,EV sales,2 and 3 wheelers,BEV,2015,Vehicles,290.0,Other
World,Historical,EV sales,Buses,PHEV,2017,Vehicles,290.0,_World
Slovakia,Historical,EV sales,Cars,BEV,2018,Vehicles,290.0,Other
Slovenia,Historical,EV sales,Cars,BEV,2017,Vehicles,290.0,Other
Belgium,Historical,EV stock,Buses,PHEV,2024,Vehicles,280.0,Other
Canada,Historical,EV stock,2 and 3 wheelers,BEV,2019,Vehicles,280.0,Other
Chile,Historical,EV stock,Cars,BEV,2018,Vehicles,280.0,Other
Finland,Historical,EV sales,Buses,BEV,2022,Vehicles,280.0,Other
France,Historical,EV sales,Buses,BEV,2019,Vehicles,280.0,Other
Germany,Historical,EV sales,Trucks,BEV,2018,Vehicles,280.0,Other
Germany,Historical,EV stock,Trucks,BEV,2018,Vehicles,280.0,Other
Greece,Historical,EV stock,Cars,BEV,2018,Vehicles,280.0,Other
Israel,Historical,EV sales,2 and 3 wheelers,BEV,2017,Vehicles,280.0,Other
Japan,Historical,EV sales,Vans,BEV,2018,Vehicles,280.0,Other
New Zealand,Historical,EV sales,2 and 3 wheelers,BEV,2019,Vehicles,280.0,Other
New Zealand,Historical,EV stock,2 and 3 wheelers,BEV,2017,Vehicles,280.0,Other
South Africa,Historical,EV sales,Cars,PHEV,2016,Vehicles,280.0,Other
South Korea,Historical,EV stock,Buses,FCEV,2022,Vehicles,280.0,Other
Turkey,Historical,EV stock,Cars,PHEV,2018,Vehicles,280.0,Other
World,Historical,EV stock,Vans,FCEV,2017,Vehicles,280.0,_World
World,Historical,EV sales,Vans,PHEV,2019,Vehicles,280.0,_World
Czechia,Historical,EV sales,Cars,PHEV,2018,Vehicles,280.0,Other
Canada,Historical,EV stock,Buses,BEV,2020,Vehicles,270.0,Other
Costa Rica,Historical,EV stock,2 and 3 wheelers,BEV,2017,Vehicles,270.0,Other
Denmark,Historical,EV sales,Vans,BEV,2019,Vehicles,270.0,Other
Finland,Historical,EV stock,Buses,BEV,2021,Vehicles,270.0,Other
France,Historical,EV stock,Vans,FCEV,2018,Vehicles,270.0,Other
France,Historical,EV stock,Vans,FCEV,2019,Vehicles,270.0,Other
France,Historical,EV stock,Vans,FCEV,2020,Vehicles,270.0,Other
France,Historical,EV stock,Vans,FCEV,2022,Vehicles,270.0,Other
Germany,Historical,EV sales,Cars,FCEV,2023,Vehicles,270.0,Other
India,Historical,EV sales,Cars,PHEV,2023,Vehicles,270.0,Other
Netherlands,Historical,EV stock,Trucks,BEV,2021,Vehicles,270.0,Other
Portugal,Historical,EV sales,Vans,BEV,2020,Vehicles,270.0,Other
South Africa,Historical,EV sales,Vans,BEV,2024,Vehicles,270.0,Other
South Africa,Historical,EV sales,Cars,PHEV,2023,Vehicles,270.0,Other
South Africa,Historical,EV stock,Trucks,BEV,2024,Vehicles,270.0,Other
Sweden,Historical,EV sales,Vans,PHEV,2024,Vehicles,270.0,Other
World,Historical,EV sales,Trucks,PHEV,2022,Vehicles,270.0,_World
Belgium,Historical,EV sales,Vans,BEV,2018,Vehicles,260.0,Other
China,Historical,EV sales,Trucks,PHEV,2022,Vehicles,260.0,Other
Costa Rica,Historical,EV stock,Cars,BEV,2018,Vehicles,260.0,Other
Denmark,Historical,EV sales,Vans,BEV,2015,Vehicles,260.0,Other
Denmark,Historical,EV stock,Vans,PHEV,2019,Vehicles,260.0,Other
Finland,Historical,EV stock,Vans,BEV,2018,Vehicles,260.0,Other
Finland,Historical,EV stock,Vans,PHEV,2022,Vehicles,260.0,Other
Malaysia,Historical,EV sales,2 and 3 wheelers,BEV,2017,Vehicles,260.0,Other
Netherlands,Historical,EV sales,Vans,BEV,2015,Vehicles,260.0,Other
New Zealand,Historical,EV stock,Buses,BEV,2022,Vehicles,260.0,Other
Norway,Historical,EV stock,Cars,FCEV,2022,Vehicles,260.0,Other
Portugal,Historical,EV sales,Vans,BEV,2018,Vehicles,260.0,Other
South Africa,Historical,EV stock,Cars,BEV,2016,Vehicles,260.0,Other
South Africa,Historical,EV sales,Trucks,BEV,2024,Vehicles,260.0,Other
United Kingdom,Historical,EV stock,Buses,BEV,2016,Vehicles,260.0,Other
United Kingdom,Historical,EV stock,Cars,FCEV,2023,Vehicles,260.0,Other
United Kingdom,Historical,EV stock,Cars,FCEV,2024,Vehicles,260.0,Other
Belgium,Historical,EV sales,Buses,BEV,2023,Vehicles,250.0,Other
Brazil,Historical,EV stock,Cars,BEV,2016,Vehicles,250.0,Other
Canada,Historical,EV sales,Buses,BEV,2021,Vehicles,250.0,Other
Canada,Historical,EV stock,Cars,FCEV,2021,Vehicles,250.0,Other
Colombia,Historical,EV sales,Cars,BEV,2018,Vehicles,250.0,Other
France,Historical,EV stock,Buses,BEV,2016,Vehicles,250.0,Other
France,Historical,EV sales,Vans,FCEV,2024,Vehicles,250.0,Other
Israel,Historical,EV sales,2 and 3 wheelers,BEV,2019,Vehicles,250.0,Other
Mexico,Historical,EV sales,Cars,BEV,2016,Vehicles,250.0,Other
Netherlands,Historical,EV stock,Buses,BEV,2017,Vehicles,250.0,Other
Portugal,Historical,EV stock,Buses,BEV,2022,Vehicles,250.0,Other
South Africa,Historical,EV stock,Vans,BEV,2020,Vehicles,250.0,Other
South Korea,Historical,EV sales,Cars,PHEV,2015,Vehicles,250.0,Other
South Korea,Historical,EV stock,Cars,PHEV,2015,Vehicles,250.0,Other
Spain,Historical,EV sales,Buses,BEV,2022,Vehicles,250.0,Other
Sweden,Historical,EV sales,Buses,BEV,2024,Vehicles,250.0,Other
Switzerland,Historical,EV stock,Cars,FCEV,2024,Vehicles,250.0,Other
World,Historical,EV stock,Vans,FCEV,2016,Vehicles,250.0,_World
Belgium,Historical,EV sales,2 and 3 wheelers,BEV,2015,Vehicles,240.0,Other
Belgium,Historical,EV stock,Vans,PHEV,2022,Vehicles,240.0,Other
China,Historical,EV sales,Buses,PHEV,2017,Vehicles,240.0,Other
China,Historical,EV sales,Cars,FCEV,2022,Vehicles,240.0,Other
China,Historical,EV stock,Cars,FCEV,2022,Vehicles,240.0,Other
Colombia,Historical,EV sales,2 and 3 wheelers,BEV,2015,Vehicles,240.0,Other
Colombia,Historical,EV stock,2 and 3 wheelers,BEV,2015,Vehicles,240.0,Other
Colombia,Historical,EV stock,Cars,BEV,2017,Vehicles,240.0,Other
Finland,Historical,EV sales,Cars,BEV,2015,Vehicles,240.0,Other
France,Historical,EV sales,Vans,PHEV,2024,Vehicles,240.0,Other
Mexico,Historical,EV stock,Cars,BEV,2015,Vehicles,240.0,Other
New Zealand,Historical,EV stock,2 and 3 wheelers,BEV,2016,Vehicles,240.0,Other
Poland,Historical,EV sales,2 and 3 wheelers,BEV,2016,Vehicles,240.0,Other
Portugal,Historical,EV sales,2 and 3 wheelers,BEV,2021,Vehicles,240.0,Other
Spain,Historical,EV stock,Buses,BEV,2019,Vehicles,240.0,Other
Spain,Historical,EV stock,Buses,BEV,2020,Vehicles,240.0,Other
Switzerland,Historical,EV stock,Cars,FCEV,2023,Vehicles,240.0,Other
Turkey,Historical,EV sales,Vans,BEV,2023,Vehicles,240.0,Other
Turkey,Historical,EV stock,Vans,BEV,2023,Vehicles,240.0,Other
Turkey,Historical,EV stock,Cars,PHEV,2017,Vehicles,240.0,Other
United Kingdom,Historical,EV stock,Buses,FCEV,2024,Vehicles,240.0,Other
United Kingdom,Historical,EV stock,Cars,FCEV,2021,Vehicles,240.0,Other
Estonia,Historical,EV sales,Cars,PHEV,2021,Vehicles,240.0,Other
Brazil,Historical,EV sales,Cars,PHEV,2018,Vehicles,230.0,Other
China,Historical,EV stock,Vans,PHEV,2021,Vehicles,230.0,Other
Costa Rica,Historical,EV sales,Cars,BEV,2018,Vehicles,230.0,Other
Denmark,Historical,EV stock,Vans,PHEV,2018,Vehicles,230.0,Other
Denmark,Historical,EV stock,Cars,FCEV,2021,Vehicles,230.0,Other
Denmark,Historical,EV stock,Cars,FCEV,2022,Vehicles,230.0,Other
Denmark,Historical,EV stock,Cars,FCEV,2023,Vehicles,230.0,Other
Denmark,Historical,EV stock,Cars,FCEV,2024,Vehicles,230.0,Other
Germany,Historical,EV sales,Vans,PHEV,2024,Vehicles,230.0,Other
Mexico,Historical,EV sales,Cars,BEV,2017,Vehicles,230.0,Other
New Zealand,Historical,EV stock,2 and 3 wheelers,BEV,2015,Vehicles,230.0,Other
Norway,Historical,EV sales,Buses,BEV,2020,Vehicles,230.0,Other
Norway,Historical,EV stock,Cars,FCEV,2021,Vehicles,230.0,Other
Norway,Historical,EV stock,Cars,FCEV,2024,Vehicles,230.0,Other
Poland,Historical,EV stock,Buses,BEV,2019,Vehicles,230.0,Other
Portugal,Historical,EV sales,Vans,BEV,2019,Vehicles,230.0,Other
Switzerland,Historical,EV stock,Buses,BEV,2022,Vehicles,230.0,Other
Turkey,Historical,EV sales,Cars,BEV,2019,Vehicles,230.0,Other
United Kingdom,Historical,EV stock,Cars,FCEV,2020,Vehicles,230.0,Other
Cyprus,Historical,EV sales,Cars,PHEV,2022,Vehicles,230.0,Other
Belgium,Historical,EV sales,2 and 3 wheelers,BEV,2016,Vehicles,220.0,Other
Belgium,Historical,EV sales,Buses,BEV,2021,Vehicles,220.0,Other
Belgium,Historical,EV stock,Buses,PHEV,2021,Vehicles,220.0,Other
Chile,Historical,EV sales,Cars,BEV,2019,Vehicles,220.0,Other
Costa Rica,Historical,EV stock,Cars,PHEV,2020,Vehicles,220.0,Other
Denmark,Historical,EV sales,Buses,BEV,2021,Vehicles,220.0,Other
Denmark,Historical,EV sales,Vans,BEV,2018,Vehicles,220.0,Other
Finland,Historical,EV stock,2 and 3 wheelers,BEV,2015,Vehicles,220.0,Other
Finland,Historical,EV sales,Cars,BEV,2016,Vehicles,220.0,Other
France,Historical,EV sales,Vans,PHEV,2023,Vehicles,220.0,Other
Greece,Historical,EV stock,Cars,PHEV,2017,Vehicles,220.0,Other
Netherlands,Historical,EV stock,Trucks,BEV,2019,Vehicles,220.0,Other
Norway,Historical,EV sales,Vans,PHEV,2022,Vehicles,220.0,Other
Norway,Historical,EV stock,Trucks,BEV,2022,Vehicles,220.0,Other
Poland,Historical,EV sales,Buses,BEV,2021,Vehicles,220.0,Other
Poland,Historical,EV sales,Vans,BEV,2020,Vehicles,220.0,Other
Poland,Historical,EV stock,Cars,FCEV,2024,Vehicles,220.0,Other
South Africa,Historical,EV stock,Vans,BEV,2016,Vehicles,220.0,Other
South Africa,Historical,EV stock,Vans,BEV,2019,Vehicles,220.0,Other
South Africa,Historical,EV sales,Cars,BEV,2021,Vehicles,220.0,Other
South Korea,Historical,EV stock,Buses,BEV,2019,Vehicles,220.0,Other
Switzerland,Historical,EV sales,Vans,BEV,2017,Vehicles,220.0,Other
United States,Historical,EV stock,Buses,FCEV,2022,Vehicles,220.0,Other
United Kingdom,Historical,EV stock,Buses,PHEV,2018,Vehicles,220.0,Other
United Kingdom,Historical,EV stock,Buses,PHEV,2019,Vehicles,220.0,Other
United Kingdom,Historical,EV stock,Buses,PHEV,2020,Vehicles,220.0,Other
United Kingdom,Historical,EV stock,Buses,PHEV,2021,Vehicles,220.0,Other
United Kingdom,Historical,EV stock,Buses,PHEV,2022,Vehicles,220.0,Other
United Kingdom,Historical,EV stock,Buses,PHEV,2023,Vehicles,220.0,Other
United Kingdom,Historical,EV stock,Buses,PHEV,2024,Vehicles,220.0,Other
United Kingdom,Historical,EV stock,Vans,PHEV,2017,Vehicles,220.0,Other
Canada,Historical,EV sales,Buses,BEV,2024,Vehicles,210.0,Other
Chile,Historical,EV stock,Cars,PHEV,2019,Vehicles,210.0,Other
Finland,Historical,EV stock,Vans,BEV,2017,Vehicles,210.0,Other
France,Historical,EV sales,Cars,FCEV,2020,Vehicles,210.0,Other
Greece,Historical,EV sales,Cars,PHEV,2018,Vehicles,210.0,Other
India,Historical,EV sales,Buses,BEV,2018,Vehicles,210.0,Other
Netherlands,Historical,EV stock,Cars,FCEV,2019,Vehicles,210.0,Other
Netherlands,Historical,EV stock,Trucks,BEV,2020,Vehicles,210.0,Other
Norway,Historical,EV sales,2 and 3 wheelers,BEV,2017,Vehicles,210.0,Other
Poland,Historical,EV stock,Cars,FCEV,2023,Vehicles,210.0,Other
Portugal,Historical,EV stock,2 and 3 wheelers,BEV,2020,Vehicles,210.0,Other
Spain,Historical,EV stock,Vans,PHEV,2023,Vehicles,210.0,Other
Spain,Historical,EV sales,Trucks,BEV,2022,Vehicles,210.0,Other
Sweden,Historical,EV sales,Buses,BEV,2022,Vehicles,210.0,Other
Switzerland,Historical,EV stock,Cars,FCEV,2022,Vehicles,210.0,Other
Turkey,Historical,EV stock,Cars,PHEV,2016,Vehicles,210.0,Other
United States,Historical,EV stock,Vans,FCEV,2024,Vehicles,210.0,Other
United Kingdom,Historical,EV sales,Vans,PHEV,2019,Vehicles,210.0,Other
Slovakia,Historical,EV sales,Cars,BEV,2017,Vehicles,210.0,Other
Belgium,Historical,EV stock,Buses,PHEV,2020,Vehicles,200.0,Other
Belgium,Historical,EV sales,Vans,PHEV,2024,Vehicles,200.0,Other
Canada,Historical,EV stock,2 and 3 wheelers,BEV,2018,Vehicles,200.0,Other
Costa Rica,Historical,EV stock,Cars,PHEV,2019,Vehicles,200.0,Other
Denmark,Historical,EV sales,Buses,BEV,2023,Vehicles,200.0,Other
Denmark,Historical,EV stock,Vans,PHEV,2017,Vehicles,200.0,Other
Germany,Historical,EV sales,Cars,FCEV,2019,Vehicles,200.0,Other
Greece,Historical,EV stock,2 and 3 wheelers,BEV,2018,Vehicles,200.0,Other
Israel,Historical,EV stock,Cars,PHEV,2016,Vehicles,200.0,Other
Mexico,Historical,EV sales,Cars,BEV,2018,Vehicles,200.0,Other
New Zealand,Historical,EV sales,Cars,PHEV,2015,Vehicles,200.0,Other
Norway,Historical,EV stock,Buses,BEV,2019,Vehicles,200.0,Other
Norway,Historical,EV stock,Cars,FCEV,2020,Vehicles,200.0,Other
Poland,Historical,EV sales,Buses,BEV,2020,Vehicles,200.0,Other
Portugal,Historical,EV sales,Vans,BEV,2017,Vehicles,200.0,Other
Russia,Historical,EV stock,Cars,BEV,2015,Vehicles,200.0,Other
Spain,Historical,EV sales,Vans,PHEV,2024,Vehicles,200.0,Other
Spain,Historical,EV stock,Vans,PHEV,2022,Vehicles,200.0,Other
Spain,Historical,EV stock,Trucks,BEV,2022,Vehicles,200.0,Other
Sweden,Historical,EV stock,2 and 3 wheelers,BEV,2017,Vehicles,200.0,Other
Sweden,Historical,EV sales,Vans,BEV,2017,Vehicles,200.0,Other
United Kingdom,Historical,EV stock,Buses,BEV,2015,Vehicles,200.0,Other
Uzbekistan,Historical,EV sales,Buses,BEV,2024,Vehicles,200.0,Other
Czechia,Historical,EV sales,Cars,BEV,2016,Vehicles,200.0,Other
Slovakia,Historical,EV sales,Cars,PHEV,2019,Vehicles,200.0,Other
Belgium,Historical,EV sales,Buses,BEV,2024,Vehicles,190.0,Other
Belgium,Historical,EV stock,Buses,PHEV,2023,Vehicles,190.0,Other
Belgium,Historical,EV stock,Vans,PHEV,2023,Vehicles,190.0,Other
Canada,Historical,EV sales,Buses,BEV,2022,Vehicles,190.0,Other
Costa Rica,Historical,EV sales,2 and 3 wheelers,BEV,2022,Vehicles,190.0,Other
Finland,Historical,EV sales,2 and 3 wheelers,BEV,2016,Vehicles,190.0,Other
Finland,Historical,EV sales,Buses,BEV,2021,Vehicles,190.0,Other
France,Historical,EV stock,Buses,BEV,2015,Vehicles,190.0,Other
France,Historical,EV sales,Cars,FCEV,2022,Vehicles,190.0,Other
Germany,Historical,EV sales,Buses,BEV,2019,Vehicles,190.0,Other
Germany,Historical,EV stock,Vans,PHEV,2020,Vehicles,190.0,Other
Greece,Historical,EV sales,Cars,BEV,2019,Vehicles,190.0,Other
Greece,Historical,EV stock,Cars,BEV,2017,Vehicles,190.0,Other
Malaysia,Historical,EV sales,2 and 3 wheelers,BEV,2016,Vehicles,190.0,Other
Poland,Historical,EV sales,Buses,BEV,2024,Vehicles,190.0,Other
Portugal,Historical,EV stock,2 and 3 wheelers,BEV,2019,Vehicles,190.0,Other
Sweden,Historical,EV stock,Buses,BEV,2019,Vehicles,190.0,Other
Switzerland,Historical,EV stock,Vans,PHEV,2022,Vehicles,190.0,Other
Switzerland,Historical,EV stock,Vans,PHEV,2023,Vehicles,190.0,Other
Thailand,Historical,EV stock,Cars,BEV,2018,Vehicles,190.0,Other
Turkey,Historical,EV sales,Cars,BEV,2018,Vehicles,190.0,Other
United Kingdom,Historical,EV stock,Cars,FCEV,2022,Vehicles,190.0,Other
World,Historical,EV stock,Buses,FCEV,2015,Vehicles,190.0,_World
World,Historical,EV sales,Vans,PHEV,2018,Vehicles,190.0,_World
Bulgaria,Historical,EV sales,Cars,BEV,2018,Vehicles,190.0,Other
Croatia,Historical,EV sales,Cars,BEV,2019,Vehicles,190.0,Other
Romania,Historical,EV sales,Cars,BEV,2017,Vehicles,190.0,Other
Slovenia,Historical,EV sales,Cars,BEV,2019,Vehicles,190.0,Other
Slovenia,Historical,EV sales,Cars,PHEV,2018,Vehicles,190.0,Other
Belgium,Historical,EV stock,Buses,PHEV,2022,Vehicles,180.0,Other
Brazil,Historical,EV sales,Cars,BEV,2018,Vehicles,180.0,Other
Canada,Historical,EV sales,2 and 3 wheelers,BEV,2021,Vehicles,180.0,Other
Canada,Historical,EV sales,2 and 3 wheelers,BEV,2022,Vehicles,180.0,Other
Costa Rica,Historical,EV sales,2 and 3 wheelers,BEV,2017,Vehicles,180.0,Other
Denmark,Historical,EV sales,2 and 3 wheelers,BEV,2016,Vehicles,180.0,Other
Denmark,Historical,EV stock,Vans,PHEV,2016,Vehicles,180.0,Other
Finland,Historical,EV stock,Vans,PHEV,2021,Vehicles,180.0,Other
France,Historical,EV sales,Buses,BEV,2020,Vehicles,180.0,Other
France,Historical,EV stock,Vans,FCEV,2017,Vehicles,180.0,Other
Germany,Historical,EV sales,Vans,PHEV,2020,Vehicles,180.0,Other
India,Historical,EV sales,Vans,BEV,2016,Vehicles,180.0,Other
India,Historical,EV stock,Vans,BEV,2016,Vehicles,180.0,Other
Israel,Historical,EV sales,Vans,BEV,2024,Vehicles,180.0,Other
Italy,Historical,EV sales,Buses,BEV,2021,Vehicles,180.0,Other
Mexico,Historical,EV sales,2 and 3 wheelers,BEV,2017,Vehicles,180.0,Other
Netherlands,Historical,EV sales,Buses,BEV,2023,Vehicles,180.0,Other
New Zealand,Historical,EV sales,Vans,BEV,2024,Vehicles,180.0,Other
Norway,Historical,EV sales,2 and 3 wheelers,BEV,2018,Vehicles,180.0,Other
Norway,Historical,EV stock,Cars,FCEV,2019,Vehicles,180.0,Other
Sweden,Historical,EV sales,Buses,BEV,2021,Vehicles,180.0,Other
Switzerland,Historical,EV stock,Vans,PHEV,2021,Vehicles,180.0,Other
Switzerland,Historical,EV sales,Trucks,BEV,2022,Vehicles,180.0,Other
United States,Historical,EV sales,Buses,FCEV,2024,Vehicles,180.0,Other
United Kingdom,Historical,EV stock,Vans,PHEV,2016,Vehicles,180.0,Other
World,Historical,EV sales,Buses,PHEV,2024,Vehicles,180.0,_World
Bulgaria,Historical,EV sales,Cars,BEV,2019,Vehicles,180.0,Other
Brazil,Historical,EV stock,Vans,BEV,2021,Vehicles,170.0,Other
Canada,Historical,EV sales,2 and 3 wheelers,BEV,2024,Vehicles,170.0,Other
Chile,Historical,EV stock,Cars,BEV,2017,Vehicles,170.0,Other
Costa Rica,Historical,EV stock,Cars,PHEV,2018,Vehicles,170.0,Other
Finland,Historical,EV sales,Vans,BEV,2020,Vehicles,170.0,Other
Finland,Historical,EV stock,Trucks,BEV,2024,Vehicles,170.0,Other
Germany,Historical,EV sales,Buses,FCEV,2024,Vehicles,170.0,Other
Greece,Historical,EV stock,2 and 3 wheelers,BEV,2017,Vehicles,170.0,Other
Iceland,Historical,EV sales,Cars,PHEV,2015,Vehicles,170.0,Other
Italy,Historical,EV sales,Vans,PHEV,2024,Vehicles,170.0,Other
Netherlands,Historical,EV stock,Buses,BEV,2016,Vehicles,170.0,Other
New Zealand,Historical,EV sales,Buses,BEV,2024,Vehicles,170.0,Other
New Zealand,Historical,EV stock,Buses,BEV,2021,Vehicles,170.0,Other
Poland,Historical,EV sales,2 and 3 wheelers,BEV,2015,Vehicles,170.0,Other
Poland,Historical,EV sales,Buses,BEV,2022,Vehicles,170.0,Other
South Africa,Historical,EV stock,Vans,BEV,2017,Vehicles,170.0,Other
Switzerland,Historical,EV sales,Vans,PHEV,2021,Vehicles,170.0,Other
Thailand,Historical,EV sales,2 and 3 wheelers,BEV,2018,Vehicles,170.0,Other
United Kingdom,Historical,EV stock,Buses,FCEV,2023,Vehicles,170.0,Other
United Kingdom,Historical,EV stock,Cars,FCEV,2019,Vehicles,170.0,Other
Vietnam,Historical,EV stock,Cars,PHEV,2024,Vehicles,170.0,Other
World,Historical,EV sales,Vans,PHEV,2016,Vehicles,170.0,_World
Hungary,Historical,EV sales,Cars,BEV,2016,Vehicles,170.0,Other
Hungary,Historical,EV sales,Cars,PHEV,2016,Vehicles,170.0,Other
Slovenia,Historical,EV sales,Cars,PHEV,2017,Vehicles,170.0,Other
Belgium,Historical,EV stock,Buses,PHEV,2019,Vehicles,160.0,Other
Chile,Historical,EV sales,Cars,BEV,2020,Vehicles,160.0,Other
China,Historical,EV sales,Vans,PHEV,2021,Vehicles,160.0,Other
Costa Rica,Historical,EV sales,2 and 3 wheelers,BEV,2023,Vehicles,160.0,Other
Denmark,Historical,EV sales,Vans,PHEV,2020,Vehicles,160.0,Other
Germany,Historical,EV stock,Buses,BEV,2018,Vehicles,160.0,Other
Germany,Historical,EV stock,Buses,FCEV,2023,Vehicles,160.0,Other
Greece,Historical,EV sales,2 and 3 wheelers,BEV,2020,Vehicles,160.0,Other
Indonesia,Historical,EV sales,Cars,PHEV,2023,Vehicles,160.0,Other
Malaysia,Historical,EV sales,Vans,BEV,2024,Vehicles,160.0,Other
Malaysia,Historical,EV stock,Vans,BEV,2024,Vehicles,160.0,Other
Netherlands,Historical,EV stock,Vans,PHEV,2023,Vehicles,160.0,Other
Netherlands,Historical,EV sales,Cars,FCEV,2019,Vehicles,160.0,Other
Norway,Historical,EV sales,Buses,BEV,2019,Vehicles,160.0,Other
Poland,Historical,EV stock,Buses,BEV,2018,Vehicles,160.0,Other
South Africa,Historical,EV sales,Vans,BEV,2019,Vehicles,160.0,Other
South Africa,Historical,EV sales,Cars,BEV,2019,Vehicles,160.0,Other
South Africa,Historical,EV stock,Cars,BEV,2015,Vehicles,160.0,Other
Sweden,Historical,EV sales,Buses,BEV,2020,Vehicles,160.0,Other
Sweden,Historical,EV stock,Vans,PHEV,2021,Vehicles,160.0,Other
Sweden,Historical,EV sales,Trucks,BEV,2022,Vehicles,160.0,Other
Switzerland,Historical,EV sales,Buses,BEV,2024,Vehicles,160.0,Other
Switzerland,Historical,EV sales,Vans,BEV,2015,Vehicles,160.0,Other
Switzerland,Historical,EV sales,Vans,PHEV,2024,Vehicles,160.0,Other
United States,Historical,EV stock,Cars,FCEV,2015,Vehicles,160.0,Other
World,Historical,EV stock,Vans,FCEV,2015,Vehicles,160.0,_World
Lithuania,Historical,EV sales,Cars,BEV,2019,Vehicles,160.0,Other
Slovakia,Historical,EV sales,Cars,BEV,2019,Vehicles,160.0,Other
Belgium,Historical,EV stock,Buses,BEV,2022,Vehicles,150.0,Other
Brazil,Historical,EV sales,Vans,BEV,2021,Vehicles,150.0,Other
Canada,Historical,EV stock,2 and 3 wheelers,BEV,2017,Vehicles,150.0,Other
Denmark,Historical,EV stock,Cars,FCEV,2020,Vehicles,150.0,Other
France,Historical,EV stock,Vans,FCEV,2016,Vehicles,150.0,Other
Indonesia,Historical,EV sales,Cars,PHEV,2024,Vehicles,150.0,Other
Israel,Historical,EV stock,Buses,BEV,2021,Vehicles,150.0,Other
Japan,Historical,EV stock,Trucks,BEV,2023,Vehicles,150.0,Other
Netherlands,Historical,EV sales,Buses,BEV,2017,Vehicles,150.0,Other
Netherlands,Historical,EV sales,Buses,BEV,2021,Vehicles,150.0,Other
Netherlands,Historical,EV sales,Cars,FCEV,2020,Vehicles,150.0,Other
New Zealand,Historical,EV stock,Vans,PHEV,2024,Vehicles,150.0,Other
Poland,Historical,EV sales,Cars,PHEV,2015,Vehicles,150.0,Other
South Africa,Historical,EV sales,Cars,PHEV,2020,Vehicles,150.0,Other
South Korea,Historical,EV sales,Buses,FCEV,2022,Vehicles,150.0,Other
Spain,Historical,EV sales,Buses,BEV,2021,Vehicles,150.0,Other
United States,Historical,EV sales,Buses,BEV,2017,Vehicles,150.0,Other
United Kingdom,Historical,EV stock,Buses,PHEV,2017,Vehicles,150.0,Other
United Kingdom,Historical,EV sales,Vans,PHEV,2018,Vehicles,150.0,Other
Belgium,Historical,EV stock,Buses,PHEV,2018,Vehicles,140.0,Other
Belgium,Historical,EV sales,Vans,BEV,2016,Vehicles,140.0,Other
Brazil,Historical,EV sales,Cars,BEV,2017,Vehicles,140.0,Other
Colombia,Historical,EV stock,Cars,BEV,2016,Vehicles,140.0,Other
Finland,Historical,EV stock,Vans,PHEV,2024,Vehicles,140.0,Other
Germany,Historical,EV stock,Buses,BEV,2017,Vehicles,140.0,Other
Germany,Historical,EV stock,Buses,PHEV,2023,Vehicles,140.0,Other
Germany,Historical,EV stock,Buses,PHEV,2024,Vehicles,140.0,Other
Germany,Historical,EV stock,Trucks,FCEV,2024,Vehicles,140.0,Other
Greece,Historical,EV stock,2 and 3 wheelers,BEV,2016,Vehicles,140.0,Other
Greece,Historical,EV stock,Cars,BEV,2016,Vehicles,140.0,Other
Greece,Historical,EV sales,Cars,PHEV,2017,Vehicles,140.0,Other
Iceland,Historical,EV stock,Cars,PHEV,2015,Vehicles,140.0,Other
Indonesia,Historical,EV stock,Cars,PHEV,2022,Vehicles,140.0,Other
Israel,Historical,EV sales,2 and 3 wheelers,BEV,2015,Vehicles,140.0,Other
Israel,Historical,EV sales,2 and 3 wheelers,BEV,2016,Vehicles,140.0,Other
Israel,Historical,EV stock,Cars,PHEV,2015,Vehicles,140.0,Other
Malaysia,Historical,EV sales,2 and 3 wheelers,BEV,2015,Vehicles,140.0,Other
Malaysia,Historical,EV sales,Cars,BEV,2017,Vehicles,140.0,Other
Malaysia,Historical,EV stock,Cars,BEV,2020,Vehicles,140.0,Other
New Zealand,Historical,EV sales,Vans,BEV,2021,Vehicles,140.0,Other
Norway,Historical,EV sales,2 and 3 wheelers,BEV,2016,Vehicles,140.0,Other
Russia,Historical,EV sales,Buses,BEV,2022,Vehicles,140.0,Other
Russia,Historical,EV sales,Cars,BEV,2018,Vehicles,140.0,Other
Sweden,Historical,EV stock,Trucks,BEV,2021,Vehicles,140.0,Other
Switzerland,Historical,EV stock,Cars,FCEV,2021,Vehicles,140.0,Other
Thailand,Historical,EV sales,Cars,PHEV,2017,Vehicles,140.0,Other
United States,Historical,EV sales,Buses,FCEV,2022,Vehicles,140.0,Other
United Kingdom,Historical,EV sales,Buses,PHEV,2016,Vehicles,140.0,Other
United Kingdom,Historical,EV stock,Buses,PHEV,2016,Vehicles,140.0,Other
United Kingdom,Historical,EV sales,Trucks,BEV,2021,Vehicles,140.0,Other
World,Historical,EV sales,Vans,FCEV,2015,Vehicles,140.0,_World
World,Historical,EV sales,Vans,PHEV,2017,Vehicles,140.0,_World
Bulgaria,Historical,EV sales,Cars,BEV,2020,Vehicles,140.0,Other
Lithuania,Historical,EV sales,Cars,BEV,2018,Vehicles,140.0,Other
Slovenia,Historical,EV sales,Cars,BEV,2016,Vehicles,140.0,Other
Bulgaria,Historical,EV sales,Cars,PHEV,2022,Vehicles,140.0,Other
Croatia,Historical,EV sales,Cars,PHEV,2020,Vehicles,140.0,Other
Latvia,Historical,EV sales,Cars,PHEV,2021,Vehicles,140.0,Other
Belgium,Historical,EV stock,Buses,PHEV,2017,Vehicles,130.0,Other
Belgium,Historical,EV sales,Vans,BEV,2017,Vehicles,130.0,Other
Brazil,Historical,EV sales,Cars,BEV,2016,Vehicles,130.0,Other
Canada,Historical,EV sales,2 and 3 wheelers,BEV,2023,Vehicles,130.0,Other
Canada,Historical,EV sales,Cars,FCEV,2021,Vehicles,130.0,Other
Canada,Historical,EV stock,Cars,FCEV,2020,Vehicles,130.0,Other
Chile,Historical,EV sales,Cars,BEV,2018,Vehicles,130.0,Other
Chile,Historical,EV stock,Cars,PHEV,2018,Vehicles,130.0,Other
Costa Rica,Historical,EV sales,Cars,PHEV,2021,Vehicles,130.0,Other
Germany,Historical,EV stock,Buses,PHEV,2020,Vehicles,130.0,Other
Germany,Historical,EV stock,Buses,PHEV,2021,Vehicles,130.0,Other
Germany,Historical,EV stock,Buses,PHEV,2022,Vehicles,130.0,Other
Israel,Historical,EV sales,Cars,BEV,2017,Vehicles,130.0,Other
Israel,Historical,EV sales,Cars,BEV,2018,Vehicles,130.0,Other
Netherlands,Historical,EV stock,Vans,PHEV,2022,Vehicles,130.0,Other
Netherlands,Historical,EV sales,Trucks,BEV,2019,Vehicles,130.0,Other
Norway,Historical,EV sales,Vans,PHEV,2023,Vehicles,130.0,Other
Poland,Historical,EV sales,Vans,BEV,2019,Vehicles,130.0,Other
Poland,Historical,EV stock,Cars,FCEV,2022,Vehicles,130.0,Other
South Africa,Historical,EV stock,Vans,BEV,2015,Vehicles,130.0,Other
South Africa,Historical,EV stock,Vans,BEV,2018,Vehicles,130.0,Other
South Africa,Historical,EV sales,Cars,PHEV,2017,Vehicles,130.0,Other
South Korea,Historical,EV stock,Buses,FCEV,2021,Vehicles,130.0,Other
South Korea,Historical,EV stock,Vans,FCEV,2024,Vehicles,130.0,Other
Spain,Historical,EV stock,Buses,BEV,2018,Vehicles,130.0,Other
Sweden,Historical,EV stock,2 and 3 wheelers,BEV,2016,Vehicles,130.0,Other
Brazil,Historical,EV stock,Cars,BEV,2015,Vehicles,120.0,Other
Chile,Historical,EV sales,Cars,BEV,2017,Vehicles,120.0,Other
Colombia,Historical,EV stock,Cars,BEV,2015,Vehicles,120.0,Other
Costa Rica,Historical,EV stock,Cars,PHEV,2017,Vehicles,120.0,Other
Germany,Historical,EV sales,Buses,PHEV,2016,Vehicles,120.0,Other
Germany,Historical,EV stock,Buses,PHEV,2016,Vehicles,120.0,Other
Germany,Historical,EV stock,Buses,PHEV,2017,Vehicles,120.0,Other
Germany,Historical,EV stock,Buses,PHEV,2018,Vehicles,120.0,Other
Germany,Historical,EV stock,Buses,PHEV,2019,Vehicles,120.0,Other
Greece,Historical,EV sales,2 and 3 wheelers,BEV,2019,Vehicles,120.0,Other
India,Historical,EV stock,Cars,PHEV,2022,Vehicles,120.0,Other
Israel,Historical,EV stock,Buses,BEV,2020,Vehicles,120.0,Other
Israel,Historical,EV stock,Vans,BEV,2022,Vehicles,120.0,Other
Italy,Historical,EV sales,Buses,BEV,2022,Vehicles,120.0,Other
Netherlands,Historical,EV sales,Cars,FCEV,2021,Vehicles,120.0,Other
Netherlands,Historical,EV sales,Trucks,BEV,2022,Vehicles,120.0,Other
Netherlands,Historical,EV stock,Trucks,BEV,2018,Vehicles,120.0,Other
Netherlands,Historical,EV stock,Trucks,PHEV,2024,Vehicles,120.0,Other
New Zealand,Historical,EV stock,Buses,BEV,2020,Vehicles,120.0,Other
Norway,Historical,EV sales,2 and 3 wheelers,BEV,2015,Vehicles,120.0,Other
Norway,Historical,EV stock,Cars,FCEV,2018,Vehicles,120.0,Other
Poland,Historical,EV stock,Vans,BEV,2018,Vehicles,120.0,Other
South Africa,Historical,EV sales,Vans,BEV,2015,Vehicles,120.0,Other
South Africa,Historical,EV sales,Cars,BEV,2015,Vehicles,120.0,Other
South Africa,Historical,EV sales,Cars,PHEV,2015,Vehicles,120.0,Other
South Africa,Historical,EV sales,Cars,PHEV,2022,Vehicles,120.0,Other
South Africa,Historical,EV stock,Cars,PHEV,2015,Vehicles,120.0,Other
Sweden,Historical,EV sales,2 and 3 wheelers,BEV,2016,Vehicles,120.0,Other
Turkey,Historical,EV sales,Cars,BEV,2015,Vehicles,120.0,Other
United States,Historical,EV sales,Buses,FCEV,2023,Vehicles,120.0,Other
United Kingdom,Historical,EV sales,Buses,BEV,2019,Vehicles,120.0,Other
Hungary,Historical,EV sales,Cars,BEV,2015,Vehicles,120.0,Other
Bulgaria,Historical,EV sales,Cars,PHEV,2021,Vehicles,120.0,Other
Ireland,Historical,EV sales,Cars,PHEV,2015,Vehicles,120.0,Other
Belgium,Historical,EV stock,Buses,PHEV,2016,Vehicles,110.0,Other
Belgium,Historical,EV stock,Vans,PHEV,2021,Vehicles,110.0,Other
Canada,Historical,EV sales,2 and 3 wheelers,BEV,2020,Vehicles,110.0,Other
Costa Rica,Historical,EV sales,2 and 3 wheelers,BEV,2024,Vehicles,110.0,Other
Finland,Historical,EV sales,Buses,BEV,2023,Vehicles,110.0,Other
Finland,Historical,EV stock,Vans,PHEV,2020,Vehicles,110.0,Other
Finland,Historical,EV stock,Trucks,BEV,2023,Vehicles,110.0,Other
Germany,Historical,EV sales,Buses,BEV,2016,Vehicles,110.0,Other
Germany,Historical,EV stock,Buses,BEV,2016,Vehicles,110.0,Other
Germany,Historical,EV sales,Cars,FCEV,2018,Vehicles,110.0,Other
Germany,Historical,EV sales,Trucks,FCEV,2024,Vehicles,110.0,Other
Greece,Historical,EV stock,2 and 3 wheelers,BEV,2015,Vehicles,110.0,Other
Italy,Historical,EV stock,Buses,BEV,2018,Vehicles,110.0,Other
Malaysia,Historical,EV sales,Cars,BEV,2016,Vehicles,110.0,Other
Netherlands,Historical,EV sales,Buses,BEV,2018,Vehicles,110.0,Other
Netherlands,Historical,EV stock,Buses,PHEV,2019,Vehicles,110.0,Other
Netherlands,Historical,EV stock,Buses,PHEV,2020,Vehicles,110.0,Other
New Zealand,Historical,EV sales,Buses,BEV,2022,Vehicles,110.0,Other
Norway,Historical,EV sales,Trucks,BEV,2021,Vehicles,110.0,Other
Poland,Historical,EV sales,Cars,BEV,2016,Vehicles,110.0,Other
Russia,Historical,EV sales,Cars,BEV,2015,Vehicles,110.0,Other
Russia,Historical,EV sales,Cars,BEV,2017,Vehicles,110.0,Other
Russia,Historical,EV stock,Cars,PHEV,2017,Vehicles,110.0,Other
South Africa,Historical,EV sales,2 and 3 wheelers,BEV,2021,Vehicles,110.0,Other
Switzerland,Historical,EV sales,Buses,BEV,2022,Vehicles,110.0,Other
Switzerland,Historical,EV stock,Buses,BEV,2021,Vehicles,110.0,Other
Switzerland,Historical,EV sales,Trucks,BEV,2021,Vehicles,110.0,Other
Thailand,Historical,EV sales,Cars,BEV,2018,Vehicles,110.0,Other
Turkey,Historical,EV sales,Cars,PHEV,2015,Vehicles,110.0,Other
United Kingdom,Historical,EV sales,Vans,PHEV,2023,Vehicles,110.0,Other
World,Historical,EV sales,Vans,FCEV,2021,Vehicles,110.0,_World
World,Historical,EV stock,Trucks,PHEV,2020,Vehicles,110.0,_World
Australia,Historical,EV stock,Cars,FCEV,2022,Vehicles,100.0,Other
Belgium,Historical,EV stock,Buses,BEV,2021,Vehicles,100.0,Other
Belgium,Historical,EV stock,Cars,FCEV,2024,Vehicles,100.0,Other
Denmark,Historical,EV stock,Vans,PHEV,2015,Vehicles,100.0,Other
Denmark,Historical,EV stock,Cars,FCEV,2019,Vehicles,100.0,Other
Denmark,Historical,EV sales,Trucks,BEV,2022,Vehicles,100.0,Other
India,Historical,EV sales,Buses,BEV,2015,Vehicles,100.0,Other
India,Historical,EV stock,Buses,BEV,2015,Vehicles,100.0,Other
India,Historical,EV stock,Buses,BEV,2016,Vehicles,100.0,Other
India,Historical,EV stock,Buses,BEV,2017,Vehicles,100.0,Other
India,Historical,EV stock,Buses,BEV,2018,Vehicles,100.0,Other
India,Historical,EV stock,Buses,FCEV,2023,Vehicles,100.0,Other
India,Historical,EV stock,Buses,FCEV,2024,Vehicles,100.0,Other
India,Historical,EV stock,Cars,PHEV,2021,Vehicles,100.0,Other
Japan,Historical,EV stock,Vans,FCEV,2024,Vehicles,100.0,Other
Netherlands,Historical,EV stock,Buses,PHEV,2021,Vehicles,100.0,Other
Netherlands,Historical,EV stock,Buses,PHEV,2022,Vehicles,100.0,Other
Netherlands,Historical,EV stock,Buses,PHEV,2023,Vehicles,100.0,Other
Netherlands,Historical,EV stock,Trucks,BEV,2017,Vehicles,100.0,Other
New Zealand,Historical,EV sales,Buses,BEV,2023,Vehicles,100.0,Other
New Zealand,Historical,EV stock,Buses,BEV,2019,Vehicles,100.0,Other
Poland,Historical,EV stock,2 and 3 wheelers,BEV,2016,Vehicles,100.0,Other
Portugal,Historical,EV stock,2 and 3 wheelers,BEV,2018,Vehicles,100.0,Other
Portugal,Historical,EV stock,Buses,BEV,2021,Vehicles,100.0,Other
Russia,Historical,EV sales,Buses,BEV,2019,Vehicles,100.0,Other
Russia,Historical,EV stock,Buses,BEV,2019,Vehicles,100.0,Other
South Africa,Historical,EV sales,Vans,BEV,2016,Vehicles,100.0,Other
South Africa,Historical,EV sales,Cars,BEV,2016,Vehicles,100.0,Other
South Korea,Historical,EV stock,Buses,BEV,2018,Vehicles,100.0,Other
South Korea,Historical,EV stock,Cars,FCEV,2017,Vehicles,100.0,Other
Spain,Historical,EV sales,Buses,BEV,2019,Vehicles,100.0,Other
Spain,Historical,EV stock,Buses,BEV,2017,Vehicles,100.0,Other
Spain,Historical,EV stock,Buses,PHEV,2021,Vehicles,100.0,Other
Spain,Historical,EV stock,Buses,PHEV,2022,Vehicles,100.0,Other
United States,Historical,EV sales,Cars,FCEV,2015,Vehicles,100.0,Other
United Kingdom,Historical,EV stock,Vans,PHEV,2015,Vehicles,100.0,Other
Seychelles,Historical,EV sales,Cars,BEV,2023,Vehicles,100.0,Other
Belgium,Historical,EV stock,Cars,FCEV,2023,Vehicles,99.0,Other
Denmark,Historical,EV stock,Trucks,BEV,2022,Vehicles,99.0,Other
France,Historical,EV sales,Vans,FCEV,2016,Vehicles,99.0,Other
Norway,Historical,EV sales,Buses,BEV,2021,Vehicles,99.0,Other
World,Historical,EV sales,Vans,FCEV,2016,Vehicles,99.0,_World
Belgium,Historical,EV sales,Vans,PHEV,2022,Vehicles,98.0,Other
Italy,Historical,EV stock,Vans,PHEV,2020,Vehicles,98.0,Other
Netherlands,Historical,EV stock,Buses,PHEV,2024,Vehicles,98.0,Other
Sweden,Historical,EV sales,Buses,BEV,2019,Vehicles,98.0,Other
United Kingdom,Historical,EV sales,Vans,PHEV,2015,Vehicles,98.0,Other
Cyprus,Historical,EV sales,Cars,PHEV,2021,Vehicles,98.0,Other
Costa Rica,Historical,EV stock,Cars,PHEV,2016,Vehicles,97.0,Other
Greece,Historical,EV stock,Cars,BEV,2015,Vehicles,97.0,Other
Italy,Historical,EV sales,Buses,BEV,2020,Vehicles,97.0,Other
Canada,Historical,EV stock,Cars,FCEV,2019,Vehicles,96.0,Other
Norway,Historical,EV stock,Trucks,BEV,2021,Vehicles,96.0,Other
World,Historical,EV sales,Vans,FCEV,2018,Vehicles,96.0,_World
France,Historical,EV sales,Buses,BEV,2018,Vehicles,95.0,Other
India,Historical,EV sales,Cars,PHEV,2024,Vehicles,95.0,Other
Netherlands,Historical,EV sales,Buses,BEV,2022,Vehicles,95.0,Other
Netherlands,Historical,EV sales,Cars,FCEV,2022,Vehicles,95.0,Other
Israel,Historical,EV stock,Buses,BEV,2019,Vehicles,94.0,Other
Netherlands,Historical,EV stock,Trucks,BEV,2016,Vehicles,94.0,Other
Spain,Historical,EV sales,Vans,PHEV,2022,Vehicles,94.0,Other
Turkey,Historical,EV sales,Cars,PHEV,2019,Vehicles,94.0,Other
United Kingdom,Historical,EV sales,Vans,PHEV,2017,Vehicles,94.0,Other
Canada,Historical,EV stock,2 and 3 wheelers,BEV,2016,Vehicles,93.0,Other
Sweden,Historical,EV stock,Buses,PHEV,2018,Vehicles,93.0,Other
Sweden,Historical,EV stock,Buses,PHEV,2019,Vehicles,93.0,Other
Sweden,Historical,EV stock,Buses,PHEV,2020,Vehicles,93.0,Other
Sweden,Historical,EV stock,Buses,PHEV,2021,Vehicles,93.0,Other
Sweden,Historical,EV stock,Buses,PHEV,2022,Vehicles,93.0,Other
Colombia,Historical,EV sales,Cars,BEV,2017,Vehicles,92.0,Other
France,Historical,EV sales,Vans,FCEV,2018,Vehicles,92.0,Other
Mexico,Historical,EV sales,Cars,BEV,2015,Vehicles,92.0,Other
Netherlands,Historical,EV stock,Buses,BEV,2015,Vehicles,92.0,Other
South Africa,Historical,EV sales,Vans,BEV,2020,Vehicles,92.0,Other
South Africa,Historical,EV stock,Vans,BEV,2021,Vehicles,92.0,Other
South Africa,Historical,EV sales,Cars,BEV,2020,Vehicles,92.0,Other
Poland,Historical,EV stock,Cars,FCEV,2021,Vehicles,91.0,Other
France,Historical,EV stock,Cars,FCEV,2018,Vehicles,90.0,Other
Israel,Historical,EV sales,Vans,BEV,2023,Vehicles,90.0,Other
Sweden,Historical,EV stock,Buses,BEV,2018,Vehicles,90.0,Other
Australia,Historical,EV stock,Cars,FCEV,2024,Vehicles,89.0,Other
Belgium,Historical,EV sales,Buses,PHEV,2024,Vehicles,89.0,Other
Poland,Historical,EV sales,Buses,BEV,2017,Vehicles,89.0,Other
Portugal,Historical,EV sales,2 and 3 wheelers,BEV,2019,Vehicles,89.0,Other
United Kingdom,Historical,EV sales,Buses,BEV,2018,Vehicles,89.0,Other
Denmark,Historical,EV stock,Buses,BEV,2020,Vehicles,88.0,Other
Denmark,Historical,EV stock,Cars,FCEV,2018,Vehicles,88.0,Other
Greece,Historical,EV sales,Cars,BEV,2018,Vehicles,88.0,Other
New Zealand,Historical,EV stock,Vans,PHEV,2023,Vehicles,88.0,Other
Vietnam,Historical,EV stock,Cars,BEV,2021,Vehicles,88.0,Other
World,Historical,EV stock,Trucks,PHEV,2019,Vehicles,88.0,_World
Finland,Historical,EV stock,Buses,BEV,2020,Vehicles,87.0,Other
Germany,Historical,EV stock,Buses,FCEV,2021,Vehicles,87.0,Other
Israel,Historical,EV sales,Vans,BEV,2022,Vehicles,87.0,Other
Malaysia,Historical,EV sales,Cars,BEV,2020,Vehicles,87.0,Other
Costa Rica,Historical,EV stock,2 and 3 wheelers,BEV,2016,Vehicles,86.0,Other
Germany,Historical,EV stock,Cars,FCEV,2015,Vehicles,86.0,Other
Latvia,Historical,EV sales,Cars,BEV,2019,Vehicles,86.0,Other
Belgium,Historical,EV stock,Cars,FCEV,2021,Vehicles,85.0,Other
Chile,Historical,EV sales,Cars,PHEV,2019,Vehicles,85.0,Other
Colombia,Historical,EV stock,Cars,PHEV,2017,Vehicles,85.0,Other
Costa Rica,Historical,EV sales,Cars,PHEV,2016,Vehicles,85.0,Other
Denmark,Historical,EV sales,Vans,PHEV,2015,Vehicles,85.0,Other
Switzerland,Historical,EV sales,Vans,BEV,2016,Vehicles,85.0,Other
Vietnam,Historical,EV sales,Cars,BEV,2021,Vehicles,85.0,Other
Estonia,Historical,EV sales,Cars,BEV,2018,Vehicles,85.0,Other
Belgium,Historical,EV sales,Buses,PHEV,2023,Vehicles,84.0,Other
Switzerland,Historical,EV stock,Cars,FCEV,2019,Vehicles,84.0,Other
Switzerland,Historical,EV stock,Cars,FCEV,2020,Vehicles,84.0,Other
Vietnam,Historical,EV sales,Cars,PHEV,2024,Vehicles,84.0,Other
Cyprus,Historical,EV sales,Cars,BEV,2021,Vehicles,84.0,Other
Denmark,Historical,EV stock,Buses,BEV,2019,Vehicles,83.0,Other
Denmark,Historical,EV stock,Cars,FCEV,2017,Vehicles,83.0,Other
France,Historical,EV stock,Trucks,BEV,2018,Vehicles,83.0,Other
Iceland,Historical,EV stock,2 and 3 wheelers,BEV,2019,Vehicles,83.0,Other
Netherlands,Historical,EV stock,Vans,PHEV,2021,Vehicles,83.0,Other
Poland,Historical,EV sales,Cars,FCEV,2023,Vehicles,83.0,Other
Turkey,Historical,EV sales,Cars,PHEV,2016,Vehicles,83.0,Other
Vietnam,Historical,EV stock,Cars,PHEV,2023,Vehicles,83.0,Other
Cyprus,Historical,EV sales,Cars,PHEV,2020,Vehicles,83.0,Other
Germany,Historical,EV sales,Cars,FCEV,2017,Vehicles,82.0,Other
South Africa,Historical,EV sales,Cars,PHEV,2018,Vehicles,82.0,Other
Thailand,Historical,EV stock,Cars,BEV,2017,Vehicles,82.0,Other
Denmark,Historical,EV sales,Vans,PHEV,2016,Vehicles,81.0,Other
Finland,Historical,EV sales,2 and 3 wheelers,BEV,2015,Vehicles,81.0,Other
United States,Historical,EV sales,Vans,FCEV,2015,Vehicles,81.0,Other
United States,Historical,EV stock,Vans,FCEV,2015,Vehicles,81.0,Other
United States,Historical,EV stock,Vans,FCEV,2016,Vehicles,81.0,Other
United States,Historical,EV stock,Vans,FCEV,2017,Vehicles,81.0,Other
United States,Historical,EV stock,Vans,FCEV,2018,Vehicles,81.0,Other
United States,Historical,EV stock,Vans,FCEV,2019,Vehicles,81.0,Other
United States,Historical,EV stock,Vans,FCEV,2020,Vehicles,81.0,Other
United States,Historical,EV stock,Vans,FCEV,2021,Vehicles,81.0,Other
United States,Historical,EV stock,Vans,FCEV,2022,Vehicles,81.0,Other
United States,Historical,EV stock,Vans,FCEV,2023,Vehicles,81.0,Other
Belgium,Historical,EV stock,Buses,PHEV,2015,Vehicles,80.0,Other
Belgium,Historical,EV stock,Cars,FCEV,2022,Vehicles,80.0,Other
Canada,Historical,EV sales,2 and 3 wheelers,BEV,2019,Vehicles,80.0,Other
Denmark,Historical,EV sales,Buses,BEV,2019,Vehicles,80.0,Other
Netherlands,Historical,EV sales,Buses,BEV,2016,Vehicles,80.0,Other
South Africa,Historical,EV sales,2 and 3 wheelers,BEV,2015,Vehicles,80.0,Other
Switzerland,Historical,EV stock,Trucks,FCEV,2023,Vehicles,80.0,Other
Switzerland,Historical,EV stock,Trucks,FCEV,2024,Vehicles,80.0,Other
Estonia,Historical,EV sales,Cars,BEV,2019,Vehicles,80.0,Other
Canada,Historical,EV sales,Cars,FCEV,2019,Vehicles,79.0,Other
Chile,Historical,EV sales,Cars,PHEV,2020,Vehicles,79.0,Other
France,Historical,EV stock,Trucks,BEV,2021,Vehicles,79.0,Other
Indonesia,Historical,EV sales,Cars,PHEV,2022,Vehicles,79.0,Other
Portugal,Historical,EV sales,Buses,BEV,2024,Vehicles,79.0,Other
United States,Historical,EV stock,Buses,FCEV,2021,Vehicles,79.0,Other
Denmark,Historical,EV sales,Cars,FCEV,2021,Vehicles,78.0,Other
France,Historical,EV stock,Trucks,BEV,2019,Vehicles,78.0,Other
Greece,Historical,EV stock,Cars,PHEV,2016,Vehicles,78.0,Other
Israel,Historical,EV stock,Buses,BEV,2018,Vehicles,78.0,Other
New Zealand,Historical,EV sales,Vans,BEV,2020,Vehicles,78.0,Other
Poland,Historical,EV sales,Cars,FCEV,2021,Vehicles,78.0,Other
United Kingdom,Historical,EV sales,Vans,PHEV,2016,Vehicles,78.0,Other
China,Historical,EV stock,Vans,PHEV,2020,Vehicles,77.0,Other
Netherlands,Historical,EV stock,Trucks,BEV,2015,Vehicles,77.0,Other
New Zealand,Historical,EV stock,Buses,BEV,2018,Vehicles,77.0,Other
Russia,Historical,EV stock,Cars,PHEV,2016,Vehicles,77.0,Other
South Korea,Historical,EV sales,Buses,FCEV,2021,Vehicles,77.0,Other
Turkey,Historical,EV sales,Cars,BEV,2017,Vehicles,77.0,Other
Finland,Historical,EV sales,Trucks,BEV,2023,Vehicles,76.0,Other
Israel,Historical,EV sales,Vans,BEV,2021,Vehicles,76.0,Other
Portugal,Historical,EV stock,Vans,BEV,2017,Vehicles,76.0,Other
World,Historical,EV sales,Vans,FCEV,2020,Vehicles,76.0,_World
Belgium,Historical,EV stock,Buses,BEV,2020,Vehicles,75.0,Other
Brazil,Historical,EV stock,Cars,PHEV,2016,Vehicles,75.0,Other
New Zealand,Historical,EV sales,Buses,BEV,2021,Vehicles,75.0,Other
Portugal,Historical,EV stock,2 and 3 wheelers,BEV,2017,Vehicles,75.0,Other
South Korea,Historical,EV sales,Cars,FCEV,2017,Vehicles,75.0,Other
Estonia,Historical,EV sales,Cars,PHEV,2020,Vehicles,75.0,Other
France,Historical,EV sales,Buses,BEV,2016,Vehicles,74.0,Other
New Zealand,Historical,EV stock,Vans,PHEV,2022,Vehicles,74.0,Other
Spain,Historical,EV stock,Buses,FCEV,2024,Vehicles,74.0,Other
Romania,Historical,EV sales,Cars,BEV,2016,Vehicles,74.0,Other
Netherlands,Historical,EV stock,Trucks,PHEV,2023,Vehicles,73.0,Other
Latvia,Historical,EV sales,Cars,BEV,2018,Vehicles,73.0,Other
Latvia,Historical,EV sales,Cars,PHEV,2020,Vehicles,73.0,Other
Canada,Historical,EV stock,Vans,FCEV,2023,Vehicles,72.0,Other
Canada,Historical,EV stock,Vans,FCEV,2024,Vehicles,72.0,Other
Germany,Historical,EV sales,Cars,FCEV,2015,Vehicles,72.0,Other
Mexico,Historical,EV sales,2 and 3 wheelers,BEV,2016,Vehicles,72.0,Other
Poland,Historical,EV sales,Buses,BEV,2018,Vehicles,72.0,Other
South Africa,Historical,EV sales,Cars,PHEV,2019,Vehicles,72.0,Other
Spain,Historical,EV stock,Buses,PHEV,2023,Vehicles,72.0,Other
Spain,Historical,EV stock,Buses,PHEV,2024,Vehicles,72.0,Other
Sweden,Historical,EV sales,2 and 3 wheelers,BEV,2017,Vehicles,72.0,Other
Switzerland,Historical,EV sales,Cars,FCEV,2022,Vehicles,72.0,Other
United Kingdom,Historical,EV sales,Buses,FCEV,2024,Vehicles,72.0,Other
Denmark,Historical,EV sales,Vans,BEV,2017,Vehicles,70.0,Other
France,Historical,EV stock,Buses,PHEV,2021,Vehicles,70.0,Other
France,Historical,EV stock,Buses,PHEV,2022,Vehicles,70.0,Other
France,Historical,EV stock,Trucks,BEV,2020,Vehicles,70.0,Other
New Zealand,Historical,EV sales,Vans,BEV,2019,Vehicles,70.0,Other
Norway,Historical,EV stock,Buses,PHEV,2021,Vehicles,70.0,Other
Norway,Historical,EV stock,Cars,FCEV,2017,Vehicles,70.0,Other
Poland,Historical,EV sales,Cars,BEV,2015,Vehicles,70.0,Other
United Kingdom,Historical,EV stock,Cars,FCEV,2018,Vehicles,70.0,Other
Norway,Historical,EV stock,Buses,PHEV,2022,Vehicles,69.0,Other
South Africa,Historical,EV sales,2 and 3 wheelers,BEV,2020,Vehicles,69.0,Other
Belgium,Historical,EV sales,Vans,BEV,2015,Vehicles,68.0,Other
Canada,Historical,EV stock,Buses,BEV,2019,Vehicles,68.0,Other
Chile,Historical,EV sales,Cars,PHEV,2018,Vehicles,68.0,Other
Denmark,Historical,EV stock,Cars,FCEV,2016,Vehicles,68.0,Other
Germany,Historical,EV stock,Buses,FCEV,2022,Vehicles,68.0,Other
Netherlands,Historical,EV sales,Trucks,BEV,2021,Vehicles,68.0,Other
Norway,Historical,EV stock,Buses,PHEV,2023,Vehicles,68.0,Other
Norway,Historical,EV stock,Buses,PHEV,2024,Vehicles,68.0,Other
Poland,Historical,EV sales,Buses,BEV,2019,Vehicles,68.0,Other
South Africa,Historical,EV sales,Vans,BEV,2017,Vehicles,68.0,Other
South Africa,Historical,EV sales,Cars,BEV,2017,Vehicles,68.0,Other
United Kingdom,Historical,EV sales,Cars,FCEV,2019,Vehicles,68.0,Other
Bulgaria,Historical,EV sales,Cars,BEV,2017,Vehicles,68.0,Other
France,Historical,EV stock,Trucks,BEV,2017,Vehicles,67.0,Other
Portugal,Historical,EV stock,2 and 3 wheelers,BEV,2016,Vehicles,67.0,Other
Croatia,Historical,EV sales,Cars,PHEV,2019,Vehicles,67.0,Other
New Zealand,Historical,EV stock,Buses,BEV,2017,Vehicles,66.0,Other
South Africa,Historical,EV sales,Vans,BEV,2018,Vehicles,66.0,Other
South Africa,Historical,EV sales,Cars,BEV,2018,Vehicles,66.0,Other
World,Historical,EV stock,Trucks,PHEV,2018,Vehicles,66.0,_World
Australia,Historical,EV stock,Cars,FCEV,2023,Vehicles,65.0,Other
Israel,Historical,EV sales,Cars,PHEV,2015,Vehicles,65.0,Other
Italy,Historical,EV sales,Buses,BEV,2019,Vehicles,65.0,Other
New Zealand,Historical,EV stock,Buses,BEV,2015,Vehicles,65.0,Other
New Zealand,Historical,EV stock,Buses,BEV,2016,Vehicles,65.0,Other
Sweden,Historical,EV stock,Cars,FCEV,2022,Vehicles,65.0,Other
United Kingdom,Historical,EV sales,Buses,FCEV,2022,Vehicles,65.0,Other
United Kingdom,Historical,EV sales,Buses,PHEV,2018,Vehicles,65.0,Other
Belgium,Historical,EV stock,Cars,FCEV,2020,Vehicles,64.0,Other
Netherlands,Historical,EV stock,Buses,FCEV,2023,Vehicles,64.0,Other
Netherlands,Historical,EV stock,Buses,FCEV,2024,Vehicles,64.0,Other
Portugal,Historical,EV stock,2 and 3 wheelers,BEV,2015,Vehicles,64.0,Other
Portugal,Historical,EV sales,Buses,BEV,2022,Vehicles,64.0,Other
United States,Historical,EV stock,Buses,FCEV,2020,Vehicles,64.0,Other
Vietnam,Historical,EV sales,Cars,PHEV,2023,Vehicles,64.0,Other
Lithuania,Historical,EV sales,Cars,BEV,2016,Vehicles,64.0,Other
Canada,Historical,EV sales,Buses,BEV,2020,Vehicles,63.0,Other
Israel,Historical,EV sales,Cars,PHEV,2016,Vehicles,63.0,Other
Norway,Historical,EV sales,Buses,PHEV,2020,Vehicles,63.0,Other
Norway,Historical,EV stock,Buses,PHEV,2020,Vehicles,63.0,Other
Spain,Historical,EV stock,Buses,PHEV,2020,Vehicles,63.0,Other
Sweden,Historical,EV stock,Cars,FCEV,2021,Vehicles,63.0,Other
Austria,Historical,EV stock,Cars,FCEV,2022,Vehicles,62.0,Other
Austria,Historical,EV stock,Cars,FCEV,2023,Vehicles,62.0,Other
Austria,Historical,EV stock,Cars,FCEV,2024,Vehicles,62.0,Other
China,Historical,EV sales,Cars,FCEV,2024,Vehicles,62.0,Other
Finland,Historical,EV stock,Buses,BEV,2019,Vehicles,62.0,Other
Finland,Historical,EV stock,Buses,PHEV,2019,Vehicles,62.0,Other
Finland,Historical,EV sales,Trucks,BEV,2024,Vehicles,62.0,Other
Indonesia,Historical,EV sales,Cars,PHEV,2019,Vehicles,62.0,Other
Malaysia,Historical,EV sales,Cars,BEV,2018,Vehicles,62.0,Other
Switzerland,Historical,EV sales,Trucks,BEV,2020,Vehicles,62.0,Other
Brazil,Historical,EV sales,Cars,BEV,2015,Vehicles,61.0,Other
Chile,Historical,EV stock,Cars,PHEV,2017,Vehicles,61.0,Other
Costa Rica,Historical,EV sales,Cars,PHEV,2022,Vehicles,61.0,Other
Iceland,Historical,EV sales,2 and 3 wheelers,BEV,2021,Vehicles,61.0,Other
Indonesia,Historical,EV stock,Cars,PHEV,2021,Vehicles,61.0,Other
Seychelles,Historical,EV sales,Cars,BEV,2021,Vehicles,61.0,Other
Canada,Historical,EV sales,2 and 3 wheelers,BEV,2017,Vehicles,60.0,Other
Finland,Historical,EV sales,Vans,BEV,2019,Vehicles,60.0,Other
France,Historical,EV sales,Cars,FCEV,2019,Vehicles,60.0,Other
Italy,Historical,EV sales,Buses,BEV,2018,Vehicles,60.0,Other
Italy,Historical,EV stock,Cars,FCEV,2024,Vehicles,60.0,Other
Portugal,Historical,EV stock,Buses,BEV,2020,Vehicles,60.0,Other
South Africa,Historical,EV sales,2 and 3 wheelers,BEV,2017,Vehicles,60.0,Other
South Korea,Historical,EV sales,Vans,FCEV,2020,Vehicles,60.0,Other
Switzerland,Historical,EV sales,Trucks,FCEV,2021,Vehicles,60.0,Other
Belgium,Historical,EV stock,Buses,BEV,2019,Vehicles,59.0,Other
Italy,Historical,EV stock,Cars,FCEV,2023,Vehicles,59.0,Other
Switzerland,Historical,EV stock,Cars,FCEV,2018,Vehicles,59.0,Other
United Kingdom,Historical,EV sales,Buses,BEV,2016,Vehicles,59.0,Other
Slovakia,Historical,EV sales,Cars,BEV,2016,Vehicles,59.0,Other
Brazil,Historical,EV sales,Vans,BEV,2020,Vehicles,58.0,Other
China,Historical,EV stock,Trucks,PHEV,2020,Vehicles,58.0,Other
France,Historical,EV stock,Trucks,BEV,2015,Vehicles,58.0,Other
France,Historical,EV stock,Trucks,BEV,2016,Vehicles,58.0,Other
Norway,Historical,EV sales,Vans,PHEV,2021,Vehicles,58.0,Other
South Korea,Historical,EV sales,Cars,FCEV,2016,Vehicles,58.0,Other
Sweden,Historical,EV stock,Trucks,BEV,2020,Vehicles,58.0,Other
Denmark,Historical,EV sales,Vans,BEV,2016,Vehicles,57.0,Other
Switzerland,Historical,EV stock,Buses,BEV,2020,Vehicles,57.0,Other
United Kingdom,Historical,EV sales,Cars,FCEV,2020,Vehicles,57.0,Other
Colombia,Historical,EV sales,Cars,PHEV,2017,Vehicles,56.0,Other
Denmark,Historical,EV stock,Trucks,BEV,2021,Vehicles,56.0,Other
Greece,Historical,EV sales,Cars,PHEV,2016,Vehicles,56.0,Other
Italy,Historical,EV stock,Cars,FCEV,2022,Vehicles,56.0,Other
Netherlands,Historical,EV stock,Trucks,PHEV,2022,Vehicles,56.0,Other
Spain,Historical,EV stock,Buses,PHEV,2019,Vehicles,56.0,Other
Switzerland,Historical,EV sales,Cars,FCEV,2021,Vehicles,56.0,Other
Bulgaria,Historical,EV sales,Cars,PHEV,2019,Vehicles,56.0,Other
Austria,Historical,EV stock,Cars,FCEV,2021,Vehicles,55.0,Other
Finland,Historical,EV sales,Vans,BEV,2018,Vehicles,55.0,Other
France,Historical,EV stock,Vans,FCEV,2015,Vehicles,55.0,Other
Germany,Historical,EV stock,Vans,FCEV,2023,Vehicles,55.0,Other
Germany,Historical,EV stock,Vans,FCEV,2024,Vehicles,55.0,Other
Japan,Historical,EV stock,Trucks,BEV,2019,Vehicles,55.0,Other
Japan,Historical,EV stock,Trucks,BEV,2020,Vehicles,55.0,Other
Japan,Historical,EV stock,Trucks,BEV,2021,Vehicles,55.0,Other
Japan,Historical,EV stock,Trucks,BEV,2022,Vehicles,55.0,Other
Malaysia,Historical,EV stock,Cars,BEV,2015,Vehicles,55.0,Other
Netherlands,Historical,EV stock,Buses,FCEV,2022,Vehicles,55.0,Other
Russia,Historical,EV sales,Cars,PHEV,2015,Vehicles,55.0,Other
Russia,Historical,EV stock,Cars,PHEV,2015,Vehicles,55.0,Other
Switzerland,Historical,EV sales,Buses,BEV,2021,Vehicles,55.0,Other
Thailand,Historical,EV stock,Cars,BEV,2016,Vehicles,55.0,Other
Chile,Historical,EV stock,Cars,BEV,2016,Vehicles,54.0,Other
Costa Rica,Historical,EV stock,2 and 3 wheelers,BEV,2015,Vehicles,54.0,Other
Costa Rica,Historical,EV sales,Cars,PHEV,2018,Vehicles,54.0,Other
Italy,Historical,EV stock,Buses,FCEV,2024,Vehicles,54.0,Other
South Korea,Historical,EV sales,Vans,FCEV,2021,Vehicles,54.0,Other
Sweden,Historical,EV stock,Buses,BEV,2017,Vehicles,54.0,Other
France,Historical,EV sales,Vans,FCEV,2015,Vehicles,53.0,Other
Italy,Historical,EV sales,Vans,PHEV,2020,Vehicles,53.0,Other
Malaysia,Historical,EV stock,Cars,BEV,2019,Vehicles,52.0,Other
South Korea,Historical,EV stock,Buses,BEV,2016,Vehicles,52.0,Other
South Korea,Historical,EV stock,Buses,BEV,2017,Vehicles,52.0,Other
South Korea,Historical,EV stock,Buses,FCEV,2020,Vehicles,52.0,Other
Spain,Historical,EV sales,Buses,FCEV,2024,Vehicles,52.0,Other
World,Historical,EV stock,2 and 3 wheelers,PHEV,2023,Vehicles,52.0,_World
World,Historical,EV stock,2 and 3 wheelers,PHEV,2024,Vehicles,52.0,_World
World,Historical,EV sales,Buses,FCEV,2016,Vehicles,52.0,_World
World,Historical,EV stock,Trucks,PHEV,2017,Vehicles,52.0,_World
Lithuania,Historical,EV sales,Cars,BEV,2017,Vehicles,52.0,Other
Slovakia,Historical,EV sales,Cars,BEV,2015,Vehicles,52.0,Other
France,Historical,EV sales,Buses,BEV,2015,Vehicles,51.0,Other
Netherlands,Historical,EV stock,Trucks,FCEV,2024,Vehicles,51.0,Other
South Africa,Historical,EV sales,Cars,PHEV,2021,Vehicles,51.0,Other
Spain,Historical,EV sales,Buses,BEV,2020,Vehicles,51.0,Other
Belgium,Historical,EV stock,Vans,PHEV,2020,Vehicles,50.0,Other
Canada,Historical,EV sales,2 and 3 wheelers,BEV,2018,Vehicles,50.0,Other
Denmark,Historical,EV sales,Trucks,BEV,2021,Vehicles,50.0,Other
Greece,Historical,EV sales,Cars,BEV,2017,Vehicles,50.0,Other
India,Historical,EV sales,Cars,PHEV,2021,Vehicles,50.0,Other
India,Historical,EV stock,Cars,PHEV,2020,Vehicles,50.0,Other
Japan,Historical,EV sales,Trucks,BEV,2019,Vehicles,50.0,Other
Japan,Historical,EV sales,Trucks,BEV,2023,Vehicles,50.0,Other
Netherlands,Historical,EV stock,Cars,FCEV,2018,Vehicles,50.0,Other
New Zealand,Historical,EV sales,Vans,PHEV,2022,Vehicles,50.0,Other
Poland,Historical,EV stock,Buses,PHEV,2024,Vehicles,50.0,Other
Portugal,Historical,EV stock,Buses,BEV,2019,Vehicles,50.0,Other
South Korea,Historical,EV sales,Buses,BEV,2018,Vehicles,50.0,Other
Spain,Historical,EV stock,Buses,PHEV,2018,Vehicles,50.0,Other
Sweden,Historical,EV stock,Cars,FCEV,2024,Vehicles,50.0,Other
Sweden,Historical,EV sales,Trucks,BEV,2021,Vehicles,50.0,Other
Thailand,Historical,EV stock,Cars,BEV,2015,Vehicles,50.0,Other
Canada,Historical,EV stock,2 and 3 wheelers,BEV,2015,Vehicles,49.0,Other
Canada,Historical,EV sales,Buses,BEV,2019,Vehicles,49.0,Other
Finland,Historical,EV sales,Vans,BEV,2017,Vehicles,49.0,Other
France,Historical,EV sales,Trucks,BEV,2021,Vehicles,49.0,Other
Germany,Historical,EV stock,Buses,FCEV,2020,Vehicles,49.0,Other
Germany,Historical,EV sales,Cars,FCEV,2016,Vehicles,49.0,Other
Germany,Historical,EV stock,Cars,FCEV,2016,Vehicles,49.0,Other
Iceland,Historical,EV stock,2 and 3 wheelers,BEV,2018,Vehicles,49.0,Other
India,Historical,EV sales,Buses,FCEV,2020,Vehicles,49.0,Other
India,Historical,EV sales,Buses,FCEV,2022,Vehicles,49.0,Other
Netherlands,Historical,EV sales,Trucks,BEV,2020,Vehicles,49.0,Other
Poland,Historical,EV stock,Buses,FCEV,2024,Vehicles,49.0,Other
Germany,Historical,EV sales,Vans,FCEV,2023,Vehicles,48.0,Other
Iceland,Historical,EV stock,2 and 3 wheelers,BEV,2017,Vehicles,48.0,Other
Netherlands,Historical,EV stock,Trucks,PHEV,2021,Vehicles,48.0,Other
Sweden,Historical,EV stock,Cars,FCEV,2023,Vehicles,48.0,Other
Brazil,Historical,EV sales,Cars,PHEV,2016,Vehicles,47.0,Other
Netherlands,Historical,EV stock,Trucks,PHEV,2019,Vehicles,47.0,Other
New Zealand,Historical,EV sales,2 and 3 wheelers,BEV,2015,Vehicles,47.0,Other
Sweden,Historical,EV stock,Cars,FCEV,2020,Vehicles,47.0,Other
Chile,Historical,EV stock,Cars,PHEV,2016,Vehicles,46.0,Other
France,Historical,EV sales,Cars,FCEV,2017,Vehicles,46.0,Other
Italy,Historical,EV stock,Buses,BEV,2017,Vehicles,46.0,Other
Netherlands,Historical,EV sales,Vans,PHEV,2021,Vehicles,46.0,Other
Netherlands,Historical,EV stock,Trucks,PHEV,2018,Vehicles,46.0,Other
Poland,Historical,EV sales,Cars,FCEV,2022,Vehicles,46.0,Other
South Korea,Historical,EV stock,Cars,FCEV,2016,Vehicles,46.0,Other
Spain,Historical,EV sales,Vans,PHEV,2021,Vehicles,46.0,Other
Spain,Historical,EV stock,Vans,PHEV,2021,Vehicles,46.0,Other
United Kingdom,Historical,EV stock,2 and 3 wheelers,PHEV,2023,Vehicles,46.0,Other
United Kingdom,Historical,EV stock,2 and 3 wheelers,PHEV,2024,Vehicles,46.0,Other
Slovenia,Historical,EV sales,Cars,PHEV,2016,Vehicles,46.0,Other
Austria,Historical,EV stock,Cars,FCEV,2020,Vehicles,45.0,Other
Denmark,Historical,EV sales,Cars,FCEV,2020,Vehicles,45.0,Other
Israel,Historical,EV stock,Buses,BEV,2017,Vehicles,45.0,Other
Israel,Historical,EV sales,Vans,BEV,2020,Vehicles,45.0,Other
Italy,Historical,EV stock,Cars,FCEV,2021,Vehicles,45.0,Other
Norway,Historical,EV sales,Cars,FCEV,2018,Vehicles,45.0,Other
South Africa,Historical,EV sales,2 and 3 wheelers,BEV,2016,Vehicles,45.0,Other
Sweden,Historical,EV sales,Vans,BEV,2016,Vehicles,45.0,Other
Turkey,Historical,EV sales,Cars,PHEV,2018,Vehicles,45.0,Other
Australia,Historical,EV sales,Cars,FCEV,2021,Vehicles,44.0,Other
Australia,Historical,EV stock,Cars,FCEV,2021,Vehicles,44.0,Other
Belgium,Historical,EV stock,Cars,FCEV,2018,Vehicles,44.0,Other
Canada,Historical,EV sales,2 and 3 wheelers,BEV,2016,Vehicles,44.0,Other
Canada,Historical,EV stock,Vans,FCEV,2021,Vehicles,44.0,Other
Canada,Historical,EV stock,Vans,FCEV,2022,Vehicles,44.0,Other
China,Historical,EV stock,Vans,PHEV,2019,Vehicles,44.0,Other
Poland,Historical,EV stock,Buses,PHEV,2023,Vehicles,44.0,Other
South Africa,Historical,EV sales,2 and 3 wheelers,BEV,2019,Vehicles,44.0,Other
Turkey,Historical,EV sales,Cars,BEV,2016,Vehicles,44.0,Other
United States,Historical,EV sales,Buses,BEV,2015,Vehicles,44.0,Other
Belgium,Historical,EV sales,Buses,PHEV,2020,Vehicles,43.0,Other
France,Historical,EV stock,Buses,FCEV,2024,Vehicles,43.0,Other
Germany,Historical,EV sales,Buses,BEV,2018,Vehicles,43.0,Other
Germany,Historical,EV sales,Buses,FCEV,2023,Vehicles,43.0,Other
India,Historical,EV sales,Cars,PHEV,2020,Vehicles,43.0,Other
Italy,Historical,EV stock,Vans,PHEV,2019,Vehicles,43.0,Other
Norway,Historical,EV stock,Buses,BEV,2018,Vehicles,43.0,Other
Norway,Historical,EV stock,Vans,PHEV,2020,Vehicles,43.0,Other
Belgium,Historical,EV sales,Buses,BEV,2022,Vehicles,42.0,Other
Iceland,Historical,EV stock,2 and 3 wheelers,BEV,2016,Vehicles,42.0,Other
Malaysia,Historical,EV sales,Cars,BEV,2019,Vehicles,42.0,Other
Netherlands,Historical,EV stock,Trucks,PHEV,2017,Vehicles,42.0,Other
Poland,Historical,EV sales,Vans,BEV,2018,Vehicles,42.0,Other
Spain,Historical,EV stock,Buses,PHEV,2017,Vehicles,42.0,Other
Sweden,Historical,EV stock,Buses,BEV,2016,Vehicles,42.0,Other
Sweden,Historical,EV stock,Cars,FCEV,2019,Vehicles,42.0,Other
United States,Historical,EV stock,Buses,FCEV,2019,Vehicles,42.0,Other
Cyprus,Historical,EV sales,Cars,BEV,2020,Vehicles,42.0,Other
Austria,Historical,EV stock,Cars,FCEV,2019,Vehicles,41.0,Other
Belgium,Historical,EV stock,Cars,FCEV,2019,Vehicles,41.0,Other
Greece,Historical,EV sales,Cars,BEV,2016,Vehicles,41.0,Other
Iceland,Historical,EV sales,2 and 3 wheelers,BEV,2023,Vehicles,41.0,Other
Netherlands,Historical,EV stock,Buses,FCEV,2021,Vehicles,41.0,Other
Netherlands,Historical,EV stock,Trucks,PHEV,2020,Vehicles,41.0,Other
New Zealand,Historical,EV sales,2 and 3 wheelers,BEV,2017,Vehicles,41.0,Other
New Zealand,Historical,EV sales,2 and 3 wheelers,BEV,2018,Vehicles,41.0,Other
Bulgaria,Historical,EV sales,Cars,PHEV,2020,Vehicles,41.0,Other
Finland,Historical,EV sales,Buses,BEV,2019,Vehicles,40.0,Other
Israel,Historical,EV sales,Buses,BEV,2017,Vehicles,40.0,Other
Italy,Historical,EV sales,Buses,FCEV,2024,Vehicles,40.0,Other
Netherlands,Historical,EV sales,Cars,FCEV,2023,Vehicles,40.0,Other
Norway,Historical,EV stock,Cars,FCEV,2016,Vehicles,40.0,Other
United Kingdom,Historical,EV sales,Buses,FCEV,2023,Vehicles,40.0,Other
Belgium,Historical,EV sales,Vans,PHEV,2021,Vehicles,39.0,Other
Colombia,Historical,EV sales,Cars,BEV,2015,Vehicles,39.0,Other
Finland,Historical,EV sales,Vans,PHEV,2020,Vehicles,39.0,Other
Finland,Historical,EV stock,Vans,PHEV,2019,Vehicles,39.0,Other
Netherlands,Historical,EV stock,Vans,FCEV,2024,Vehicles,39.0,Other
Netherlands,Historical,EV sales,Cars,FCEV,2024,Vehicles,39.0,Other
Netherlands,Historical,EV stock,Cars,FCEV,2017,Vehicles,39.0,Other
Netherlands,Historical,EV stock,Trucks,PHEV,2016,Vehicles,39.0,Other
Norway,Historical,EV sales,Cars,FCEV,2021,Vehicles,39.0,Other
United Kingdom,Historical,EV sales,Buses,BEV,2017,Vehicles,39.0,Other
World,Historical,EV stock,Trucks,PHEV,2016,Vehicles,39.0,_World
Slovenia,Historical,EV sales,Cars,PHEV,2020,Vehicles,39.0,Other
Denmark,Historical,EV sales,Cars,FCEV,2015,Vehicles,38.0,Other
Finland,Historical,EV sales,Vans,PHEV,2021,Vehicles,38.0,Other
Germany,Historical,EV sales,Buses,FCEV,2020,Vehicles,38.0,Other
Italy,Historical,EV sales,Buses,BEV,2016,Vehicles,38.0,Other
Italy,Historical,EV stock,Buses,BEV,2016,Vehicles,38.0,Other
New Zealand,Historical,EV stock,Cars,FCEV,2024,Vehicles,38.0,Other
Poland,Historical,EV sales,Buses,PHEV,2018,Vehicles,38.0,Other
Poland,Historical,EV stock,Buses,PHEV,2018,Vehicles,38.0,Other
Poland,Historical,EV stock,Buses,PHEV,2019,Vehicles,38.0,Other
Poland,Historical,EV stock,Buses,PHEV,2020,Vehicles,38.0,Other
Poland,Historical,EV stock,Buses,PHEV,2021,Vehicles,38.0,Other
Poland,Historical,EV stock,Buses,PHEV,2022,Vehicles,38.0,Other
Bulgaria,Historical,EV sales,Cars,PHEV,2017,Vehicles,38.0,Other
Belgium,Historical,EV sales,Buses,BEV,2019,Vehicles,37.0,Other
Chile,Historical,EV stock,Cars,PHEV,2015,Vehicles,37.0,Other
Costa Rica,Historical,EV sales,Cars,PHEV,2023,Vehicles,37.0,Other
Denmark,Historical,EV stock,Cars,FCEV,2015,Vehicles,37.0,Other
Iceland,Historical,EV sales,2 and 3 wheelers,BEV,2022,Vehicles,37.0,Other
Iceland,Historical,EV stock,2 and 3 wheelers,BEV,2015,Vehicles,37.0,Other
Malaysia,Historical,EV sales,Cars,BEV,2015,Vehicles,37.0,Other
Netherlands,Historical,EV sales,Buses,FCEV,2022,Vehicles,37.0,Other
Netherlands,Historical,EV stock,Trucks,FCEV,2023,Vehicles,37.0,Other
Portugal,Historical,EV sales,Buses,BEV,2021,Vehicles,37.0,Other
Russia,Historical,EV sales,Cars,PHEV,2022,Vehicles,37.0,Other
South Korea,Historical,EV sales,Buses,FCEV,2020,Vehicles,37.0,Other
Switzerland,Historical,EV stock,Cars,FCEV,2017,Vehicles,37.0,Other
Thailand,Historical,EV sales,Cars,PHEV,2016,Vehicles,37.0,Other
United Kingdom,Historical,EV stock,Buses,FCEV,2022,Vehicles,37.0,Other
Lithuania,Historical,EV sales,Cars,BEV,2015,Vehicles,37.0,Other
Seychelles,Historical,EV sales,Cars,BEV,2019,Vehicles,37.0,Other
Seychelles,Historical,EV sales,Cars,BEV,2022,Vehicles,37.0,Other
Costa Rica,Historical,EV stock,Cars,BEV,2017,Vehicles,36.0,Other
Malaysia,Historical,EV stock,Buses,BEV,2019,Vehicles,36.0,Other
Malaysia,Historical,EV stock,Buses,BEV,2020,Vehicles,36.0,Other
Malaysia,Historical,EV stock,Buses,BEV,2021,Vehicles,36.0,Other
Malaysia,Historical,EV stock,Buses,BEV,2022,Vehicles,36.0,Other
Netherlands,Historical,EV sales,Vans,PHEV,2022,Vehicles,36.0,Other
Netherlands,Historical,EV stock,Trucks,PHEV,2015,Vehicles,36.0,Other
Sweden,Historical,EV sales,Buses,BEV,2018,Vehicles,36.0,Other
Switzerland,Historical,EV stock,Cars,FCEV,2016,Vehicles,36.0,Other
Switzerland,Historical,EV sales,Trucks,BEV,2019,Vehicles,36.0,Other
United Kingdom,Historical,EV sales,Cars,FCEV,2018,Vehicles,36.0,Other
World,Historical,EV stock,Trucks,PHEV,2015,Vehicles,36.0,_World
Canada,Historical,EV stock,Trucks,BEV,2018,Vehicles,35.0,Other
Canada,Historical,EV stock,Trucks,BEV,2019,Vehicles,35.0,Other
Greece,Historical,EV sales,Cars,BEV,2015,Vehicles,35.0,Other
Italy,Historical,EV stock,Cars,FCEV,2020,Vehicles,35.0,Other
Japan,Historical,EV sales,Trucks,BEV,2020,Vehicles,35.0,Other
Malaysia,Historical,EV stock,Buses,BEV,2018,Vehicles,35.0,Other
Switzerland,Historical,EV stock,Buses,BEV,2019,Vehicles,35.0,Other
World,Historical,EV sales,Trucks,PHEV,2019,Vehicles,35.0,_World
Estonia,Historical,EV sales,Cars,BEV,2016,Vehicles,35.0,Other
Denmark,Historical,EV sales,Vans,PHEV,2019,Vehicles,34.0,Other
France,Historical,EV sales,Cars,FCEV,2016,Vehicles,34.0,Other
France,Historical,EV stock,Cars,FCEV,2016,Vehicles,34.0,Other
Poland,Historical,EV sales,Buses,FCEV,2023,Vehicles,34.0,Other
Poland,Historical,EV stock,Buses,FCEV,2023,Vehicles,34.0,Other
Poland,Historical,EV stock,Buses,PHEV,2016,Vehicles,34.0,Other
Poland,Historical,EV stock,Buses,PHEV,2017,Vehicles,34.0,Other
Poland,Historical,EV stock,Vans,BEV,2017,Vehicles,34.0,Other
Poland,Historical,EV stock,Cars,FCEV,2019,Vehicles,34.0,Other
South Africa,Historical,EV stock,Buses,BEV,2024,Vehicles,34.0,Other
Spain,Historical,EV stock,Cars,FCEV,2024,Vehicles,34.0,Other
Turkey,Historical,EV sales,Cars,PHEV,2017,Vehicles,34.0,Other
United Kingdom,Historical,EV sales,Cars,FCEV,2017,Vehicles,34.0,Other
United Kingdom,Historical,EV stock,Cars,FCEV,2017,Vehicles,34.0,Other
Estonia,Historical,EV sales,Cars,BEV,2015,Vehicles,34.0,Other
Germany,Historical,EV sales,Buses,FCEV,2021,Vehicles,33.0,Other
Israel,Historical,EV sales,Buses,BEV,2021,Vehicles,33.0,Other
Netherlands,Historical,EV stock,Cars,FCEV,2016,Vehicles,33.0,Other
Portugal,Historical,EV sales,Buses,BEV,2019,Vehicles,33.0,Other
Portugal,Historical,EV stock,Buses,BEV,2018,Vehicles,33.0,Other
Sweden,Historical,EV sales,Buses,BEV,2016,Vehicles,33.0,Other
Thailand,Historical,EV sales,2 and 3 wheelers,BEV,2016,Vehicles,33.0,Other
Estonia,Historical,EV sales,Cars,PHEV,2018,Vehicles,33.0,Other
Chile,Historical,EV stock,Cars,BEV,2015,Vehicles,32.0,Other
Costa Rica,Historical,EV sales,2 and 3 wheelers,BEV,2016,Vehicles,32.0,Other
Greece,Historical,EV sales,2 and 3 wheelers,BEV,2018,Vehicles,32.0,Other
Indonesia,Historical,EV stock,2 and 3 wheelers,BEV,2016,Vehicles,32.0,Other
Malaysia,Historical,EV stock,Buses,BEV,2016,Vehicles,32.0,Other
Malaysia,Historical,EV stock,Buses,BEV,2017,Vehicles,32.0,Other
Malaysia,Historical,EV stock,Cars,BEV,2016,Vehicles,32.0,Other
Russia,Historical,EV sales,Cars,PHEV,2017,Vehicles,32.0,Other
South Korea,Historical,EV stock,Vans,BEV,2016,Vehicles,32.0,Other
South Korea,Historical,EV stock,Vans,BEV,2017,Vehicles,32.0,Other
Sweden,Historical,EV stock,Buses,PHEV,2017,Vehicles,32.0,Other
United States,Historical,EV stock,Buses,FCEV,2018,Vehicles,32.0,Other
Seychelles,Historical,EV sales,Cars,BEV,2018,Vehicles,32.0,Other
Belgium,Historical,EV stock,Cars,FCEV,2017,Vehicles,31.0,Other
China,Historical,EV sales,Trucks,PHEV,2019,Vehicles,31.0,Other
China,Historical,EV stock,Trucks,PHEV,2019,Vehicles,31.0,Other
Costa Rica,Historical,EV sales,Cars,PHEV,2019,Vehicles,31.0,Other
Denmark,Historical,EV sales,Vans,PHEV,2018,Vehicles,31.0,Other
Iceland,Historical,EV stock,Cars,FCEV,2019,Vehicles,31.0,Other
Iceland,Historical,EV stock,Cars,FCEV,2021,Vehicles,31.0,Other
Iceland,Historical,EV stock,Cars,FCEV,2022,Vehicles,31.0,Other
Indonesia,Historical,EV sales,Cars,PHEV,2021,Vehicles,31.0,Other
Norway,Historical,EV stock,Buses,BEV,2017,Vehicles,31.0,Other
World,Historical,EV sales,Trucks,PHEV,2020,Vehicles,31.0,_World
Canada,Historical,EV sales,Trucks,BEV,2021,Vehicles,30.0,Other
Greece,Historical,EV sales,2 and 3 wheelers,BEV,2017,Vehicles,30.0,Other
Iceland,Historical,EV stock,Cars,FCEV,2020,Vehicles,30.0,Other
Netherlands,Historical,EV stock,Vans,PHEV,2020,Vehicles,30.0,Other
Netherlands,Historical,EV sales,Trucks,BEV,2018,Vehicles,30.0,Other
Netherlands,Historical,EV stock,Trucks,FCEV,2022,Vehicles,30.0,Other
Norway,Historical,EV sales,Cars,FCEV,2017,Vehicles,30.0,Other
South Korea,Historical,EV sales,Buses,BEV,2016,Vehicles,30.0,Other
Spain,Historical,EV sales,Buses,BEV,2018,Vehicles,30.0,Other
Seychelles,Historical,EV sales,Cars,BEV,2017,Vehicles,30.0,Other
Colombia,Historical,EV stock,Cars,PHEV,2016,Vehicles,29.0,Other
France,Historical,EV stock,Cars,FCEV,2017,Vehicles,29.0,Other
Germany,Historical,EV sales,Buses,BEV,2017,Vehicles,29.0,Other
Indonesia,Historical,EV sales,Cars,BEV,2019,Vehicles,29.0,Other
Indonesia,Historical,EV stock,Cars,BEV,2019,Vehicles,29.0,Other
Italy,Historical,EV sales,Buses,BEV,2017,Vehicles,29.0,Other
Norway,Historical,EV sales,Cars,FCEV,2019,Vehicles,29.0,Other
South Korea,Historical,EV sales,Cars,FCEV,2015,Vehicles,29.0,Other
Spain,Historical,EV sales,Buses,PHEV,2023,Vehicles,29.0,Other
Spain,Historical,EV stock,Trucks,BEV,2021,Vehicles,29.0,Other
Brazil,Historical,EV sales,Cars,PHEV,2015,Vehicles,28.0,Other
Brazil,Historical,EV stock,Cars,PHEV,2015,Vehicles,28.0,Other
Canada,Historical,EV sales,Vans,FCEV,2021,Vehicles,28.0,Other
Canada,Historical,EV stock,Trucks,BEV,2015,Vehicles,28.0,Other
Canada,Historical,EV stock,Trucks,BEV,2016,Vehicles,28.0,Other
Canada,Historical,EV stock,Trucks,BEV,2017,Vehicles,28.0,Other
Canada,Historical,EV sales,Trucks,FCEV,2021,Vehicles,28.0,Other
Colombia,Historical,EV sales,Cars,BEV,2016,Vehicles,28.0,Other
Denmark,Historical,EV sales,Trucks,BEV,2020,Vehicles,28.0,Other
Denmark,Historical,EV stock,Trucks,BEV,2020,Vehicles,28.0,Other
Greece,Historical,EV sales,2 and 3 wheelers,BEV,2016,Vehicles,28.0,Other
Italy,Historical,EV stock,Cars,FCEV,2019,Vehicles,28.0,Other
Poland,Historical,EV sales,Vans,BEV,2017,Vehicles,28.0,Other
Poland,Historical,EV stock,Cars,FCEV,2018,Vehicles,28.0,Other
Poland,Historical,EV stock,Cars,FCEV,2020,Vehicles,28.0,Other
Slovenia,Historical,EV sales,Cars,PHEV,2019,Vehicles,28.0,Other
Brazil,Historical,EV stock,Vans,BEV,2020,Vehicles,27.0,Other
China,Historical,EV sales,Vans,PHEV,2019,Vehicles,27.0,Other
China,Historical,EV sales,Trucks,PHEV,2020,Vehicles,27.0,Other
Costa Rica,Historical,EV sales,2 and 3 wheelers,BEV,2015,Vehicles,27.0,Other
Finland,Historical,EV sales,Vans,PHEV,2022,Vehicles,27.0,Other
Germany,Historical,EV sales,Trucks,FCEV,2023,Vehicles,27.0,Other
Germany,Historical,EV stock,Trucks,FCEV,2023,Vehicles,27.0,Other
Iceland,Historical,EV sales,2 and 3 wheelers,BEV,2024,Vehicles,27.0,Other
Iceland,Historical,EV stock,Cars,FCEV,2023,Vehicles,27.0,Other
Indonesia,Historical,EV sales,Cars,PHEV,2017,Vehicles,27.0,Other
Netherlands,Historical,EV sales,Vans,PHEV,2020,Vehicles,27.0,Other
Norway,Historical,EV sales,Cars,FCEV,2022,Vehicles,27.0,Other
Poland,Historical,EV stock,Vans,BEV,2016,Vehicles,27.0,Other
Portugal,Historical,EV sales,Buses,BEV,2018,Vehicles,27.0,Other
Spain,Historical,EV sales,Buses,BEV,2016,Vehicles,27.0,Other
Spain,Historical,EV stock,Cars,FCEV,2023,Vehicles,27.0,Other
Switzerland,Historical,EV sales,Cars,FCEV,2023,Vehicles,27.0,Other
Thailand,Historical,EV sales,Cars,BEV,2017,Vehicles,27.0,Other
United Kingdom,Historical,EV stock,2 and 3 wheelers,PHEV,2015,Vehicles,27.0,Other
World,Historical,EV stock,2 and 3 wheelers,PHEV,2015,Vehicles,27.0,_World
Belgium,Historical,EV sales,Vans,PHEV,2020,Vehicles,26.0,Other
Belgium,Historical,EV sales,Vans,PHEV,2023,Vehicles,26.0,Other
Denmark,Historical,EV stock,Buses,PHEV,2022,Vehicles,26.0,Other
France,Historical,EV sales,Trucks,BEV,2018,Vehicles,26.0,Other
Indonesia,Historical,EV stock,Cars,PHEV,2020,Vehicles,26.0,Other
Israel,Historical,EV stock,Vans,BEV,2021,Vehicles,26.0,Other
Netherlands,Historical,EV stock,Cars,FCEV,2015,Vehicles,26.0,Other
Netherlands,Historical,EV sales,Trucks,BEV,2016,Vehicles,26.0,Other
Norway,Historical,EV sales,Trucks,BEV,2020,Vehicles,26.0,Other
Switzerland,Historical,EV sales,Cars,FCEV,2016,Vehicles,26.0,Other
United States,Historical,EV stock,Buses,FCEV,2017,Vehicles,26.0,Other
World,Historical,EV sales,Vans,FCEV,2017,Vehicles,26.0,_World
Estonia,Historical,EV sales,Cars,BEV,2017,Vehicles,26.0,Other
Bulgaria,Historical,EV sales,Cars,PHEV,2018,Vehicles,26.0,Other
Seychelles,Historical,EV sales,Cars,BEV,2020,Vehicles,26.0,Other
Belgium,Historical,EV sales,Buses,PHEV,2022,Vehicles,25.0,Other
Colombia,Historical,EV sales,Cars,PHEV,2016,Vehicles,25.0,Other
Finland,Historical,EV sales,Buses,BEV,2020,Vehicles,25.0,Other
Finland,Historical,EV stock,Trucks,BEV,2022,Vehicles,25.0,Other
France,Historical,EV sales,Vans,FCEV,2017,Vehicles,25.0,Other
Iceland,Historical,EV sales,2 and 3 wheelers,BEV,2019,Vehicles,25.0,Other
India,Historical,EV sales,Buses,BEV,2016,Vehicles,25.0,Other
Malaysia,Historical,EV stock,Cars,BEV,2017,Vehicles,25.0,Other
Netherlands,Historical,EV sales,Trucks,PHEV,2023,Vehicles,25.0,Other
New Zealand,Historical,EV stock,Vans,PHEV,2021,Vehicles,25.0,Other
Portugal,Historical,EV sales,2 and 3 wheelers,BEV,2018,Vehicles,25.0,Other
Switzerland,Historical,EV stock,Buses,BEV,2018,Vehicles,25.0,Other
Switzerland,Historical,EV sales,Cars,FCEV,2019,Vehicles,25.0,Other
United Kingdom,Historical,EV sales,Cars,FCEV,2023,Vehicles,25.0,Other
Australia,Historical,EV sales,Cars,FCEV,2024,Vehicles,24.0,Other
Austria,Historical,EV stock,Cars,FCEV,2018,Vehicles,24.0,Other
Denmark,Historical,EV stock,Buses,PHEV,2019,Vehicles,24.0,Other
Denmark,Historical,EV stock,Buses,PHEV,2021,Vehicles,24.0,Other
Denmark,Historical,EV sales,Vans,PHEV,2017,Vehicles,24.0,Other
Germany,Historical,EV stock,Buses,FCEV,2019,Vehicles,24.0,Other
Indonesia,Historical,EV sales,2 and 3 wheelers,BEV,2016,Vehicles,24.0,Other
Israel,Historical,EV sales,Buses,BEV,2020,Vehicles,24.0,Other
Malaysia,Historical,EV stock,Cars,PHEV,2015,Vehicles,24.0,Other
Portugal,Historical,EV sales,Buses,BEV,2020,Vehicles,24.0,Other
United States,Historical,EV stock,Buses,FCEV,2015,Vehicles,24.0,Other
United Kingdom,Historical,EV sales,Buses,BEV,2015,Vehicles,24.0,Other
Romania,Historical,EV sales,Cars,BEV,2015,Vehicles,24.0,Other
Canada,Historical,EV stock,Buses,FCEV,2024,Vehicles,23.0,Other
Chile,Historical,EV sales,Cars,PHEV,2015,Vehicles,23.0,Other
Denmark,Historical,EV stock,Buses,PHEV,2020,Vehicles,23.0,Other
France,Historical,EV stock,Buses,FCEV,2023,Vehicles,23.0,Other
India,Historical,EV sales,Cars,PHEV,2022,Vehicles,23.0,Other
Indonesia,Historical,EV sales,Cars,PHEV,2020,Vehicles,23.0,Other
Israel,Historical,EV sales,Buses,BEV,2018,Vehicles,23.0,Other
Portugal,Historical,EV stock,Buses,BEV,2017,Vehicles,23.0,Other
Spain,Historical,EV stock,Cars,FCEV,2022,Vehicles,23.0,Other
Spain,Historical,EV sales,Trucks,BEV,2021,Vehicles,23.0,Other
Thailand,Historical,EV sales,Cars,PHEV,2015,Vehicles,23.0,Other
Cyprus,Historical,EV sales,Cars,BEV,2019,Vehicles,23.0,Other
Belgium,Historical,EV sales,Buses,PHEV,2021,Vehicles,22.0,Other
Chile,Historical,EV sales,Cars,BEV,2016,Vehicles,22.0,Other
Costa Rica,Historical,EV sales,Cars,BEV,2016,Vehicles,22.0,Other
Costa Rica,Historical,EV stock,Cars,BEV,2016,Vehicles,22.0,Other
Costa Rica,Historical,EV sales,Cars,PHEV,2024,Vehicles,22.0,Other
Finland,Historical,EV stock,Buses,BEV,2017,Vehicles,22.0,Other
Finland,Historical,EV stock,Buses,PHEV,2017,Vehicles,22.0,Other
France,Historical,EV sales,Buses,FCEV,2023,Vehicles,22.0,Other
France,Historical,EV sales,Trucks,BEV,2019,Vehicles,22.0,Other
Greece,Historical,EV sales,Cars,PHEV,2015,Vehicles,22.0,Other
Greece,Historical,EV stock,Cars,PHEV,2015,Vehicles,22.0,Other
Netherlands,Historical,EV stock,Vans,FCEV,2023,Vehicles,22.0,Other
New Zealand,Historical,EV sales,Vans,PHEV,2021,Vehicles,22.0,Other
Russia,Historical,EV sales,Cars,PHEV,2016,Vehicles,22.0,Other
South Africa,Historical,EV sales,Vans,BEV,2023,Vehicles,22.0,Other
South Korea,Historical,EV stock,Buses,BEV,2015,Vehicles,22.0,Other
Sweden,Historical,EV stock,Buses,PHEV,2016,Vehicles,22.0,Other
Sweden,Historical,EV stock,Buses,PHEV,2023,Vehicles,22.0,Other
Sweden,Historical,EV stock,Buses,PHEV,2024,Vehicles,22.0,Other
Switzerland,Historical,EV sales,Buses,BEV,2020,Vehicles,22.0,Other
Switzerland,Historical,EV sales,Cars,FCEV,2018,Vehicles,22.0,Other
Turkey,Historical,EV stock,Buses,BEV,2024,Vehicles,22.0,Other
United States,Historical,EV sales,Buses,FCEV,2020,Vehicles,22.0,Other
World,Historical,EV sales,Trucks,PHEV,2024,Vehicles,22.0,_World
Latvia,Historical,EV sales,Cars,BEV,2016,Vehicles,22.0,Other
Latvia,Historical,EV sales,Cars,BEV,2017,Vehicles,22.0,Other
Belgium,Historical,EV stock,Buses,BEV,2018,Vehicles,21.0,Other
Belgium,Historical,EV sales,Cars,FCEV,2021,Vehicles,21.0,Other
Finland,Historical,EV stock,Buses,BEV,2018,Vehicles,21.0,Other
Finland,Historical,EV stock,Buses,PHEV,2018,Vehicles,21.0,Other
Finland,Historical,EV sales,Vans,PHEV,2024,Vehicles,21.0,Other
France,Historical,EV sales,Cars,FCEV,2021,Vehicles,21.0,Other
Germany,Historical,EV sales,Buses,FCEV,2022,Vehicles,21.0,Other
Portugal,Historical,EV sales,2 and 3 wheelers,BEV,2020,Vehicles,21.0,Other
Sweden,Historical,EV stock,Cars,FCEV,2017,Vehicles,21.0,Other
Sweden,Historical,EV stock,Cars,FCEV,2018,Vehicles,21.0,Other
United States,Historical,EV stock,Buses,FCEV,2016,Vehicles,21.0,Other
Bulgaria,Historical,EV sales,Cars,BEV,2015,Vehicles,21.0,Other
Belgium,Historical,EV sales,Cars,FCEV,2022,Vehicles,20.0,Other
Belgium,Historical,EV stock,Cars,FCEV,2016,Vehicles,20.0,Other
Canada,Historical,EV sales,Cars,FCEV,2024,Vehicles,20.0,Other
Costa Rica,Historical,EV sales,Cars,PHEV,2017,Vehicles,20.0,Other
France,Historical,EV sales,Buses,FCEV,2024,Vehicles,20.0,Other
France,Historical,EV sales,Vans,FCEV,2021,Vehicles,20.0,Other
France,Historical,EV stock,Trucks,PHEV,2018,Vehicles,20.0,Other
India,Historical,EV sales,Buses,BEV,2017,Vehicles,20.0,Other
Indonesia,Historical,EV stock,Cars,PHEV,2019,Vehicles,20.0,Other
Israel,Historical,EV stock,Vans,PHEV,2023,Vehicles,20.0,Other
Israel,Historical,EV stock,Vans,PHEV,2024,Vehicles,20.0,Other
Netherlands,Historical,EV sales,Trucks,PHEV,2024,Vehicles,20.0,Other
New Zealand,Historical,EV stock,Cars,FCEV,2023,Vehicles,20.0,Other
Norway,Historical,EV sales,Cars,FCEV,2016,Vehicles,20.0,Other
Russia,Historical,EV stock,Vans,BEV,2021,Vehicles,20.0,Other
Russia,Historical,EV stock,Vans,BEV,2022,Vehicles,20.0,Other
Russia,Historical,EV stock,Vans,BEV,2023,Vehicles,20.0,Other
Russia,Historical,EV stock,Vans,BEV,2024,Vehicles,20.0,Other
South Africa,Historical,EV sales,Buses,BEV,2024,Vehicles,20.0,Other
Sweden,Historical,EV stock,Buses,BEV,2015,Vehicles,20.0,Other
Switzerland,Historical,EV stock,Buses,FCEV,2018,Vehicles,20.0,Other
Switzerland,Historical,EV stock,Buses,FCEV,2019,Vehicles,20.0,Other
Switzerland,Historical,EV stock,Buses,FCEV,2020,Vehicles,20.0,Other
Switzerland,Historical,EV stock,Buses,FCEV,2021,Vehicles,20.0,Other
Switzerland,Historical,EV stock,Buses,FCEV,2022,Vehicles,20.0,Other
Switzerland,Historical,EV sales,Trucks,FCEV,2020,Vehicles,20.0,Other
Turkey,Historical,EV sales,Buses,BEV,2019,Vehicles,20.0,Other
Turkey,Historical,EV stock,Buses,BEV,2023,Vehicles,20.0,Other
United Kingdom,Historical,EV sales,Buses,FCEV,2016,Vehicles,20.0,Other
United Kingdom,Historical,EV sales,Trucks,BEV,2019,Vehicles,20.0,Other
Estonia,Historical,EV sales,Cars,PHEV,2017,Vehicles,20.0,Other
Austria,Historical,EV sales,Cars,FCEV,2019,Vehicles,19.0,Other
Austria,Historical,EV stock,Cars,FCEV,2017,Vehicles,19.0,Other
Canada,Historical,EV sales,Buses,BEV,2018,Vehicles,19.0,Other
Canada,Historical,EV stock,Buses,BEV,2018,Vehicles,19.0,Other
Canada,Historical,EV sales,Cars,FCEV,2022,Vehicles,19.0,Other
China,Historical,EV sales,Cars,FCEV,2021,Vehicles,19.0,Other
China,Historical,EV stock,Cars,FCEV,2021,Vehicles,19.0,Other
Finland,Historical,EV sales,Trucks,BEV,2022,Vehicles,19.0,Other
France,Historical,EV sales,Trucks,BEV,2020,Vehicles,19.0,Other
Greece,Historical,EV sales,2 and 3 wheelers,BEV,2015,Vehicles,19.0,Other
Malaysia,Historical,EV stock,Buses,BEV,2023,Vehicles,19.0,Other
Malaysia,Historical,EV stock,Buses,BEV,2024,Vehicles,19.0,Other
Netherlands,Historical,EV sales,Cars,FCEV,2015,Vehicles,19.0,Other
New Zealand,Historical,EV sales,Cars,FCEV,2024,Vehicles,19.0,Other
Russia,Historical,EV sales,2 and 3 wheelers,BEV,2017,Vehicles,19.0,Other
Russia,Historical,EV stock,Vans,BEV,2020,Vehicles,19.0,Other
Spain,Historical,EV stock,Buses,FCEV,2023,Vehicles,19.0,Other
Spain,Historical,EV stock,Cars,FCEV,2021,Vehicles,19.0,Other
Switzerland,Historical,EV stock,Buses,FCEV,2023,Vehicles,19.0,Other
Switzerland,Historical,EV stock,Buses,FCEV,2024,Vehicles,19.0,Other
Vietnam,Historical,EV sales,Cars,PHEV,2022,Vehicles,19.0,Other
Vietnam,Historical,EV stock,Cars,PHEV,2022,Vehicles,19.0,Other
Brazil,Historical,EV sales,Vans,BEV,2017,Vehicles,18.0,Other
Canada,Historical,EV sales,2 and 3 wheelers,BEV,2015,Vehicles,18.0,Other
Canada,Historical,EV sales,Vans,FCEV,2022,Vehicles,18.0,Other
Canada,Historical,EV sales,Trucks,FCEV,2022,Vehicles,18.0,Other
Israel,Historical,EV sales,Vans,PHEV,2022,Vehicles,18.0,Other
Norway,Historical,EV sales,Buses,BEV,2017,Vehicles,18.0,Other
Norway,Historical,EV stock,Trucks,BEV,2020,Vehicles,18.0,Other
Poland,Historical,EV stock,Vans,BEV,2015,Vehicles,18.0,Other
Portugal,Historical,EV sales,2 and 3 wheelers,BEV,2015,Vehicles,18.0,Other
South Korea,Historical,EV sales,Vans,BEV,2015,Vehicles,18.0,Other
South Korea,Historical,EV stock,Vans,BEV,2015,Vehicles,18.0,Other
Switzerland,Historical,EV sales,Buses,BEV,2018,Vehicles,18.0,Other
United Kingdom,Historical,EV sales,2 and 3 wheelers,PHEV,2015,Vehicles,18.0,Other
United Kingdom,Historical,EV sales,Buses,FCEV,2020,Vehicles,18.0,Other
United Kingdom,Historical,EV sales,Buses,PHEV,2017,Vehicles,18.0,Other
World,Historical,EV sales,2 and 3 wheelers,PHEV,2015,Vehicles,18.0,_World
Latvia,Historical,EV sales,Cars,PHEV,2016,Vehicles,18.0,Other
Latvia,Historical,EV sales,Cars,PHEV,2017,Vehicles,18.0,Other
China,Historical,EV stock,Vans,PHEV,2015,Vehicles,17.0,Other
China,Historical,EV stock,Vans,PHEV,2016,Vehicles,17.0,Other
China,Historical,EV stock,Vans,PHEV,2017,Vehicles,17.0,Other
China,Historical,EV stock,Vans,PHEV,2018,Vehicles,17.0,Other
Denmark,Historical,EV sales,Buses,PHEV,2019,Vehicles,17.0,Other
Denmark,Historical,EV stock,Buses,PHEV,2023,Vehicles,17.0,Other
Denmark,Historical,EV stock,Buses,PHEV,2024,Vehicles,17.0,Other
France,Historical,EV sales,Buses,BEV,2017,Vehicles,17.0,Other
France,Historical,EV sales,Trucks,BEV,2017,Vehicles,17.0,Other
Iceland,Historical,EV stock,Cars,FCEV,2018,Vehicles,17.0,Other
Italy,Historical,EV sales,Cars,FCEV,2019,Vehicles,17.0,Other
Malaysia,Historical,EV stock,Buses,BEV,2015,Vehicles,17.0,Other
Netherlands,Historical,EV stock,Trucks,FCEV,2021,Vehicles,17.0,Other
New Zealand,Historical,EV sales,Buses,BEV,2020,Vehicles,17.0,Other
Russia,Historical,EV stock,Vans,BEV,2019,Vehicles,17.0,Other
Sweden,Historical,EV sales,Buses,PHEV,2016,Vehicles,17.0,Other
Sweden,Historical,EV sales,Trucks,BEV,2020,Vehicles,17.0,Other
Latvia,Historical,EV sales,Cars,BEV,2015,Vehicles,17.0,Other
Estonia,Historical,EV sales,Cars,PHEV,2019,Vehicles,17.0,Other
Latvia,Historical,EV sales,Cars,PHEV,2018,Vehicles,17.0,Other
Canada,Historical,EV stock,Vans,FCEV,2020,Vehicles,16.0,Other
Canada,Historical,EV sales,Cars,FCEV,2020,Vehicles,16.0,Other
Canada,Historical,EV stock,Trucks,BEV,2021,Vehicles,16.0,Other
Costa Rica,Historical,EV sales,Cars,PHEV,2020,Vehicles,16.0,Other
Germany,Historical,EV sales,Buses,FCEV,2016,Vehicles,16.0,Other
Germany,Historical,EV stock,Vans,FCEV,2020,Vehicles,16.0,Other
Germany,Historical,EV stock,Vans,FCEV,2021,Vehicles,16.0,Other
Germany,Historical,EV stock,Vans,FCEV,2022,Vehicles,16.0,Other
Iceland,Historical,EV sales,Cars,FCEV,2018,Vehicles,16.0,Other
Israel,Historical,EV sales,Buses,BEV,2019,Vehicles,16.0,Other
Netherlands,Historical,EV sales,Vans,FCEV,2024,Vehicles,16.0,Other
Netherlands,Historical,EV stock,Vans,FCEV,2022,Vehicles,16.0,Other
New Zealand,Historical,EV stock,Cars,FCEV,2022,Vehicles,16.0,Other
Norway,Historical,EV sales,Cars,FCEV,2020,Vehicles,16.0,Other
Poland,Historical,EV sales,Vans,BEV,2016,Vehicles,16.0,Other
Portugal,Historical,EV stock,Buses,PHEV,2023,Vehicles,16.0,Other
Portugal,Historical,EV stock,Buses,PHEV,2024,Vehicles,16.0,Other
Spain,Historical,EV sales,Buses,PHEV,2021,Vehicles,16.0,Other
Sweden,Historical,EV stock,Vans,PHEV,2018,Vehicles,16.0,Other
Sweden,Historical,EV sales,Cars,FCEV,2021,Vehicles,16.0,Other
United Kingdom,Historical,EV sales,Trucks,BEV,2020,Vehicles,16.0,Other
Australia,Historical,EV sales,Cars,FCEV,2022,Vehicles,15.0,Other
Brazil,Historical,EV stock,Vans,BEV,2019,Vehicles,15.0,Other
Canada,Historical,EV sales,Trucks,FCEV,2023,Vehicles,15.0,Other
Chile,Historical,EV sales,Cars,PHEV,2017,Vehicles,15.0,Other
Denmark,Historical,EV stock,2 and 3 wheelers,FCEV,2017,Vehicles,15.0,Other
Denmark,Historical,EV sales,Cars,FCEV,2017,Vehicles,15.0,Other
Germany,Historical,EV sales,Buses,PHEV,2022,Vehicles,15.0,Other
Malaysia,Historical,EV sales,Buses,BEV,2016,Vehicles,15.0,Other
Netherlands,Historical,EV sales,Trucks,BEV,2017,Vehicles,15.0,Other
New Zealand,Historical,EV sales,2 and 3 wheelers,BEV,2016,Vehicles,15.0,Other
New Zealand,Historical,EV sales,Vans,PHEV,2023,Vehicles,15.0,Other
Poland,Historical,EV sales,Buses,FCEV,2024,Vehicles,15.0,Other
South Korea,Historical,EV stock,Buses,FCEV,2019,Vehicles,15.0,Other
South Korea,Historical,EV sales,Vans,FCEV,2019,Vehicles,15.0,Other
United States,Historical,EV sales,Buses,FCEV,2021,Vehicles,15.0,Other
United States,Historical,EV sales,Vans,BEV,2021,Vehicles,15.0,Other
United Kingdom,Historical,EV sales,Buses,FCEV,2021,Vehicles,15.0,Other
World,Historical,EV stock,2 and 3 wheelers,FCEV,2017,Vehicles,15.0,_World
World,Historical,EV sales,Vans,FCEV,2019,Vehicles,15.0,_World
Hungary,Historical,EV sales,Cars,PHEV,2015,Vehicles,15.0,Other
Austria,Historical,EV sales,Cars,FCEV,2020,Vehicles,14.0,Other
Austria,Historical,EV sales,Cars,FCEV,2021,Vehicles,14.0,Other
Austria,Historical,EV sales,Cars,FCEV,2022,Vehicles,14.0,Other
Belgium,Historical,EV sales,Buses,BEV,2018,Vehicles,14.0,Other
Brazil,Historical,EV sales,Vans,BEV,2019,Vehicles,14.0,Other
Costa Rica,Historical,EV sales,Cars,BEV,2017,Vehicles,14.0,Other
Denmark,Historical,EV stock,2 and 3 wheelers,FCEV,2018,Vehicles,14.0,Other
Denmark,Historical,EV stock,2 and 3 wheelers,FCEV,2020,Vehicles,14.0,Other
Denmark,Historical,EV sales,Cars,FCEV,2016,Vehicles,14.0,Other
Finland,Historical,EV sales,Vans,PHEV,2023,Vehicles,14.0,Other
Italy,Historical,EV sales,Buses,FCEV,2023,Vehicles,14.0,Other
Italy,Historical,EV stock,Buses,FCEV,2023,Vehicles,14.0,Other
Netherlands,Historical,EV sales,Buses,FCEV,2023,Vehicles,14.0,Other
Netherlands,Historical,EV sales,Trucks,FCEV,2022,Vehicles,14.0,Other
Poland,Historical,EV stock,Buses,PHEV,2015,Vehicles,14.0,Other
Poland,Historical,EV stock,Cars,FCEV,2017,Vehicles,14.0,Other
Portugal,Historical,EV stock,Vans,PHEV,2024,Vehicles,14.0,Other
South Africa,Historical,EV stock,Buses,BEV,2023,Vehicles,14.0,Other
South Korea,Historical,EV sales,Vans,BEV,2016,Vehicles,14.0,Other
Sweden,Historical,EV sales,Cars,FCEV,2017,Vehicles,14.0,Other
Thailand,Historical,EV sales,Cars,BEV,2015,Vehicles,14.0,Other
United Kingdom,Historical,EV sales,Trucks,FCEV,2024,Vehicles,14.0,Other
United Kingdom,Historical,EV stock,Trucks,FCEV,2024,Vehicles,14.0,Other
World,Historical,EV stock,2 and 3 wheelers,FCEV,2018,Vehicles,14.0,_World
World,Historical,EV stock,2 and 3 wheelers,FCEV,2020,Vehicles,14.0,_World
World,Historical,EV stock,2 and 3 wheelers,FCEV,2021,Vehicles,14.0,_World
World,Historical,EV stock,2 and 3 wheelers,FCEV,2022,Vehicles,14.0,_World
Austria,Historical,EV stock,Cars,FCEV,2016,Vehicles,13.0,Other
Belgium,Historical,EV stock,Vans,PHEV,2019,Vehicles,13.0,Other
Belgium,Historical,EV sales,Cars,FCEV,2018,Vehicles,13.0,Other
Canada,Historical,EV sales,Buses,FCEV,2024,Vehicles,13.0,Other
Canada,Historical,EV sales,Cars,FCEV,2023,Vehicles,13.0,Other
Chile,Historical,EV sales,Cars,BEV,2015,Vehicles,13.0,Other
Denmark,Historical,EV stock,Trucks,BEV,2019,Vehicles,13.0,Other
Finland,Historical,EV stock,Buses,BEV,2016,Vehicles,13.0,Other
Finland,Historical,EV stock,Buses,PHEV,2016,Vehicles,13.0,Other
Italy,Historical,EV stock,Buses,FCEV,2016,Vehicles,13.0,Other
Italy,Historical,EV stock,Buses,FCEV,2017,Vehicles,13.0,Other
Italy,Historical,EV stock,Buses,FCEV,2018,Vehicles,13.0,Other
Italy,Historical,EV stock,Buses,FCEV,2019,Vehicles,13.0,Other
Italy,Historical,EV stock,Buses,FCEV,2020,Vehicles,13.0,Other
Italy,Historical,EV stock,Buses,FCEV,2021,Vehicles,13.0,Other
Italy,Historical,EV stock,Buses,FCEV,2022,Vehicles,13.0,Other
Netherlands,Historical,EV stock,Buses,PHEV,2016,Vehicles,13.0,Other
Netherlands,Historical,EV stock,Buses,PHEV,2017,Vehicles,13.0,Other
Netherlands,Historical,EV stock,Buses,PHEV,2018,Vehicles,13.0,Other
Netherlands,Historical,EV stock,Vans,FCEV,2020,Vehicles,13.0,Other
Netherlands,Historical,EV stock,Vans,FCEV,2021,Vehicles,13.0,Other
Netherlands,Historical,EV sales,Cars,FCEV,2018,Vehicles,13.0,Other
Netherlands,Historical,EV sales,Trucks,PHEV,2015,Vehicles,13.0,Other
New Zealand,Historical,EV sales,Buses,BEV,2019,Vehicles,13.0,Other
Norway,Historical,EV sales,Buses,BEV,2016,Vehicles,13.0,Other
Norway,Historical,EV stock,Buses,BEV,2016,Vehicles,13.0,Other
Norway,Historical,EV stock,Cars,FCEV,2015,Vehicles,13.0,Other
Poland,Historical,EV sales,Vans,BEV,2015,Vehicles,13.0,Other
Spain,Historical,EV sales,Buses,FCEV,2023,Vehicles,13.0,Other
Spain,Historical,EV sales,Trucks,BEV,2016,Vehicles,13.0,Other
Spain,Historical,EV stock,Trucks,BEV,2020,Vehicles,13.0,Other
World,Historical,EV stock,2 and 3 wheelers,FCEV,2023,Vehicles,13.0,_World
World,Historical,EV sales,Trucks,PHEV,2015,Vehicles,13.0,_World
Belgium,Historical,EV sales,Buses,BEV,2020,Vehicles,12.0,Other
Belgium,Historical,EV sales,Cars,FCEV,2019,Vehicles,12.0,Other
Costa Rica,Historical,EV sales,Cars,PHEV,2015,Vehicles,12.0,Other
Costa Rica,Historical,EV stock,Cars,PHEV,2015,Vehicles,12.0,Other
Denmark,Historical,EV stock,2 and 3 wheelers,FCEV,2019,Vehicles,12.0,Other
Denmark,Historical,EV stock,2 and 3 wheelers,FCEV,2021,Vehicles,12.0,Other
Denmark,Historical,EV stock,2 and 3 wheelers,FCEV,2022,Vehicles,12.0,Other
Italy,Historical,EV stock,Cars,FCEV,2018,Vehicles,12.0,Other
Netherlands,Historical,EV sales,Buses,BEV,2015,Vehicles,12.0,Other
Netherlands,Historical,EV stock,Buses,PHEV,2015,Vehicles,12.0,Other
Norway,Historical,EV sales,Buses,BEV,2018,Vehicles,12.0,Other
Portugal,Historical,EV stock,Buses,PHEV,2021,Vehicles,12.0,Other
Portugal,Historical,EV stock,Buses,PHEV,2022,Vehicles,12.0,Other
South Africa,Historical,EV sales,2 and 3 wheelers,BEV,2018,Vehicles,12.0,Other
South Korea,Historical,EV stock,Cars,FCEV,2015,Vehicles,12.0,Other
Sweden,Historical,EV sales,Buses,BEV,2017,Vehicles,12.0,Other
Switzerland,Historical,EV sales,Cars,FCEV,2024,Vehicles,12.0,Other
United Kingdom,Historical,EV sales,Cars,FCEV,2021,Vehicles,12.0,Other
United Kingdom,Historical,EV sales,Trucks,BEV,2018,Vehicles,12.0,Other
World,Historical,EV stock,2 and 3 wheelers,FCEV,2019,Vehicles,12.0,_World
Latvia,Historical,EV sales,Cars,PHEV,2019,Vehicles,12.0,Other
Seychelles,Historical,EV sales,Cars,BEV,2016,Vehicles,12.0,Other
Belgium,Historical,EV sales,Buses,PHEV,2019,Vehicles,11.0,Other
Belgium,Historical,EV sales,Cars,FCEV,2017,Vehicles,11.0,Other
Canada,Historical,EV sales,Buses,BEV,2017,Vehicles,11.0,Other
Canada,Historical,EV stock,Trucks,FCEV,2024,Vehicles,11.0,Other
Denmark,Historical,EV stock,2 and 3 wheelers,FCEV,2023,Vehicles,11.0,Other
Denmark,Historical,EV stock,Trucks,BEV,2015,Vehicles,11.0,Other
Italy,Historical,EV stock,Buses,FCEV,2015,Vehicles,11.0,Other
Italy,Historical,EV sales,Cars,FCEV,2022,Vehicles,11.0,Other
Italy,Historical,EV stock,Cars,FCEV,2015,Vehicles,11.0,Other
Italy,Historical,EV stock,Cars,FCEV,2016,Vehicles,11.0,Other
Italy,Historical,EV stock,Cars,FCEV,2017,Vehicles,11.0,Other
Malaysia,Historical,EV stock,Cars,BEV,2018,Vehicles,11.0,Other
Netherlands,Historical,EV sales,Trucks,FCEV,2024,Vehicles,11.0,Other
New Zealand,Historical,EV sales,Buses,BEV,2018,Vehicles,11.0,Other
Norway,Historical,EV sales,Vans,PHEV,2020,Vehicles,11.0,Other
South Africa,Historical,EV sales,Buses,BEV,2018,Vehicles,11.0,Other
South Africa,Historical,EV stock,Buses,BEV,2018,Vehicles,11.0,Other
South Africa,Historical,EV stock,Buses,BEV,2019,Vehicles,11.0,Other
South Africa,Historical,EV stock,Buses,BEV,2020,Vehicles,11.0,Other
South Africa,Historical,EV stock,Buses,BEV,2021,Vehicles,11.0,Other
Sweden,Historical,EV stock,Trucks,BEV,2019,Vehicles,11.0,Other
Thailand,Historical,EV sales,2 and 3 wheelers,BEV,2015,Vehicles,11.0,Other
United Kingdom,Historical,EV sales,2 and 3 wheelers,PHEV,2016,Vehicles,11.0,Other
United Kingdom,Historical,EV sales,Cars,FCEV,2015,Vehicles,11.0,Other
World,Historical,EV sales,2 and 3 wheelers,PHEV,2016,Vehicles,11.0,_World
Austria,Historical,EV sales,Cars,FCEV,2023,Vehicles,10.0,Other
Belgium,Historical,EV stock,Buses,BEV,2017,Vehicles,10.0,Other
Canada,Historical,EV sales,Buses,FCEV,2022,Vehicles,10.0,Other
Canada,Historical,EV stock,Buses,FCEV,2023,Vehicles,10.0,Other
Canada,Historical,EV sales,Vans,FCEV,2023,Vehicles,10.0,Other
France,Historical,EV sales,Vans,PHEV,2015,Vehicles,10.0,Other
France,Historical,EV sales,Cars,FCEV,2015,Vehicles,10.0,Other
France,Historical,EV sales,Cars,FCEV,2018,Vehicles,10.0,Other
France,Historical,EV stock,Cars,FCEV,2015,Vehicles,10.0,Other
France,Historical,EV stock,Trucks,FCEV,2024,Vehicles,10.0,Other
France,Historical,EV sales,Trucks,PHEV,2021,Vehicles,10.0,Other
France,Historical,EV stock,Trucks,PHEV,2017,Vehicles,10.0,Other
France,Historical,EV stock,Trucks,PHEV,2019,Vehicles,10.0,Other
France,Historical,EV stock,Trucks,PHEV,2020,Vehicles,10.0,Other
France,Historical,EV stock,Trucks,PHEV,2023,Vehicles,10.0,Other
France,Historical,EV stock,Trucks,PHEV,2024,Vehicles,10.0,Other
Italy,Historical,EV sales,Cars,FCEV,2021,Vehicles,10.0,Other
Japan,Historical,EV sales,Trucks,BEV,2022,Vehicles,10.0,Other
Netherlands,Historical,EV sales,Vans,PHEV,2023,Vehicles,10.0,Other
Netherlands,Historical,EV stock,Vans,PHEV,2018,Vehicles,10.0,Other
Netherlands,Historical,EV stock,Vans,PHEV,2019,Vehicles,10.0,Other
New Zealand,Historical,EV sales,Cars,FCEV,2022,Vehicles,10.0,Other
Norway,Historical,EV stock,Buses,FCEV,2022,Vehicles,10.0,Other
Norway,Historical,EV stock,Vans,PHEV,2017,Vehicles,10.0,Other
Norway,Historical,EV stock,Vans,PHEV,2018,Vehicles,10.0,Other
Norway,Historical,EV stock,Vans,PHEV,2019,Vehicles,10.0,Other
Portugal,Historical,EV sales,Buses,PHEV,2019,Vehicles,10.0,Other
Portugal,Historical,EV stock,Buses,PHEV,2019,Vehicles,10.0,Other
Portugal,Historical,EV stock,Buses,PHEV,2020,Vehicles,10.0,Other
Russia,Historical,EV stock,Vans,BEV,2018,Vehicles,10.0,Other
Spain,Historical,EV sales,Cars,FCEV,2021,Vehicles,10.0,Other
Sweden,Historical,EV stock,Buses,FCEV,2023,Vehicles,10.0,Other
Sweden,Historical,EV stock,Buses,FCEV,2024,Vehicles,10.0,Other
Switzerland,Historical,EV sales,Buses,BEV,2019,Vehicles,10.0,Other
Switzerland,Historical,EV sales,Buses,FCEV,2018,Vehicles,10.0,Other
Switzerland,Historical,EV stock,Buses,FCEV,2017,Vehicles,10.0,Other
Switzerland,Historical,EV stock,Vans,FCEV,2022,Vehicles,10.0,Other
Switzerland,Historical,EV sales,Cars,FCEV,2015,Vehicles,10.0,Other
Switzerland,Historical,EV stock,Cars,FCEV,2015,Vehicles,10.0,Other
Turkey,Historical,EV stock,Buses,BEV,2022,Vehicles,10.0,Other
United Kingdom,Historical,EV sales,Buses,FCEV,2018,Vehicles,10.0,Other
United Kingdom,Historical,EV stock,Buses,FCEV,2018,Vehicles,10.0,Other
United Kingdom,Historical,EV sales,Cars,FCEV,2016,Vehicles,10.0,Other
Belgium,Historical,EV sales,Cars,FCEV,2023,Vehicles,9.0,Other
Canada,Historical,EV sales,Vans,FCEV,2015,Vehicles,9.0,Other
Canada,Historical,EV stock,Vans,FCEV,2015,Vehicles,9.0,Other
Canada,Historical,EV stock,Vans,FCEV,2016,Vehicles,9.0,Other
Canada,Historical,EV stock,Vans,FCEV,2017,Vehicles,9.0,Other
Canada,Historical,EV stock,Vans,FCEV,2018,Vehicles,9.0,Other
Canada,Historical,EV stock,Vans,FCEV,2019,Vehicles,9.0,Other
Canada,Historical,EV sales,Trucks,BEV,2015,Vehicles,9.0,Other
Chile,Historical,EV sales,Cars,PHEV,2016,Vehicles,9.0,Other
Finland,Historical,EV stock,Trucks,BEV,2021,Vehicles,9.0,Other
Netherlands,Historical,EV sales,Buses,FCEV,2024,Vehicles,9.0,Other
Netherlands,Historical,EV sales,Vans,FCEV,2020,Vehicles,9.0,Other
Netherlands,Historical,EV stock,Trucks,FCEV,2020,Vehicles,9.0,Other
Norway,Historical,EV sales,Cars,FCEV,2015,Vehicles,9.0,Other
Norway,Historical,EV sales,Cars,FCEV,2024,Vehicles,9.0,Other
Portugal,Historical,EV stock,Vans,PHEV,2022,Vehicles,9.0,Other
Portugal,Historical,EV stock,Vans,PHEV,2023,Vehicles,9.0,Other
Spain,Historical,EV stock,Cars,FCEV,2020,Vehicles,9.0,Other
Sweden,Historical,EV sales,Buses,BEV,2015,Vehicles,9.0,Other
Sweden,Historical,EV sales,Vans,PHEV,2018,Vehicles,9.0,Other
Switzerland,Historical,EV sales,Vans,PHEV,2020,Vehicles,9.0,Other
Switzerland,Historical,EV stock,Vans,PHEV,2020,Vehicles,9.0,Other
Latvia,Historical,EV sales,Cars,PHEV,2015,Vehicles,9.0,Other
Belgium,Historical,EV stock,Cars,FCEV,2015,Vehicles,8.0,Other
Denmark,Historical,EV stock,Buses,BEV,2018,Vehicles,8.0,Other
Denmark,Historical,EV sales,Cars,FCEV,2019,Vehicles,8.0,Other
Denmark,Historical,EV stock,Trucks,BEV,2016,Vehicles,8.0,Other
Denmark,Historical,EV stock,Trucks,BEV,2017,Vehicles,8.0,Other
Denmark,Historical,EV stock,Trucks,BEV,2018,Vehicles,8.0,Other
Germany,Historical,EV sales,Buses,FCEV,2017,Vehicles,8.0,Other
Iceland,Historical,EV sales,2 and 3 wheelers,BEV,2017,Vehicles,8.0,Other
Indonesia,Historical,EV sales,2 and 3 wheelers,BEV,2015,Vehicles,8.0,Other
Indonesia,Historical,EV stock,2 and 3 wheelers,BEV,2015,Vehicles,8.0,Other
Netherlands,Historical,EV sales,Trucks,FCEV,2021,Vehicles,8.0,Other
Netherlands,Historical,EV sales,Trucks,PHEV,2022,Vehicles,8.0,Other
Poland,Historical,EV stock,Vans,PHEV,2020,Vehicles,8.0,Other
Portugal,Historical,EV sales,2 and 3 wheelers,BEV,2017,Vehicles,8.0,Other
Russia,Historical,EV sales,2 and 3 wheelers,BEV,2018,Vehicles,8.0,Other
Russia,Historical,EV sales,2 and 3 wheelers,BEV,2021,Vehicles,8.0,Other
Spain,Historical,EV sales,Buses,BEV,2017,Vehicles,8.0,Other
Spain,Historical,EV sales,Buses,PHEV,2018,Vehicles,8.0,Other
Spain,Historical,EV stock,Vans,PHEV,2019,Vehicles,8.0,Other
Spain,Historical,EV stock,Vans,PHEV,2020,Vehicles,8.0,Other
Spain,Historical,EV sales,Trucks,BEV,2020,Vehicles,8.0,Other
Sweden,Historical,EV sales,Buses,FCEV,2023,Vehicles,8.0,Other
Sweden,Historical,EV stock,Trucks,PHEV,2022,Vehicles,8.0,Other
Thailand,Historical,EV sales,2 and 3 wheelers,BEV,2017,Vehicles,8.0,Other
United Kingdom,Historical,EV sales,Trucks,BEV,2016,Vehicles,8.0,Other
Bulgaria,Historical,EV sales,Cars,PHEV,2016,Vehicles,8.0,Other
Austria,Historical,EV sales,Cars,FCEV,2018,Vehicles,7.0,Other
Belgium,Historical,EV stock,Buses,BEV,2015,Vehicles,7.0,Other
Belgium,Historical,EV stock,Buses,BEV,2016,Vehicles,7.0,Other
Belgium,Historical,EV stock,Vans,PHEV,2018,Vehicles,7.0,Other
Belgium,Historical,EV sales,Cars,FCEV,2016,Vehicles,7.0,Other
Canada,Historical,EV sales,Vans,FCEV,2020,Vehicles,7.0,Other
Canada,Historical,EV sales,Trucks,BEV,2018,Vehicles,7.0,Other
Canada,Historical,EV sales,Trucks,FCEV,2020,Vehicles,7.0,Other
Denmark,Historical,EV stock,2 and 3 wheelers,FCEV,2016,Vehicles,7.0,Other
Finland,Historical,EV stock,Trucks,BEV,2020,Vehicles,7.0,Other
Iceland,Historical,EV sales,Cars,FCEV,2019,Vehicles,7.0,Other
India,Historical,EV sales,Cars,PHEV,2019,Vehicles,7.0,Other
India,Historical,EV stock,Cars,PHEV,2019,Vehicles,7.0,Other
Italy,Historical,EV sales,Cars,FCEV,2020,Vehicles,7.0,Other
Mexico,Historical,EV sales,Cars,PHEV,2015,Vehicles,7.0,Other
Mexico,Historical,EV stock,Cars,PHEV,2015,Vehicles,7.0,Other
Netherlands,Historical,EV stock,Buses,FCEV,2019,Vehicles,7.0,Other
Netherlands,Historical,EV sales,Cars,FCEV,2016,Vehicles,7.0,Other
Netherlands,Historical,EV sales,Trucks,FCEV,2023,Vehicles,7.0,Other
Poland,Historical,EV sales,Cars,FCEV,2024,Vehicles,7.0,Other
Portugal,Historical,EV sales,Vans,PHEV,2021,Vehicles,7.0,Other
Portugal,Historical,EV stock,Vans,PHEV,2021,Vehicles,7.0,Other
Russia,Historical,EV sales,2 and 3 wheelers,BEV,2019,Vehicles,7.0,Other
Russia,Historical,EV sales,Vans,BEV,2019,Vehicles,7.0,Other
South Africa,Historical,EV sales,Trucks,BEV,2023,Vehicles,7.0,Other
South Africa,Historical,EV stock,Trucks,BEV,2023,Vehicles,7.0,Other
Spain,Historical,EV sales,Buses,PHEV,2020,Vehicles,7.0,Other
Spain,Historical,EV sales,Cars,FCEV,2020,Vehicles,7.0,Other
Spain,Historical,EV sales,Cars,FCEV,2024,Vehicles,7.0,Other
Spain,Historical,EV sales,Trucks,BEV,2019,Vehicles,7.0,Other
Sweden,Historical,EV stock,2 and 3 wheelers,BEV,2015,Vehicles,7.0,Other
Sweden,Historical,EV sales,Vans,PHEV,2015,Vehicles,7.0,Other
Sweden,Historical,EV stock,Vans,PHEV,2015,Vehicles,7.0,Other
Sweden,Historical,EV stock,Vans,PHEV,2016,Vehicles,7.0,Other
Sweden,Historical,EV stock,Vans,PHEV,2017,Vehicles,7.0,Other
Sweden,Historical,EV stock,Cars,FCEV,2016,Vehicles,7.0,Other
Sweden,Historical,EV sales,Trucks,PHEV,2022,Vehicles,7.0,Other
Sweden,Historical,EV stock,Trucks,PHEV,2023,Vehicles,7.0,Other
Sweden,Historical,EV stock,Trucks,PHEV,2024,Vehicles,7.0,Other
Switzerland,Historical,EV stock,Buses,BEV,2017,Vehicles,7.0,Other
United Kingdom,Historical,EV sales,Cars,FCEV,2022,Vehicles,7.0,Other
World,Historical,EV stock,2 and 3 wheelers,FCEV,2016,Vehicles,7.0,_World
Australia,Historical,EV sales,Cars,FCEV,2023,Vehicles,6.0,Other
Austria,Historical,EV stock,Cars,FCEV,2015,Vehicles,6.0,Other
Belgium,Historical,EV stock,Buses,FCEV,2022,Vehicles,6.0,Other
Brazil,Historical,EV sales,Vans,BEV,2016,Vehicles,6.0,Other
Canada,Historical,EV sales,Trucks,FCEV,2024,Vehicles,6.0,Other
Denmark,Historical,EV stock,Buses,BEV,2016,Vehicles,6.0,Other
Denmark,Historical,EV stock,Buses,BEV,2017,Vehicles,6.0,Other
Denmark,Historical,EV sales,Cars,FCEV,2022,Vehicles,6.0,Other
France,Historical,EV sales,Trucks,BEV,2016,Vehicles,6.0,Other
Iceland,Historical,EV sales,2 and 3 wheelers,BEV,2016,Vehicles,6.0,Other
Japan,Historical,EV sales,Trucks,FCEV,2024,Vehicles,6.0,Other
Japan,Historical,EV stock,Trucks,FCEV,2024,Vehicles,6.0,Other
Netherlands,Historical,EV stock,Buses,FCEV,2017,Vehicles,6.0,Other
Netherlands,Historical,EV stock,Buses,FCEV,2018,Vehicles,6.0,Other
Netherlands,Historical,EV sales,Vans,FCEV,2023,Vehicles,6.0,Other
Netherlands,Historical,EV sales,Trucks,PHEV,2021,Vehicles,6.0,Other
New Zealand,Historical,EV stock,Vans,FCEV,2021,Vehicles,6.0,Other
New Zealand,Historical,EV stock,Vans,FCEV,2022,Vehicles,6.0,Other
New Zealand,Historical,EV stock,Cars,FCEV,2021,Vehicles,6.0,Other
Norway,Historical,EV sales,Cars,FCEV,2023,Vehicles,6.0,Other
Poland,Historical,EV sales,Buses,PHEV,2024,Vehicles,6.0,Other
Poland,Historical,EV stock,Vans,PHEV,2023,Vehicles,6.0,Other
Poland,Historical,EV stock,Vans,PHEV,2024,Vehicles,6.0,Other
Russia,Historical,EV sales,Vans,BEV,2018,Vehicles,6.0,Other
South Africa,Historical,EV sales,Vans,BEV,2022,Vehicles,6.0,Other
South Africa,Historical,EV stock,Vans,BEV,2022,Vehicles,6.0,Other
Spain,Historical,EV sales,Buses,FCEV,2022,Vehicles,6.0,Other
Spain,Historical,EV stock,Buses,FCEV,2022,Vehicles,6.0,Other
Spain,Historical,EV sales,Buses,PHEV,2019,Vehicles,6.0,Other
World,Historical,EV stock,2 and 3 wheelers,FCEV,2024,Vehicles,6.0,_World
World,Historical,EV stock,2 and 3 wheelers,PHEV,2022,Vehicles,6.0,_World
Brazil,Historical,EV sales,Vans,BEV,2018,Vehicles,5.0,Other
Canada,Historical,EV sales,Buses,BEV,2016,Vehicles,5.0,Other
Canada,Historical,EV sales,Vans,PHEV,2015,Vehicles,5.0,Other
Canada,Historical,EV stock,Vans,PHEV,2015,Vehicles,5.0,Other
Canada,Historical,EV stock,Vans,PHEV,2016,Vehicles,5.0,Other
Canada,Historical,EV stock,Vans,PHEV,2017,Vehicles,5.0,Other
Canada,Historical,EV stock,Vans,PHEV,2018,Vehicles,5.0,Other
Canada,Historical,EV stock,Vans,PHEV,2019,Vehicles,5.0,Other
Canada,Historical,EV stock,Cars,FCEV,2015,Vehicles,5.0,Other
Canada,Historical,EV stock,Cars,FCEV,2016,Vehicles,5.0,Other
Canada,Historical,EV stock,Cars,FCEV,2017,Vehicles,5.0,Other
Canada,Historical,EV stock,Cars,FCEV,2018,Vehicles,5.0,Other
Canada,Historical,EV stock,Trucks,FCEV,2023,Vehicles,5.0,Other
Denmark,Historical,EV sales,Cars,FCEV,2018,Vehicles,5.0,Other
Finland,Historical,EV sales,Trucks,BEV,2020,Vehicles,5.0,Other
France,Historical,EV sales,Trucks,FCEV,2023,Vehicles,5.0,Other
France,Historical,EV sales,Trucks,FCEV,2024,Vehicles,5.0,Other
France,Historical,EV stock,Trucks,FCEV,2023,Vehicles,5.0,Other
Germany,Historical,EV stock,2 and 3 wheelers,PHEV,2022,Vehicles,5.0,Other
Germany,Historical,EV stock,2 and 3 wheelers,PHEV,2023,Vehicles,5.0,Other
Germany,Historical,EV stock,2 and 3 wheelers,PHEV,2024,Vehicles,5.0,Other
Germany,Historical,EV sales,Buses,PHEV,2021,Vehicles,5.0,Other
Germany,Historical,EV sales,Buses,PHEV,2023,Vehicles,5.0,Other
Germany,Historical,EV sales,Vans,FCEV,2021,Vehicles,5.0,Other
Indonesia,Historical,EV stock,Trucks,BEV,2021,Vehicles,5.0,Other
Israel,Historical,EV sales,Buses,BEV,2016,Vehicles,5.0,Other
Israel,Historical,EV stock,Buses,BEV,2016,Vehicles,5.0,Other
Israel,Historical,EV sales,Cars,BEV,2016,Vehicles,5.0,Other
Japan,Historical,EV sales,Trucks,BEV,2018,Vehicles,5.0,Other
Japan,Historical,EV stock,Trucks,BEV,2018,Vehicles,5.0,Other
Netherlands,Historical,EV stock,Buses,FCEV,2020,Vehicles,5.0,Other
Netherlands,Historical,EV stock,Vans,FCEV,2016,Vehicles,5.0,Other
Netherlands,Historical,EV stock,Vans,FCEV,2018,Vehicles,5.0,Other
Netherlands,Historical,EV stock,Vans,FCEV,2019,Vehicles,5.0,Other
Netherlands,Historical,EV sales,Cars,FCEV,2017,Vehicles,5.0,Other
Netherlands,Historical,EV stock,Trucks,FCEV,2015,Vehicles,5.0,Other
Netherlands,Historical,EV stock,Trucks,FCEV,2019,Vehicles,5.0,Other
New Zealand,Historical,EV stock,Cars,FCEV,2020,Vehicles,5.0,Other
Norway,Historical,EV stock,Buses,FCEV,2020,Vehicles,5.0,Other
Norway,Historical,EV sales,Buses,PHEV,2021,Vehicles,5.0,Other
Norway,Historical,EV stock,Trucks,PHEV,2022,Vehicles,5.0,Other
Poland,Historical,EV stock,Vans,PHEV,2022,Vehicles,5.0,Other
Portugal,Historical,EV sales,Vans,PHEV,2024,Vehicles,5.0,Other
Russia,Historical,EV sales,Buses,BEV,2023,Vehicles,5.0,Other
Spain,Historical,EV sales,Buses,PHEV,2017,Vehicles,5.0,Other
Spain,Historical,EV sales,Vans,PHEV,2023,Vehicles,5.0,Other
Spain,Historical,EV stock,Trucks,BEV,2019,Vehicles,5.0,Other
Sweden,Historical,EV sales,Buses,PHEV,2015,Vehicles,5.0,Other
Sweden,Historical,EV stock,Buses,PHEV,2015,Vehicles,5.0,Other
Sweden,Historical,EV sales,Vans,PHEV,2023,Vehicles,5.0,Other
Sweden,Historical,EV sales,Cars,FCEV,2020,Vehicles,5.0,Other
Switzerland,Historical,EV sales,Buses,BEV,2016,Vehicles,5.0,Other
Switzerland,Historical,EV stock,Buses,BEV,2016,Vehicles,5.0,Other
Switzerland,Historical,EV sales,Buses,FCEV,2016,Vehicles,5.0,Other
United Kingdom,Historical,EV sales,Buses,FCEV,2017,Vehicles,5.0,Other
United Kingdom,Historical,EV stock,Vans,FCEV,2021,Vehicles,5.0,Other
United Kingdom,Historical,EV stock,Vans,FCEV,2022,Vehicles,5.0,Other
World,Historical,EV stock,Trucks,FCEV,2015,Vehicles,5.0,_World
Bulgaria,Historical,EV sales,Cars,BEV,2016,Vehicles,5.0,Other
Canada,Historical,EV stock,Trucks,BEV,2020,Vehicles,4.8,Other
Austria,Historical,EV sales,Cars,FCEV,2015,Vehicles,4.0,Other
Belgium,Historical,EV stock,Vans,PHEV,2017,Vehicles,4.0,Other
Belgium,Historical,EV sales,Cars,FCEV,2020,Vehicles,4.0,Other
Brazil,Historical,EV stock,Vans,BEV,2018,Vehicles,4.0,Other
Colombia,Historical,EV stock,Cars,PHEV,2015,Vehicles,4.0,Other
Denmark,Historical,EV stock,2 and 3 wheelers,FCEV,2015,Vehicles,4.0,Other
Denmark,Historical,EV stock,2 and 3 wheelers,FCEV,2024,Vehicles,4.0,Other
Denmark,Historical,EV stock,Buses,BEV,2015,Vehicles,4.0,Other
Denmark,Historical,EV stock,Buses,FCEV,2021,Vehicles,4.0,Other
Denmark,Historical,EV stock,Buses,FCEV,2022,Vehicles,4.0,Other
France,Historical,EV stock,Buses,FCEV,2021,Vehicles,4.0,Other
France,Historical,EV sales,Vans,PHEV,2019,Vehicles,4.0,Other
Germany,Historical,EV stock,Vans,PHEV,2015,Vehicles,4.0,Other
Germany,Historical,EV stock,Vans,PHEV,2016,Vehicles,4.0,Other
Germany,Historical,EV stock,Vans,PHEV,2017,Vehicles,4.0,Other
Germany,Historical,EV stock,Vans,PHEV,2018,Vehicles,4.0,Other
Germany,Historical,EV stock,Vans,PHEV,2019,Vehicles,4.0,Other
Germany,Historical,EV sales,Trucks,PHEV,2023,Vehicles,4.0,Other
Germany,Historical,EV stock,Trucks,PHEV,2023,Vehicles,4.0,Other
Germany,Historical,EV stock,Trucks,PHEV,2024,Vehicles,4.0,Other
Iceland,Historical,EV stock,Cars,FCEV,2015,Vehicles,4.0,Other
Netherlands,Historical,EV stock,Vans,FCEV,2015,Vehicles,4.0,Other
Netherlands,Historical,EV sales,Trucks,BEV,2015,Vehicles,4.0,Other
Netherlands,Historical,EV sales,Trucks,PHEV,2017,Vehicles,4.0,Other
Netherlands,Historical,EV sales,Trucks,PHEV,2018,Vehicles,4.0,Other
Netherlands,Historical,EV sales,Trucks,PHEV,2019,Vehicles,4.0,Other
New Zealand,Historical,EV sales,Cars,FCEV,2023,Vehicles,4.0,Other
Poland,Historical,EV stock,Vans,PHEV,2021,Vehicles,4.0,Other
Russia,Historical,EV stock,Vans,BEV,2017,Vehicles,4.0,Other
Spain,Historical,EV sales,Cars,FCEV,2022,Vehicles,4.0,Other
Spain,Historical,EV sales,Cars,FCEV,2023,Vehicles,4.0,Other
Sweden,Historical,EV sales,2 and 3 wheelers,BEV,2015,Vehicles,4.0,Other
Sweden,Historical,EV stock,Vans,PHEV,2019,Vehicles,4.0,Other
Sweden,Historical,EV stock,Cars,FCEV,2015,Vehicles,4.0,Other
Sweden,Historical,EV stock,Trucks,BEV,2018,Vehicles,4.0,Other
Switzerland,Historical,EV sales,Buses,FCEV,2023,Vehicles,4.0,Other
Switzerland,Historical,EV stock,Buses,FCEV,2016,Vehicles,4.0,Other
Switzerland,Historical,EV sales,Vans,PHEV,2022,Vehicles,4.0,Other
United Kingdom,Historical,EV stock,Vans,FCEV,2015,Vehicles,4.0,Other
United Kingdom,Historical,EV stock,Vans,FCEV,2017,Vehicles,4.0,Other
United Kingdom,Historical,EV stock,Vans,FCEV,2019,Vehicles,4.0,Other
United Kingdom,Historical,EV stock,Vans,FCEV,2020,Vehicles,4.0,Other
United Kingdom,Historical,EV sales,Trucks,BEV,2017,Vehicles,4.0,Other
World,Historical,EV stock,2 and 3 wheelers,FCEV,2015,Vehicles,4.0,_World
World,Historical,EV sales,Trucks,PHEV,2017,Vehicles,4.0,_World
World,Historical,EV sales,Trucks,PHEV,2018,Vehicles,4.0,_World
Belgium,Historical,EV stock,Buses,FCEV,2021,Vehicles,3.0,Other
Belgium,Historical,EV sales,Cars,FCEV,2024,Vehicles,3.0,Other
Brazil,Historical,EV sales,Vans,BEV,2015,Vehicles,3.0,Other
Brazil,Historical,EV stock,Cars,FCEV,2022,Vehicles,3.0,Other
Brazil,Historical,EV stock,Cars,FCEV,2023,Vehicles,3.0,Other
Brazil,Historical,EV stock,Cars,FCEV,2024,Vehicles,3.0,Other
China,Historical,EV sales,Vans,FCEV,2021,Vehicles,3.0,Other
China,Historical,EV stock,Vans,FCEV,2021,Vehicles,3.0,Other
Colombia,Historical,EV sales,Cars,PHEV,2015,Vehicles,3.0,Other
Denmark,Historical,EV sales,Buses,BEV,2016,Vehicles,3.0,Other
Denmark,Historical,EV sales,Buses,FCEV,2020,Vehicles,3.0,Other
Denmark,Historical,EV stock,Buses,FCEV,2020,Vehicles,3.0,Other
Denmark,Historical,EV stock,Buses,FCEV,2023,Vehicles,3.0,Other
Denmark,Historical,EV stock,Buses,FCEV,2024,Vehicles,3.0,Other
Denmark,Historical,EV stock,Vans,FCEV,2021,Vehicles,3.0,Other
Denmark,Historical,EV sales,Trucks,BEV,2018,Vehicles,3.0,Other
Denmark,Historical,EV sales,Trucks,BEV,2019,Vehicles,3.0,Other
Denmark,Historical,EV stock,Trucks,FCEV,2023,Vehicles,3.0,Other
Denmark,Historical,EV stock,Trucks,FCEV,2024,Vehicles,3.0,Other
Finland,Historical,EV sales,Trucks,BEV,2021,Vehicles,3.0,Other
France,Historical,EV stock,Buses,FCEV,2020,Vehicles,3.0,Other
France,Historical,EV stock,Buses,PHEV,2023,Vehicles,3.0,Other
France,Historical,EV stock,Buses,PHEV,2024,Vehicles,3.0,Other
Germany,Historical,EV sales,2 and 3 wheelers,PHEV,2022,Vehicles,3.0,Other
Iceland,Historical,EV sales,Cars,FCEV,2021,Vehicles,3.0,Other
Iceland,Historical,EV stock,Cars,FCEV,2016,Vehicles,3.0,Other
India,Historical,EV stock,Cars,FCEV,2022,Vehicles,3.0,Other
India,Historical,EV stock,Cars,FCEV,2023,Vehicles,3.0,Other
India,Historical,EV stock,Cars,FCEV,2024,Vehicles,3.0,Other
Israel,Historical,EV sales,Cars,BEV,2015,Vehicles,3.0,Other
Japan,Historical,EV sales,Trucks,BEV,2021,Vehicles,3.0,Other
Malaysia,Historical,EV sales,Buses,BEV,2018,Vehicles,3.0,Other
Malaysia,Historical,EV stock,Buses,FCEV,2019,Vehicles,3.0,Other
Malaysia,Historical,EV stock,Buses,FCEV,2020,Vehicles,3.0,Other
Malaysia,Historical,EV stock,Cars,FCEV,2023,Vehicles,3.0,Other
Malaysia,Historical,EV stock,Cars,FCEV,2024,Vehicles,3.0,Other
Netherlands,Historical,EV sales,Buses,FCEV,2017,Vehicles,3.0,Other
Netherlands,Historical,EV stock,Buses,FCEV,2016,Vehicles,3.0,Other
Netherlands,Historical,EV sales,Vans,FCEV,2022,Vehicles,3.0,Other
Netherlands,Historical,EV stock,Vans,FCEV,2017,Vehicles,3.0,Other
Netherlands,Historical,EV sales,Trucks,FCEV,2019,Vehicles,3.0,Other
Netherlands,Historical,EV sales,Trucks,FCEV,2020,Vehicles,3.0,Other
Netherlands,Historical,EV sales,Trucks,PHEV,2016,Vehicles,3.0,Other
Netherlands,Historical,EV sales,Trucks,PHEV,2020,Vehicles,3.0,Other
New Zealand,Historical,EV sales,Vans,PHEV,2024,Vehicles,3.0,Other
New Zealand,Historical,EV sales,Cars,FCEV,2020,Vehicles,3.0,Other
Norway,Historical,EV sales,Trucks,BEV,2019,Vehicles,3.0,Other
Norway,Historical,EV sales,Trucks,FCEV,2020,Vehicles,3.0,Other
Norway,Historical,EV stock,Trucks,FCEV,2024,Vehicles,3.0,Other
Poland,Historical,EV sales,Buses,PHEV,2023,Vehicles,3.0,Other
Poland,Historical,EV stock,Vans,PHEV,2019,Vehicles,3.0,Other
Portugal,Historical,EV sales,2 and 3 wheelers,BEV,2016,Vehicles,3.0,Other
Portugal,Historical,EV stock,Buses,FCEV,2022,Vehicles,3.0,Other
Portugal,Historical,EV stock,Cars,FCEV,2021,Vehicles,3.0,Other
Portugal,Historical,EV stock,Cars,FCEV,2022,Vehicles,3.0,Other
Portugal,Historical,EV stock,Cars,FCEV,2023,Vehicles,3.0,Other
Portugal,Historical,EV stock,Cars,FCEV,2024,Vehicles,3.0,Other
South Africa,Historical,EV stock,Cars,FCEV,2022,Vehicles,3.0,Other
South Africa,Historical,EV stock,Cars,FCEV,2023,Vehicles,3.0,Other
South Africa,Historical,EV stock,Cars,FCEV,2024,Vehicles,3.0,Other
Sweden,Historical,EV sales,Cars,FCEV,2016,Vehicles,3.0,Other
United Kingdom,Historical,EV stock,Vans,FCEV,2016,Vehicles,3.0,Other
United Kingdom,Historical,EV stock,Vans,FCEV,2018,Vehicles,3.0,Other
United Kingdom,Historical,EV sales,Trucks,BEV,2015,Vehicles,3.0,Other
Vietnam,Historical,EV sales,Cars,BEV,2018,Vehicles,3.0,Other
Vietnam,Historical,EV stock,Cars,BEV,2018,Vehicles,3.0,Other
Vietnam,Historical,EV stock,Cars,BEV,2019,Vehicles,3.0,Other
Vietnam,Historical,EV stock,Cars,BEV,2020,Vehicles,3.0,Other
World,Historical,EV sales,2 and 3 wheelers,FCEV,2021,Vehicles,3.0,_World
World,Historical,EV sales,2 and 3 wheelers,PHEV,2022,Vehicles,3.0,_World
World,Historical,EV stock,2 and 3 wheelers,PHEV,2021,Vehicles,3.0,_World
World,Historical,EV stock,Trucks,FCEV,2017,Vehicles,3.0,_World
World,Historical,EV sales,Trucks,PHEV,2016,Vehicles,3.0,_World
Seychelles,Historical,EV sales,Cars,BEV,2015,Vehicles,3.0,Other
Austria,Historical,EV sales,Cars,FCEV,2017,Vehicles,2.0,Other
Belgium,Historical,EV stock,Buses,FCEV,2020,Vehicles,2.0,Other
Belgium,Historical,EV sales,Buses,PHEV,2017,Vehicles,2.0,Other
Belgium,Historical,EV sales,Vans,PHEV,2018,Vehicles,2.0,Other
Belgium,Historical,EV sales,Cars,FCEV,2015,Vehicles,2.0,Other
Brazil,Historical,EV sales,Cars,FCEV,2022,Vehicles,2.0,Other
Chile,Historical,EV stock,Cars,FCEV,2022,Vehicles,2.0,Other
Chile,Historical,EV stock,Cars,FCEV,2023,Vehicles,2.0,Other
Chile,Historical,EV stock,Cars,FCEV,2024,Vehicles,2.0,Other
Denmark,Historical,EV sales,2 and 3 wheelers,FCEV,2019,Vehicles,2.0,Other
Denmark,Historical,EV sales,Buses,BEV,2018,Vehicles,2.0,Other
Denmark,Historical,EV sales,Vans,FCEV,2021,Vehicles,2.0,Other
Denmark,Historical,EV stock,Vans,FCEV,2022,Vehicles,2.0,Other
Denmark,Historical,EV stock,Vans,FCEV,2023,Vehicles,2.0,Other
Denmark,Historical,EV stock,Vans,FCEV,2024,Vehicles,2.0,Other
Finland,Historical,EV sales,Buses,BEV,2017,Vehicles,2.0,Other
Finland,Historical,EV stock,Buses,PHEV,2021,Vehicles,2.0,Other
Finland,Historical,EV stock,Buses,PHEV,2022,Vehicles,2.0,Other
Finland,Historical,EV stock,Buses,PHEV,2023,Vehicles,2.0,Other
Finland,Historical,EV stock,Cars,FCEV,2022,Vehicles,2.0,Other
Finland,Historical,EV stock,Cars,FCEV,2023,Vehicles,2.0,Other
Finland,Historical,EV sales,Trucks,BEV,2017,Vehicles,2.0,Other
Finland,Historical,EV sales,Trucks,BEV,2019,Vehicles,2.0,Other
Finland,Historical,EV stock,Trucks,BEV,2019,Vehicles,2.0,Other
France,Historical,EV sales,Buses,PHEV,2022,Vehicles,2.0,Other
Germany,Historical,EV sales,2 and 3 wheelers,PHEV,2021,Vehicles,2.0,Other
Germany,Historical,EV stock,2 and 3 wheelers,PHEV,2021,Vehicles,2.0,Other
Germany,Historical,EV stock,Vans,FCEV,2015,Vehicles,2.0,Other
Germany,Historical,EV sales,Vans,PHEV,2015,Vehicles,2.0,Other
Iceland,Historical,EV stock,Cars,FCEV,2017,Vehicles,2.0,Other
India,Historical,EV sales,Buses,FCEV,2023,Vehicles,2.0,Other
India,Historical,EV sales,Cars,FCEV,2022,Vehicles,2.0,Other
Indonesia,Historical,EV sales,Cars,FCEV,2022,Vehicles,2.0,Other
Indonesia,Historical,EV sales,Cars,PHEV,2018,Vehicles,2.0,Other
Israel,Historical,EV stock,Vans,BEV,2020,Vehicles,2.0,Other
Israel,Historical,EV sales,Vans,PHEV,2021,Vehicles,2.0,Other
Italy,Historical,EV sales,Vans,PHEV,2017,Vehicles,2.0,Other
Italy,Historical,EV sales,Cars,FCEV,2023,Vehicles,2.0,Other
Malaysia,Historical,EV sales,Cars,FCEV,2022,Vehicles,2.0,Other
Netherlands,Historical,EV stock,Buses,FCEV,2015,Vehicles,2.0,Other
Netherlands,Historical,EV sales,Vans,FCEV,2018,Vehicles,2.0,Other
Netherlands,Historical,EV stock,Vans,PHEV,2015,Vehicles,2.0,Other
Netherlands,Historical,EV stock,Vans,PHEV,2016,Vehicles,2.0,Other
Netherlands,Historical,EV stock,Vans,PHEV,2017,Vehicles,2.0,Other
Netherlands,Historical,EV stock,Trucks,FCEV,2016,Vehicles,2.0,Other
Netherlands,Historical,EV stock,Trucks,FCEV,2017,Vehicles,2.0,Other
Netherlands,Historical,EV stock,Trucks,FCEV,2018,Vehicles,2.0,Other
New Zealand,Historical,EV sales,2 and 3 wheelers,FCEV,2021,Vehicles,2.0,Other
New Zealand,Historical,EV stock,2 and 3 wheelers,FCEV,2021,Vehicles,2.0,Other
New Zealand,Historical,EV stock,2 and 3 wheelers,FCEV,2022,Vehicles,2.0,Other
New Zealand,Historical,EV stock,2 and 3 wheelers,FCEV,2023,Vehicles,2.0,Other
New Zealand,Historical,EV stock,2 and 3 wheelers,FCEV,2024,Vehicles,2.0,Other
New Zealand,Historical,EV sales,Cars,FCEV,2019,Vehicles,2.0,Other
New Zealand,Historical,EV stock,Cars,FCEV,2019,Vehicles,2.0,Other
Norway,Historical,EV sales,Trucks,BEV,2017,Vehicles,2.0,Other
Norway,Historical,EV stock,Trucks,BEV,2017,Vehicles,2.0,Other
Norway,Historical,EV stock,Trucks,BEV,2018,Vehicles,2.0,Other
Norway,Historical,EV stock,Trucks,BEV,2019,Vehicles,2.0,Other
Norway,Historical,EV stock,Trucks,PHEV,2021,Vehicles,2.0,Other
Poland,Historical,EV sales,Vans,PHEV,2015,Vehicles,2.0,Other
Poland,Historical,EV sales,Vans,PHEV,2020,Vehicles,2.0,Other
Portugal,Historical,EV stock,Buses,FCEV,2021,Vehicles,2.0,Other
Portugal,Historical,EV sales,Buses,PHEV,2017,Vehicles,2.0,Other
Portugal,Historical,EV sales,Buses,PHEV,2021,Vehicles,2.0,Other
Portugal,Historical,EV sales,Vans,PHEV,2022,Vehicles,2.0,Other
Portugal,Historical,EV sales,Cars,FCEV,2023,Vehicles,2.0,Other
Russia,Historical,EV sales,Vans,BEV,2016,Vehicles,2.0,Other
Russia,Historical,EV sales,Vans,BEV,2017,Vehicles,2.0,Other
Russia,Historical,EV sales,Vans,BEV,2020,Vehicles,2.0,Other
Russia,Historical,EV stock,Vans,BEV,2016,Vehicles,2.0,Other
South Africa,Historical,EV sales,Buses,BEV,2022,Vehicles,2.0,Other
South Africa,Historical,EV stock,Buses,BEV,2022,Vehicles,2.0,Other
South Africa,Historical,EV sales,Cars,FCEV,2022,Vehicles,2.0,Other
South Korea,Historical,EV sales,Buses,BEV,2015,Vehicles,2.0,Other
South Korea,Historical,EV sales,Vans,FCEV,2018,Vehicles,2.0,Other
Spain,Historical,EV sales,Buses,BEV,2015,Vehicles,2.0,Other
Spain,Historical,EV stock,Cars,FCEV,2019,Vehicles,2.0,Other
Spain,Historical,EV sales,Trucks,BEV,2017,Vehicles,2.0,Other
Spain,Historical,EV sales,Trucks,FCEV,2024,Vehicles,2.0,Other
Spain,Historical,EV stock,Trucks,FCEV,2024,Vehicles,2.0,Other
Sweden,Historical,EV sales,Buses,FCEV,2021,Vehicles,2.0,Other
Sweden,Historical,EV stock,Buses,FCEV,2021,Vehicles,2.0,Other
Sweden,Historical,EV stock,Buses,FCEV,2022,Vehicles,2.0,Other
Sweden,Historical,EV sales,Cars,FCEV,2019,Vehicles,2.0,Other
Sweden,Historical,EV sales,Cars,FCEV,2022,Vehicles,2.0,Other
Sweden,Historical,EV sales,Cars,FCEV,2023,Vehicles,2.0,Other
Sweden,Historical,EV sales,Cars,FCEV,2024,Vehicles,2.0,Other
Sweden,Historical,EV sales,Trucks,BEV,2018,Vehicles,2.0,Other
Sweden,Historical,EV sales,Trucks,BEV,2019,Vehicles,2.0,Other
Switzerland,Historical,EV sales,Buses,BEV,2017,Vehicles,2.0,Other
Thailand,Historical,EV sales,Cars,BEV,2016,Vehicles,2.0,Other
Turkey,Historical,EV sales,Buses,BEV,2024,Vehicles,2.0,Other
World,Historical,EV sales,2 and 3 wheelers,FCEV,2019,Vehicles,2.0,_World
World,Historical,EV sales,2 and 3 wheelers,PHEV,2021,Vehicles,2.0,_World
World,Historical,EV stock,Trucks,FCEV,2016,Vehicles,2.0,_World
Austria,Historical,EV sales,Cars,FCEV,2024,Vehicles,1.0,Other
Belgium,Historical,EV stock,Buses,FCEV,2019,Vehicles,1.0,Other
Belgium,Historical,EV stock,Vans,FCEV,2021,Vehicles,1.0,Other
Belgium,Historical,EV stock,Vans,FCEV,2022,Vehicles,1.0,Other
Belgium,Historical,EV sales,Vans,PHEV,2017,Vehicles,1.0,Other
Belgium,Historical,EV stock,Vans,PHEV,2016,Vehicles,1.0,Other
Brazil,Historical,EV sales,Cars,FCEV,2021,Vehicles,1.0,Other
Brazil,Historical,EV stock,Cars,FCEV,2021,Vehicles,1.0,Other
Canada,Historical,EV sales,Vans,BEV,2015,Vehicles,1.0,Other
Canada,Historical,EV stock,Vans,BEV,2015,Vehicles,1.0,Other
Canada,Historical,EV stock,Vans,BEV,2016,Vehicles,1.0,Other
Canada,Historical,EV stock,Vans,BEV,2017,Vehicles,1.0,Other
Canada,Historical,EV stock,Vans,BEV,2018,Vehicles,1.0,Other
Canada,Historical,EV stock,Vans,BEV,2019,Vehicles,1.0,Other
Chile,Historical,EV sales,Cars,FCEV,2021,Vehicles,1.0,Other
Chile,Historical,EV sales,Cars,FCEV,2022,Vehicles,1.0,Other
Chile,Historical,EV stock,Cars,FCEV,2021,Vehicles,1.0,Other
China,Historical,EV stock,Buses,FCEV,2016,Vehicles,1.0,Other
China,Historical,EV sales,Vans,PHEV,2020,Vehicles,1.0,Other
China,Historical,EV stock,Trucks,FCEV,2017,Vehicles,1.0,Other
Denmark,Historical,EV sales,2 and 3 wheelers,FCEV,2020,Vehicles,1.0,Other
Denmark,Historical,EV sales,2 and 3 wheelers,FCEV,2021,Vehicles,1.0,Other
Denmark,Historical,EV sales,Buses,BEV,2020,Vehicles,1.0,Other
Denmark,Historical,EV stock,Vans,FCEV,2020,Vehicles,1.0,Other
Denmark,Historical,EV sales,Cars,FCEV,2023,Vehicles,1.0,Other
Denmark,Historical,EV sales,Trucks,BEV,2017,Vehicles,1.0,Other
Denmark,Historical,EV sales,Trucks,FCEV,2019,Vehicles,1.0,Other
Denmark,Historical,EV sales,Trucks,FCEV,2020,Vehicles,1.0,Other
Denmark,Historical,EV sales,Trucks,FCEV,2021,Vehicles,1.0,Other
Finland,Historical,EV sales,Buses,BEV,2018,Vehicles,1.0,Other
Finland,Historical,EV sales,Cars,FCEV,2021,Vehicles,1.0,Other
Finland,Historical,EV stock,Cars,FCEV,2019,Vehicles,1.0,Other
Finland,Historical,EV stock,Cars,FCEV,2020,Vehicles,1.0,Other
Finland,Historical,EV stock,Cars,FCEV,2021,Vehicles,1.0,Other
Finland,Historical,EV stock,Cars,FCEV,2024,Vehicles,1.0,Other
France,Historical,EV sales,Buses,FCEV,2021,Vehicles,1.0,Other
France,Historical,EV stock,Buses,FCEV,2022,Vehicles,1.0,Other
France,Historical,EV sales,Buses,PHEV,2016,Vehicles,1.0,Other
France,Historical,EV stock,Buses,PHEV,2016,Vehicles,1.0,Other
France,Historical,EV stock,Buses,PHEV,2017,Vehicles,1.0,Other
France,Historical,EV stock,Buses,PHEV,2018,Vehicles,1.0,Other
France,Historical,EV stock,Buses,PHEV,2019,Vehicles,1.0,Other
France,Historical,EV sales,Trucks,BEV,2015,Vehicles,1.0,Other
Iceland,Historical,EV sales,2 and 3 wheelers,BEV,2015,Vehicles,1.0,Other
Iceland,Historical,EV sales,2 and 3 wheelers,BEV,2018,Vehicles,1.0,Other
Iceland,Historical,EV sales,Cars,FCEV,2020,Vehicles,1.0,Other
Iceland,Historical,EV sales,Cars,FCEV,2023,Vehicles,1.0,Other
India,Historical,EV sales,Cars,FCEV,2021,Vehicles,1.0,Other
India,Historical,EV stock,Cars,FCEV,2021,Vehicles,1.0,Other
Indonesia,Historical,EV sales,Cars,FCEV,2021,Vehicles,1.0,Other
Indonesia,Historical,EV sales,Trucks,BEV,2024,Vehicles,1.0,Other
Indonesia,Historical,EV stock,Trucks,BEV,2024,Vehicles,1.0,Other
Italy,Historical,EV sales,Cars,FCEV,2015,Vehicles,1.0,Other
Italy,Historical,EV sales,Cars,FCEV,2018,Vehicles,1.0,Other
Italy,Historical,EV sales,Cars,FCEV,2024,Vehicles,1.0,Other
Malaysia,Historical,EV sales,Buses,BEV,2019,Vehicles,1.0,Other
Malaysia,Historical,EV sales,Cars,FCEV,2021,Vehicles,1.0,Other
Malaysia,Historical,EV sales,Trucks,BEV,2024,Vehicles,1.0,Other
Malaysia,Historical,EV stock,Trucks,BEV,2024,Vehicles,1.0,Other
Netherlands,Historical,EV sales,Buses,FCEV,2016,Vehicles,1.0,Other
Netherlands,Historical,EV sales,Vans,FCEV,2017,Vehicles,1.0,Other
Netherlands,Historical,EV sales,Vans,PHEV,2018,Vehicles,1.0,Other
New Zealand,Historical,EV sales,2 and 3 wheelers,PHEV,2020,Vehicles,1.0,Other
New Zealand,Historical,EV stock,2 and 3 wheelers,PHEV,2019,Vehicles,1.0,Other
New Zealand,Historical,EV stock,2 and 3 wheelers,PHEV,2020,Vehicles,1.0,Other
New Zealand,Historical,EV stock,2 and 3 wheelers,PHEV,2021,Vehicles,1.0,Other
New Zealand,Historical,EV stock,2 and 3 wheelers,PHEV,2022,Vehicles,1.0,Other
New Zealand,Historical,EV stock,2 and 3 wheelers,PHEV,2023,Vehicles,1.0,Other
New Zealand,Historical,EV stock,2 and 3 wheelers,PHEV,2024,Vehicles,1.0,Other
New Zealand,Historical,EV sales,Buses,BEV,2017,Vehicles,1.0,Other
New Zealand,Historical,EV sales,Buses,PHEV,2021,Vehicles,1.0,Other
New Zealand,Historical,EV stock,Buses,PHEV,2021,Vehicles,1.0,Other
New Zealand,Historical,EV stock,Buses,PHEV,2022,Vehicles,1.0,Other
New Zealand,Historical,EV stock,Buses,PHEV,2023,Vehicles,1.0,Other
New Zealand,Historical,EV stock,Buses,PHEV,2024,Vehicles,1.0,Other
New Zealand,Historical,EV sales,Vans,PHEV,2020,Vehicles,1.0,Other
New Zealand,Historical,EV stock,Vans,PHEV,2020,Vehicles,1.0,Other
New Zealand,Historical,EV sales,Cars,FCEV,2021,Vehicles,1.0,Other
Norway,Historical,EV stock,Vans,FCEV,2020,Vehicles,1.0,Other
Norway,Historical,EV stock,Vans,FCEV,2021,Vehicles,1.0,Other
Norway,Historical,EV stock,Vans,FCEV,2022,Vehicles,1.0,Other
Norway,Historical,EV stock,Vans,FCEV,2023,Vehicles,1.0,Other
Norway,Historical,EV sales,Trucks,PHEV,2020,Vehicles,1.0,Other
Norway,Historical,EV stock,Trucks,PHEV,2020,Vehicles,1.0,Other
Norway,Historical,EV stock,Trucks,PHEV,2023,Vehicles,1.0,Other
Norway,Historical,EV stock,Trucks,PHEV,2024,Vehicles,1.0,Other
Poland,Historical,EV sales,Buses,PHEV,2019,Vehicles,1.0,Other
Poland,Historical,EV sales,Buses,PHEV,2021,Vehicles,1.0,Other
Poland,Historical,EV sales,Buses,PHEV,2022,Vehicles,1.0,Other
Poland,Historical,EV sales,Vans,PHEV,2021,Vehicles,1.0,Other
Poland,Historical,EV sales,Vans,PHEV,2022,Vehicles,1.0,Other
Poland,Historical,EV sales,Cars,FCEV,2018,Vehicles,1.0,Other
Portugal,Historical,EV sales,Buses,BEV,2016,Vehicles,1.0,Other
Portugal,Historical,EV sales,Buses,FCEV,2023,Vehicles,1.0,Other
Portugal,Historical,EV stock,Buses,FCEV,2023,Vehicles,1.0,Other
Portugal,Historical,EV stock,Buses,FCEV,2024,Vehicles,1.0,Other
Portugal,Historical,EV sales,Cars,FCEV,2021,Vehicles,1.0,Other
Russia,Historical,EV sales,2 and 3 wheelers,BEV,2020,Vehicles,1.0,Other
Russia,Historical,EV sales,Vans,BEV,2021,Vehicles,1.0,Other
South Africa,Historical,EV sales,Buses,BEV,2023,Vehicles,1.0,Other
South Africa,Historical,EV sales,Cars,FCEV,2021,Vehicles,1.0,Other
South Africa,Historical,EV stock,Cars,FCEV,2021,Vehicles,1.0,Other
Spain,Historical,EV sales,Buses,PHEV,2022,Vehicles,1.0,Other
Spain,Historical,EV sales,Cars,FCEV,2018,Vehicles,1.0,Other
Spain,Historical,EV sales,Cars,FCEV,2019,Vehicles,1.0,Other
Spain,Historical,EV stock,Cars,FCEV,2018,Vehicles,1.0,Other
Sweden,Historical,EV sales,Cars,FCEV,2015,Vehicles,1.0,Other
Sweden,Historical,EV stock,Trucks,BEV,2017,Vehicles,1.0,Other
Sweden,Historical,EV sales,Trucks,FCEV,2024,Vehicles,1.0,Other
Sweden,Historical,EV stock,Trucks,FCEV,2024,Vehicles,1.0,Other
Switzerland,Historical,EV sales,Buses,PHEV,2022,Vehicles,1.0,Other
Switzerland,Historical,EV stock,Buses,PHEV,2022,Vehicles,1.0,Other
Switzerland,Historical,EV stock,Buses,PHEV,2023,Vehicles,1.0,Other
Switzerland,Historical,EV stock,Buses,PHEV,2024,Vehicles,1.0,Other
Switzerland,Historical,EV sales,Cars,FCEV,2017,Vehicles,1.0,Other
Thailand,Historical,EV sales,Cars,FCEV,2021,Vehicles,1.0,Other
Vietnam,Historical,EV sales,Buses,BEV,2021,Vehicles,1.0,Other
Vietnam,Historical,EV stock,Buses,BEV,2021,Vehicles,1.0,Other
Vietnam,Historical,EV stock,Buses,BEV,2022,Vehicles,1.0,Other
World,Historical,EV sales,2 and 3 wheelers,FCEV,2020,Vehicles,1.0,_World
World,Historical,EV sales,2 and 3 wheelers,PHEV,2020,Vehicles,1.0,_World
World,Historical,EV stock,2 and 3 wheelers,PHEV,2019,Vehicles,1.0,_World
World,Historical,EV stock,2 and 3 wheelers,PHEV,2020,Vehicles,1.0,_World
