Country,Country_Code,Indicator_Name,Indicator_Code,Year,Access_to_Electricity
Aruba,ABW,Access to electricity (% of population),EG.ELC.ACCS.ZS,2015,100.0
Afghanistan,AFG,Access to electricity (% of population),EG.ELC.ACCS.ZS,2015,71.5
Angola,AGO,Access to electricity (% of population),EG.ELC.ACCS.ZS,2015,42.0
Albania,ALB,Access to electricity (% of population),EG.ELC.ACCS.ZS,2015,100.0
Andorra,AND,Access to electricity (% of population),EG.ELC.ACCS.ZS,2015,100.0
United Arab Emirates,ARE,Access to electricity (% of population),EG.ELC.ACCS.ZS,2015,100.0
Argentina,ARG,Access to electricity (% of population),EG.ELC.ACCS.ZS,2015,99.7
Armenia,ARM,Access to electricity (% of population),EG.ELC.ACCS.ZS,2015,100.0
Antigua and Barbuda,ATG,Access to electricity (% of population),EG.ELC.ACCS.ZS,2015,100.0
Australia,AUS,Access to electricity (% of population),EG.ELC.ACCS.ZS,2015,100.0
Austria,AUT,Access to electricity (% of population),EG.ELC.ACCS.ZS,2015,100.0
Azerbaijan,AZE,Access to electricity (% of population),EG.ELC.ACCS.ZS,2015,100.0
Burundi,BDI,Access to electricity (% of population),EG.ELC.ACCS.ZS,2015,7.9
Belgium,BEL,Access to electricity (% of population),EG.ELC.ACCS.ZS,2015,100.0
Benin,BEN,Access to electricity (% of population),EG.ELC.ACCS.ZS,2015,29.6
Burkina Faso,BFA,Access to electricity (% of population),EG.ELC.ACCS.ZS,2015,16.2
Bangladesh,BGD,Access to electricity (% of population),EG.ELC.ACCS.ZS,2015,74.0
Bulgaria,BGR,Access to electricity (% of population),EG.ELC.ACCS.ZS,2015,96.6
Bahrain,BHR,Access to electricity (% of population),EG.ELC.ACCS.ZS,2015,100.0
"Bahamas, The",BHS,Access to electricity (% of population),EG.ELC.ACCS.ZS,2015,100.0
Bosnia and Herzegovina,BIH,Access to electricity (% of population),EG.ELC.ACCS.ZS,2015,99.7
Belarus,BLR,Access to electricity (% of population),EG.ELC.ACCS.ZS,2015,97.4
Belize,BLZ,Access to electricity (% of population),EG.ELC.ACCS.ZS,2015,91.8
Bermuda,BMU,Access to electricity (% of population),EG.ELC.ACCS.ZS,2015,100.0
Bolivia,BOL,Access to electricity (% of population),EG.ELC.ACCS.ZS,2015,91.5
Brazil,BRA,Access to electricity (% of population),EG.ELC.ACCS.ZS,2015,99.7
Barbados,BRB,Access to electricity (% of population),EG.ELC.ACCS.ZS,2015,100.0
Brunei Darussalam,BRN,Access to electricity (% of population),EG.ELC.ACCS.ZS,2015,100.0
Bhutan,BTN,Access to electricity (% of population),EG.ELC.ACCS.ZS,2015,95.4
Botswana,BWA,Access to electricity (% of population),EG.ELC.ACCS.ZS,2015,62.1
Central African Republic,CAF,Access to electricity (% of population),EG.ELC.ACCS.ZS,2015,12.7
Canada,CAN,Access to electricity (% of population),EG.ELC.ACCS.ZS,2015,100.0
Switzerland,CHE,Access to electricity (% of population),EG.ELC.ACCS.ZS,2015,100.0
Chile,CHL,Access to electricity (% of population),EG.ELC.ACCS.ZS,2015,99.7
China,CHN,Access to electricity (% of population),EG.ELC.ACCS.ZS,2015,100.0
Cote d'Ivoire,CIV,Access to electricity (% of population),EG.ELC.ACCS.ZS,2015,62.6
Cameroon,CMR,Access to electricity (% of population),EG.ELC.ACCS.ZS,2015,58.6
"Congo, Dem. Rep.",COD,Access to electricity (% of population),EG.ELC.ACCS.ZS,2015,16.6
"Congo, Rep.",COG,Access to electricity (% of population),EG.ELC.ACCS.ZS,2015,44.3
Colombia,COL,Access to electricity (% of population),EG.ELC.ACCS.ZS,2015,98.2
Comoros,COM,Access to electricity (% of population),EG.ELC.ACCS.ZS,2015,74.1
Cabo Verde,CPV,Access to electricity (% of population),EG.ELC.ACCS.ZS,2015,86.4
Costa Rica,CRI,Access to electricity (% of population),EG.ELC.ACCS.ZS,2015,99.4
Cuba,CUB,Access to electricity (% of population),EG.ELC.ACCS.ZS,2015,99.0
Curacao,CUW,Access to electricity (% of population),EG.ELC.ACCS.ZS,2015,100.0
Cayman Islands,CYM,Access to electricity (% of population),EG.ELC.ACCS.ZS,2015,100.0
Cyprus,CYP,Access to electricity (% of population),EG.ELC.ACCS.ZS,2015,100.0
Czechia,CZE,Access to electricity (% of population),EG.ELC.ACCS.ZS,2015,100.0
Germany,DEU,Access to electricity (% of population),EG.ELC.ACCS.ZS,2015,100.0
Djibouti,DJI,Access to electricity (% of population),EG.ELC.ACCS.ZS,2015,59.1
Dominica,DMA,Access to electricity (% of population),EG.ELC.ACCS.ZS,2015,96.7
Denmark,DNK,Access to electricity (% of population),EG.ELC.ACCS.ZS,2015,100.0
Dominican Republic,DOM,Access to electricity (% of population),EG.ELC.ACCS.ZS,2015,98.6
Algeria,DZA,Access to electricity (% of population),EG.ELC.ACCS.ZS,2015,99.4
Ecuador,ECU,Access to electricity (% of population),EG.ELC.ACCS.ZS,2015,98.8
"Egypt, Arab Rep.",EGY,Access to electricity (% of population),EG.ELC.ACCS.ZS,2015,99.3
Eritrea,ERI,Access to electricity (% of population),EG.ELC.ACCS.ZS,2015,45.8
Spain,ESP,Access to electricity (% of population),EG.ELC.ACCS.ZS,2015,100.0
Estonia,EST,Access to electricity (% of population),EG.ELC.ACCS.ZS,2015,100.0
Ethiopia,ETH,Access to electricity (% of population),EG.ELC.ACCS.ZS,2015,29.0
Finland,FIN,Access to electricity (% of population),EG.ELC.ACCS.ZS,2015,100.0
Fiji,FJI,Access to electricity (% of population),EG.ELC.ACCS.ZS,2015,93.2
France,FRA,Access to electricity (% of population),EG.ELC.ACCS.ZS,2015,100.0
Faroe Islands,FRO,Access to electricity (% of population),EG.ELC.ACCS.ZS,2015,100.0
"Micronesia, Fed. Sts.",FSM,Access to electricity (% of population),EG.ELC.ACCS.ZS,2015,73.0
Gabon,GAB,Access to electricity (% of population),EG.ELC.ACCS.ZS,2015,87.3
United Kingdom,GBR,Access to electricity (% of population),EG.ELC.ACCS.ZS,2015,100.0
Georgia,GEO,Access to electricity (% of population),EG.ELC.ACCS.ZS,2015,100.0
Ghana,GHA,Access to electricity (% of population),EG.ELC.ACCS.ZS,2015,74.0
Gibraltar,GIB,Access to electricity (% of population),EG.ELC.ACCS.ZS,2015,100.0
Guinea,GIN,Access to electricity (% of population),EG.ELC.ACCS.ZS,2015,34.9
"Gambia, The",GMB,Access to electricity (% of population),EG.ELC.ACCS.ZS,2015,54.7
Guinea-Bissau,GNB,Access to electricity (% of population),EG.ELC.ACCS.ZS,2015,20.1
Equatorial Guinea,GNQ,Access to electricity (% of population),EG.ELC.ACCS.ZS,2015,66.1
Greece,GRC,Access to electricity (% of population),EG.ELC.ACCS.ZS,2015,100.0
Grenada,GRD,Access to electricity (% of population),EG.ELC.ACCS.ZS,2015,91.4
Greenland,GRL,Access to electricity (% of population),EG.ELC.ACCS.ZS,2015,100.0
Guatemala,GTM,Access to electricity (% of population),EG.ELC.ACCS.ZS,2015,90.5
Guam,GUM,Access to electricity (% of population),EG.ELC.ACCS.ZS,2015,100.0
Guyana,GUY,Access to electricity (% of population),EG.ELC.ACCS.ZS,2015,88.0
"Hong Kong SAR, China",HKG,Access to electricity (% of population),EG.ELC.ACCS.ZS,2015,100.0
Honduras,HND,Access to electricity (% of population),EG.ELC.ACCS.ZS,2015,90.0
Croatia,HRV,Access to electricity (% of population),EG.ELC.ACCS.ZS,2015,100.0
Haiti,HTI,Access to electricity (% of population),EG.ELC.ACCS.ZS,2015,40.8
Hungary,HUN,Access to electricity (% of population),EG.ELC.ACCS.ZS,2015,100.0
Indonesia,IDN,Access to electricity (% of population),EG.ELC.ACCS.ZS,2015,97.5
Isle of Man,IMN,Access to electricity (% of population),EG.ELC.ACCS.ZS,2015,100.0
India,IND,Access to electricity (% of population),EG.ELC.ACCS.ZS,2015,88.0
Ireland,IRL,Access to electricity (% of population),EG.ELC.ACCS.ZS,2015,100.0
"Iran, Islamic Rep.",IRN,Access to electricity (% of population),EG.ELC.ACCS.ZS,2015,100.0
Iraq,IRQ,Access to electricity (% of population),EG.ELC.ACCS.ZS,2015,99.4
Iceland,ISL,Access to electricity (% of population),EG.ELC.ACCS.ZS,2015,100.0
Israel,ISR,Access to electricity (% of population),EG.ELC.ACCS.ZS,2015,100.0
Italy,ITA,Access to electricity (% of population),EG.ELC.ACCS.ZS,2015,100.0
Jamaica,JAM,Access to electricity (% of population),EG.ELC.ACCS.ZS,2015,94.9
Jordan,JOR,Access to electricity (% of population),EG.ELC.ACCS.ZS,2015,99.9
Japan,JPN,Access to electricity (% of population),EG.ELC.ACCS.ZS,2015,100.0
Kazakhstan,KAZ,Access to electricity (% of population),EG.ELC.ACCS.ZS,2015,100.0
Kenya,KEN,Access to electricity (% of population),EG.ELC.ACCS.ZS,2015,41.6
Kyrgyz Republic,KGZ,Access to electricity (% of population),EG.ELC.ACCS.ZS,2015,98.7
Cambodia,KHM,Access to electricity (% of population),EG.ELC.ACCS.ZS,2015,62.7
Kiribati,KIR,Access to electricity (% of population),EG.ELC.ACCS.ZS,2015,90.6
St. Kitts and Nevis,KNA,Access to electricity (% of population),EG.ELC.ACCS.ZS,2015,100.0
"Korea, Rep.",KOR,Access to electricity (% of population),EG.ELC.ACCS.ZS,2015,100.0
Kuwait,KWT,Access to electricity (% of population),EG.ELC.ACCS.ZS,2015,100.0
Lao PDR,LAO,Access to electricity (% of population),EG.ELC.ACCS.ZS,2015,89.7
Lebanon,LBN,Access to electricity (% of population),EG.ELC.ACCS.ZS,2015,99.7
Liberia,LBR,Access to electricity (% of population),EG.ELC.ACCS.ZS,2015,15.2
Libya,LBY,Access to electricity (% of population),EG.ELC.ACCS.ZS,2015,73.8
St. Lucia,LCA,Access to electricity (% of population),EG.ELC.ACCS.ZS,2015,99.0
Liechtenstein,LIE,Access to electricity (% of population),EG.ELC.ACCS.ZS,2015,100.0
Sri Lanka,LKA,Access to electricity (% of population),EG.ELC.ACCS.ZS,2015,94.3
Lesotho,LSO,Access to electricity (% of population),EG.ELC.ACCS.ZS,2015,31.8
Lithuania,LTU,Access to electricity (% of population),EG.ELC.ACCS.ZS,2015,100.0
Luxembourg,LUX,Access to electricity (% of population),EG.ELC.ACCS.ZS,2015,100.0
Latvia,LVA,Access to electricity (% of population),EG.ELC.ACCS.ZS,2015,100.0
"Macao SAR, China",MAC,Access to electricity (% of population),EG.ELC.ACCS.ZS,2015,100.0
St. Martin (French part),MAF,Access to electricity (% of population),EG.ELC.ACCS.ZS,2015,100.0
Morocco,MAR,Access to electricity (% of population),EG.ELC.ACCS.ZS,2015,97.3
Monaco,MCO,Access to electricity (% of population),EG.ELC.ACCS.ZS,2015,100.0
Moldova,MDA,Access to electricity (% of population),EG.ELC.ACCS.ZS,2015,99.9
Madagascar,MDG,Access to electricity (% of population),EG.ELC.ACCS.ZS,2015,23.8
Maldives,MDV,Access to electricity (% of population),EG.ELC.ACCS.ZS,2015,99.8
Mexico,MEX,Access to electricity (% of population),EG.ELC.ACCS.ZS,2015,99.0
Marshall Islands,MHL,Access to electricity (% of population),EG.ELC.ACCS.ZS,2015,92.1
North Macedonia,MKD,Access to electricity (% of population),EG.ELC.ACCS.ZS,2015,99.9
Mali,MLI,Access to electricity (% of population),EG.ELC.ACCS.ZS,2015,37.6
Malta,MLT,Access to electricity (% of population),EG.ELC.ACCS.ZS,2015,100.0
Myanmar,MMR,Access to electricity (% of population),EG.ELC.ACCS.ZS,2015,60.5
Montenegro,MNE,Access to electricity (% of population),EG.ELC.ACCS.ZS,2015,99.5
Mongolia,MNG,Access to electricity (% of population),EG.ELC.ACCS.ZS,2015,88.0
Northern Mariana Islands,MNP,Access to electricity (% of population),EG.ELC.ACCS.ZS,2015,100.0
Mozambique,MOZ,Access to electricity (% of population),EG.ELC.ACCS.ZS,2015,24.0
Mauritania,MRT,Access to electricity (% of population),EG.ELC.ACCS.ZS,2015,39.5
Mauritius,MUS,Access to electricity (% of population),EG.ELC.ACCS.ZS,2015,99.6
Malawi,MWI,Access to electricity (% of population),EG.ELC.ACCS.ZS,2015,10.8
Malaysia,MYS,Access to electricity (% of population),EG.ELC.ACCS.ZS,2015,99.9
Namibia,NAM,Access to electricity (% of population),EG.ELC.ACCS.ZS,2015,51.6
New Caledonia,NCL,Access to electricity (% of population),EG.ELC.ACCS.ZS,2015,100.0
Niger,NER,Access to electricity (% of population),EG.ELC.ACCS.ZS,2015,16.6
Nigeria,NGA,Access to electricity (% of population),EG.ELC.ACCS.ZS,2015,52.5
Nicaragua,NIC,Access to electricity (% of population),EG.ELC.ACCS.ZS,2015,83.2
Netherlands,NLD,Access to electricity (% of population),EG.ELC.ACCS.ZS,2015,100.0
Norway,NOR,Access to electricity (% of population),EG.ELC.ACCS.ZS,2015,100.0
Nepal,NPL,Access to electricity (% of population),EG.ELC.ACCS.ZS,2015,82.0
Nauru,NRU,Access to electricity (% of population),EG.ELC.ACCS.ZS,2015,99.0
New Zealand,NZL,Access to electricity (% of population),EG.ELC.ACCS.ZS,2015,100.0
Oman,OMN,Access to electricity (% of population),EG.ELC.ACCS.ZS,2015,100.0
Pakistan,PAK,Access to electricity (% of population),EG.ELC.ACCS.ZS,2015,91.0
Panama,PAN,Access to electricity (% of population),EG.ELC.ACCS.ZS,2015,91.6
Peru,PER,Access to electricity (% of population),EG.ELC.ACCS.ZS,2015,93.9
Philippines,PHL,Access to electricity (% of population),EG.ELC.ACCS.ZS,2015,89.1
Palau,PLW,Access to electricity (% of population),EG.ELC.ACCS.ZS,2015,99.5
Papua New Guinea,PNG,Access to electricity (% of population),EG.ELC.ACCS.ZS,2015,18.4
Poland,POL,Access to electricity (% of population),EG.ELC.ACCS.ZS,2015,100.0
Puerto Rico (US),PRI,Access to electricity (% of population),EG.ELC.ACCS.ZS,2015,100.0
"Korea, Dem. People's Rep.",PRK,Access to electricity (% of population),EG.ELC.ACCS.ZS,2015,40.0
Portugal,PRT,Access to electricity (% of population),EG.ELC.ACCS.ZS,2015,100.0
Paraguay,PRY,Access to electricity (% of population),EG.ELC.ACCS.ZS,2015,99.3
West Bank and Gaza,PSE,Access to electricity (% of population),EG.ELC.ACCS.ZS,2015,99.9
French Polynesia,PYF,Access to electricity (% of population),EG.ELC.ACCS.ZS,2015,100.0
Qatar,QAT,Access to electricity (% of population),EG.ELC.ACCS.ZS,2015,100.0
Romania,ROU,Access to electricity (% of population),EG.ELC.ACCS.ZS,2015,98.8
Russian Federation,RUS,Access to electricity (% of population),EG.ELC.ACCS.ZS,2015,95.5
Rwanda,RWA,Access to electricity (% of population),EG.ELC.ACCS.ZS,2015,22.8
Saudi Arabia,SAU,Access to electricity (% of population),EG.ELC.ACCS.ZS,2015,100.0
Sudan,SDN,Access to electricity (% of population),EG.ELC.ACCS.ZS,2015,48.0
Senegal,SEN,Access to electricity (% of population),EG.ELC.ACCS.ZS,2015,60.5
Singapore,SGP,Access to electricity (% of population),EG.ELC.ACCS.ZS,2015,100.0
Solomon Islands,SLB,Access to electricity (% of population),EG.ELC.ACCS.ZS,2015,55.1
Sierra Leone,SLE,Access to electricity (% of population),EG.ELC.ACCS.ZS,2015,19.7
El Salvador,SLV,Access to electricity (% of population),EG.ELC.ACCS.ZS,2015,95.4
San Marino,SMR,Access to electricity (% of population),EG.ELC.ACCS.ZS,2015,100.0
"Somalia, Fed. Rep.",SOM,Access to electricity (% of population),EG.ELC.ACCS.ZS,2015,51.2
Serbia,SRB,Access to electricity (% of population),EG.ELC.ACCS.ZS,2015,99.9
South Sudan,SSD,Access to electricity (% of population),EG.ELC.ACCS.ZS,2015,4.8
Sao Tome and Principe,STP,Access to electricity (% of population),EG.ELC.ACCS.ZS,2015,67.3
Suriname,SUR,Access to electricity (% of population),EG.ELC.ACCS.ZS,2015,95.0
Slovak Republic,SVK,Access to electricity (% of population),EG.ELC.ACCS.ZS,2015,100.0
Slovenia,SVN,Access to electricity (% of population),EG.ELC.ACCS.ZS,2015,100.0
Sweden,SWE,Access to electricity (% of population),EG.ELC.ACCS.ZS,2015,100.0
Eswatini,SWZ,Access to electricity (% of population),EG.ELC.ACCS.ZS,2015,64.1
Sint Maarten (Dutch part),SXM,Access to electricity (% of population),EG.ELC.ACCS.ZS,2015,100.0
Seychelles,SYC,Access to electricity (% of population),EG.ELC.ACCS.ZS,2015,100.0
Syrian Arab Republic,SYR,Access to electricity (% of population),EG.ELC.ACCS.ZS,2015,90.0
Turks and Caicos Islands,TCA,Access to electricity (% of population),EG.ELC.ACCS.ZS,2015,100.0
Chad,TCD,Access to electricity (% of population),EG.ELC.ACCS.ZS,2015,7.7
Togo,TGO,Access to electricity (% of population),EG.ELC.ACCS.ZS,2015,44.7
Thailand,THA,Access to electricity (% of population),EG.ELC.ACCS.ZS,2015,99.6
Tajikistan,TJK,Access to electricity (% of population),EG.ELC.ACCS.ZS,2015,98.0
Turkmenistan,TKM,Access to electricity (% of population),EG.ELC.ACCS.ZS,2015,100.0
Timor-Leste,TLS,Access to electricity (% of population),EG.ELC.ACCS.ZS,2015,67.3
Tonga,TON,Access to electricity (% of population),EG.ELC.ACCS.ZS,2015,100.0
Trinidad and Tobago,TTO,Access to electricity (% of population),EG.ELC.ACCS.ZS,2015,100.0
Tunisia,TUN,Access to electricity (% of population),EG.ELC.ACCS.ZS,2015,99.9
Turkiye,TUR,Access to electricity (% of population),EG.ELC.ACCS.ZS,2015,100.0
Tuvalu,TUV,Access to electricity (% of population),EG.ELC.ACCS.ZS,2015,98.1
Tanzania,TZA,Access to electricity (% of population),EG.ELC.ACCS.ZS,2015,26.2
Uganda,UGA,Access to electricity (% of population),EG.ELC.ACCS.ZS,2015,18.5
Ukraine,UKR,Access to electricity (% of population),EG.ELC.ACCS.ZS,2015,100.0
Uruguay,URY,Access to electricity (% of population),EG.ELC.ACCS.ZS,2015,99.7
United States,USA,Access to electricity (% of population),EG.ELC.ACCS.ZS,2015,100.0
Uzbekistan,UZB,Access to electricity (% of population),EG.ELC.ACCS.ZS,2015,99.9
St. Vincent and the Grenadines,VCT,Access to electricity (% of population),EG.ELC.ACCS.ZS,2015,99.4
"Venezuela, RB",VEN,Access to electricity (% of population),EG.ELC.ACCS.ZS,2015,100.0
British Virgin Islands,VGB,Access to electricity (% of population),EG.ELC.ACCS.ZS,2015,100.0
Virgin Islands (U.S.),VIR,Access to electricity (% of population),EG.ELC.ACCS.ZS,2015,100.0
Viet Nam,VNM,Access to electricity (% of population),EG.ELC.ACCS.ZS,2015,99.3
Vanuatu,VUT,Access to electricity (% of population),EG.ELC.ACCS.ZS,2015,52.3
Samoa,WSM,Access to electricity (% of population),EG.ELC.ACCS.ZS,2015,98.2
"Yemen, Rep.",YEM,Access to electricity (% of population),EG.ELC.ACCS.ZS,2015,67.4
South Africa,ZAF,Access to electricity (% of population),EG.ELC.ACCS.ZS,2015,85.3
Zambia,ZMB,Access to electricity (% of population),EG.ELC.ACCS.ZS,2015,31.1
Zimbabwe,ZWE,Access to electricity (% of population),EG.ELC.ACCS.ZS,2015,33.7
Aruba,ABW,Access to electricity (% of population),EG.ELC.ACCS.ZS,2016,100.0
Afghanistan,AFG,Access to electricity (% of population),EG.ELC.ACCS.ZS,2016,97.7
Angola,AGO,Access to electricity (% of population),EG.ELC.ACCS.ZS,2016,41.8
Albania,ALB,Access to electricity (% of population),EG.ELC.ACCS.ZS,2016,99.9
Andorra,AND,Access to electricity (% of population),EG.ELC.ACCS.ZS,2016,100.0
United Arab Emirates,ARE,Access to electricity (% of population),EG.ELC.ACCS.ZS,2016,100.0
Argentina,ARG,Access to electricity (% of population),EG.ELC.ACCS.ZS,2016,99.9
Armenia,ARM,Access to electricity (% of population),EG.ELC.ACCS.ZS,2016,99.8
Antigua and Barbuda,ATG,Access to electricity (% of population),EG.ELC.ACCS.ZS,2016,100.0
Australia,AUS,Access to electricity (% of population),EG.ELC.ACCS.ZS,2016,100.0
Austria,AUT,Access to electricity (% of population),EG.ELC.ACCS.ZS,2016,100.0
Azerbaijan,AZE,Access to electricity (% of population),EG.ELC.ACCS.ZS,2016,100.0
Burundi,BDI,Access to electricity (% of population),EG.ELC.ACCS.ZS,2016,8.5
Belgium,BEL,Access to electricity (% of population),EG.ELC.ACCS.ZS,2016,100.0
Benin,BEN,Access to electricity (% of population),EG.ELC.ACCS.ZS,2016,37.0
Burkina Faso,BFA,Access to electricity (% of population),EG.ELC.ACCS.ZS,2016,16.6
Bangladesh,BGD,Access to electricity (% of population),EG.ELC.ACCS.ZS,2016,75.9
Bulgaria,BGR,Access to electricity (% of population),EG.ELC.ACCS.ZS,2016,97.3
Bahrain,BHR,Access to electricity (% of population),EG.ELC.ACCS.ZS,2016,100.0
"Bahamas, The",BHS,Access to electricity (% of population),EG.ELC.ACCS.ZS,2016,100.0
Bosnia and Herzegovina,BIH,Access to electricity (% of population),EG.ELC.ACCS.ZS,2016,100.0
Belarus,BLR,Access to electricity (% of population),EG.ELC.ACCS.ZS,2016,98.0
Belize,BLZ,Access to electricity (% of population),EG.ELC.ACCS.ZS,2016,93.3
Bermuda,BMU,Access to electricity (% of population),EG.ELC.ACCS.ZS,2016,100.0
Bolivia,BOL,Access to electricity (% of population),EG.ELC.ACCS.ZS,2016,91.8
Brazil,BRA,Access to electricity (% of population),EG.ELC.ACCS.ZS,2016,99.7
Barbados,BRB,Access to electricity (% of population),EG.ELC.ACCS.ZS,2016,100.0
Brunei Darussalam,BRN,Access to electricity (% of population),EG.ELC.ACCS.ZS,2016,100.0
Bhutan,BTN,Access to electricity (% of population),EG.ELC.ACCS.ZS,2016,99.3
Botswana,BWA,Access to electricity (% of population),EG.ELC.ACCS.ZS,2016,64.2
Central African Republic,CAF,Access to electricity (% of population),EG.ELC.ACCS.ZS,2016,13.4
Canada,CAN,Access to electricity (% of population),EG.ELC.ACCS.ZS,2016,100.0
Switzerland,CHE,Access to electricity (% of population),EG.ELC.ACCS.ZS,2016,100.0
Chile,CHL,Access to electricity (% of population),EG.ELC.ACCS.ZS,2016,100.0
China,CHN,Access to electricity (% of population),EG.ELC.ACCS.ZS,2016,100.0
Cote d'Ivoire,CIV,Access to electricity (% of population),EG.ELC.ACCS.ZS,2016,64.3
Cameroon,CMR,Access to electricity (% of population),EG.ELC.ACCS.ZS,2016,59.8
"Congo, Dem. Rep.",COD,Access to electricity (% of population),EG.ELC.ACCS.ZS,2016,17.3
"Congo, Rep.",COG,Access to electricity (% of population),EG.ELC.ACCS.ZS,2016,45.3
Colombia,COL,Access to electricity (% of population),EG.ELC.ACCS.ZS,2016,98.4
Comoros,COM,Access to electricity (% of population),EG.ELC.ACCS.ZS,2016,76.4
Cabo Verde,CPV,Access to electricity (% of population),EG.ELC.ACCS.ZS,2016,87.5
Costa Rica,CRI,Access to electricity (% of population),EG.ELC.ACCS.ZS,2016,99.5
Cuba,CUB,Access to electricity (% of population),EG.ELC.ACCS.ZS,2016,99.2
Curacao,CUW,Access to electricity (% of population),EG.ELC.ACCS.ZS,2016,100.0
Cayman Islands,CYM,Access to electricity (% of population),EG.ELC.ACCS.ZS,2016,100.0
Cyprus,CYP,Access to electricity (% of population),EG.ELC.ACCS.ZS,2016,100.0
Czechia,CZE,Access to electricity (% of population),EG.ELC.ACCS.ZS,2016,100.0
Germany,DEU,Access to electricity (% of population),EG.ELC.ACCS.ZS,2016,100.0
Djibouti,DJI,Access to electricity (% of population),EG.ELC.ACCS.ZS,2016,59.8
Dominica,DMA,Access to electricity (% of population),EG.ELC.ACCS.ZS,2016,97.8
Denmark,DNK,Access to electricity (% of population),EG.ELC.ACCS.ZS,2016,100.0
Dominican Republic,DOM,Access to electricity (% of population),EG.ELC.ACCS.ZS,2016,98.9
Algeria,DZA,Access to electricity (% of population),EG.ELC.ACCS.ZS,2016,99.4
Ecuador,ECU,Access to electricity (% of population),EG.ELC.ACCS.ZS,2016,98.7
"Egypt, Arab Rep.",EGY,Access to electricity (% of population),EG.ELC.ACCS.ZS,2016,100.0
Eritrea,ERI,Access to electricity (% of population),EG.ELC.ACCS.ZS,2016,46.9
Spain,ESP,Access to electricity (% of population),EG.ELC.ACCS.ZS,2016,100.0
Estonia,EST,Access to electricity (% of population),EG.ELC.ACCS.ZS,2016,100.0
Ethiopia,ETH,Access to electricity (% of population),EG.ELC.ACCS.ZS,2016,42.9
Finland,FIN,Access to electricity (% of population),EG.ELC.ACCS.ZS,2016,100.0
Fiji,FJI,Access to electricity (% of population),EG.ELC.ACCS.ZS,2016,93.4
France,FRA,Access to electricity (% of population),EG.ELC.ACCS.ZS,2016,100.0
Faroe Islands,FRO,Access to electricity (% of population),EG.ELC.ACCS.ZS,2016,100.0
"Micronesia, Fed. Sts.",FSM,Access to electricity (% of population),EG.ELC.ACCS.ZS,2016,74.8
Gabon,GAB,Access to electricity (% of population),EG.ELC.ACCS.ZS,2016,88.1
United Kingdom,GBR,Access to electricity (% of population),EG.ELC.ACCS.ZS,2016,100.0
Georgia,GEO,Access to electricity (% of population),EG.ELC.ACCS.ZS,2016,100.0
Ghana,GHA,Access to electricity (% of population),EG.ELC.ACCS.ZS,2016,79.3
Gibraltar,GIB,Access to electricity (% of population),EG.ELC.ACCS.ZS,2016,100.0
Guinea,GIN,Access to electricity (% of population),EG.ELC.ACCS.ZS,2016,33.5
"Gambia, The",GMB,Access to electricity (% of population),EG.ELC.ACCS.ZS,2016,56.4
Guinea-Bissau,GNB,Access to electricity (% of population),EG.ELC.ACCS.ZS,2016,22.9
Equatorial Guinea,GNQ,Access to electricity (% of population),EG.ELC.ACCS.ZS,2016,66.2
Greece,GRC,Access to electricity (% of population),EG.ELC.ACCS.ZS,2016,100.0
Grenada,GRD,Access to electricity (% of population),EG.ELC.ACCS.ZS,2016,91.8
Greenland,GRL,Access to electricity (% of population),EG.ELC.ACCS.ZS,2016,100.0
Guatemala,GTM,Access to electricity (% of population),EG.ELC.ACCS.ZS,2016,91.8
Guam,GUM,Access to electricity (% of population),EG.ELC.ACCS.ZS,2016,100.0
Guyana,GUY,Access to electricity (% of population),EG.ELC.ACCS.ZS,2016,89.0
"Hong Kong SAR, China",HKG,Access to electricity (% of population),EG.ELC.ACCS.ZS,2016,100.0
Honduras,HND,Access to electricity (% of population),EG.ELC.ACCS.ZS,2016,91.6
Croatia,HRV,Access to electricity (% of population),EG.ELC.ACCS.ZS,2016,100.0
Haiti,HTI,Access to electricity (% of population),EG.ELC.ACCS.ZS,2016,40.4
Hungary,HUN,Access to electricity (% of population),EG.ELC.ACCS.ZS,2016,100.0
Indonesia,IDN,Access to electricity (% of population),EG.ELC.ACCS.ZS,2016,97.6
Isle of Man,IMN,Access to electricity (% of population),EG.ELC.ACCS.ZS,2016,100.0
India,IND,Access to electricity (% of population),EG.ELC.ACCS.ZS,2016,89.6
Ireland,IRL,Access to electricity (% of population),EG.ELC.ACCS.ZS,2016,100.0
"Iran, Islamic Rep.",IRN,Access to electricity (% of population),EG.ELC.ACCS.ZS,2016,100.0
Iraq,IRQ,Access to electricity (% of population),EG.ELC.ACCS.ZS,2016,99.7
Iceland,ISL,Access to electricity (% of population),EG.ELC.ACCS.ZS,2016,100.0
Israel,ISR,Access to electricity (% of population),EG.ELC.ACCS.ZS,2016,100.0
Italy,ITA,Access to electricity (% of population),EG.ELC.ACCS.ZS,2016,100.0
Jamaica,JAM,Access to electricity (% of population),EG.ELC.ACCS.ZS,2016,96.6
Jordan,JOR,Access to electricity (% of population),EG.ELC.ACCS.ZS,2016,100.0
Japan,JPN,Access to electricity (% of population),EG.ELC.ACCS.ZS,2016,100.0
Kazakhstan,KAZ,Access to electricity (% of population),EG.ELC.ACCS.ZS,2016,100.0
Kenya,KEN,Access to electricity (% of population),EG.ELC.ACCS.ZS,2016,53.1
Kyrgyz Republic,KGZ,Access to electricity (% of population),EG.ELC.ACCS.ZS,2016,99.7
Cambodia,KHM,Access to electricity (% of population),EG.ELC.ACCS.ZS,2016,68.8
Kiribati,KIR,Access to electricity (% of population),EG.ELC.ACCS.ZS,2016,92.6
St. Kitts and Nevis,KNA,Access to electricity (% of population),EG.ELC.ACCS.ZS,2016,100.0
"Korea, Rep.",KOR,Access to electricity (% of population),EG.ELC.ACCS.ZS,2016,100.0
Kuwait,KWT,Access to electricity (% of population),EG.ELC.ACCS.ZS,2016,100.0
Lao PDR,LAO,Access to electricity (% of population),EG.ELC.ACCS.ZS,2016,89.0
Lebanon,LBN,Access to electricity (% of population),EG.ELC.ACCS.ZS,2016,99.8
Liberia,LBR,Access to electricity (% of population),EG.ELC.ACCS.ZS,2016,17.7
Libya,LBY,Access to electricity (% of population),EG.ELC.ACCS.ZS,2016,72.2
St. Lucia,LCA,Access to electricity (% of population),EG.ELC.ACCS.ZS,2016,99.8
Liechtenstein,LIE,Access to electricity (% of population),EG.ELC.ACCS.ZS,2016,100.0
Sri Lanka,LKA,Access to electricity (% of population),EG.ELC.ACCS.ZS,2016,97.5
Lesotho,LSO,Access to electricity (% of population),EG.ELC.ACCS.ZS,2016,35.1
Lithuania,LTU,Access to electricity (% of population),EG.ELC.ACCS.ZS,2016,100.0
Luxembourg,LUX,Access to electricity (% of population),EG.ELC.ACCS.ZS,2016,100.0
Latvia,LVA,Access to electricity (% of population),EG.ELC.ACCS.ZS,2016,100.0
"Macao SAR, China",MAC,Access to electricity (% of population),EG.ELC.ACCS.ZS,2016,100.0
St. Martin (French part),MAF,Access to electricity (% of population),EG.ELC.ACCS.ZS,2016,100.0
Morocco,MAR,Access to electricity (% of population),EG.ELC.ACCS.ZS,2016,97.8
Monaco,MCO,Access to electricity (% of population),EG.ELC.ACCS.ZS,2016,100.0
Moldova,MDA,Access to electricity (% of population),EG.ELC.ACCS.ZS,2016,99.9
Madagascar,MDG,Access to electricity (% of population),EG.ELC.ACCS.ZS,2016,22.9
Maldives,MDV,Access to electricity (% of population),EG.ELC.ACCS.ZS,2016,100.0
Mexico,MEX,Access to electricity (% of population),EG.ELC.ACCS.ZS,2016,99.5
Marshall Islands,MHL,Access to electricity (% of population),EG.ELC.ACCS.ZS,2016,92.7
North Macedonia,MKD,Access to electricity (% of population),EG.ELC.ACCS.ZS,2016,100.0
Mali,MLI,Access to electricity (% of population),EG.ELC.ACCS.ZS,2016,38.8
Malta,MLT,Access to electricity (% of population),EG.ELC.ACCS.ZS,2016,100.0
Myanmar,MMR,Access to electricity (% of population),EG.ELC.ACCS.ZS,2016,55.6
Montenegro,MNE,Access to electricity (% of population),EG.ELC.ACCS.ZS,2016,99.6
Mongolia,MNG,Access to electricity (% of population),EG.ELC.ACCS.ZS,2016,90.8
Northern Mariana Islands,MNP,Access to electricity (% of population),EG.ELC.ACCS.ZS,2016,100.0
Mozambique,MOZ,Access to electricity (% of population),EG.ELC.ACCS.ZS,2016,26.2
Mauritania,MRT,Access to electricity (% of population),EG.ELC.ACCS.ZS,2016,41.2
Mauritius,MUS,Access to electricity (% of population),EG.ELC.ACCS.ZS,2016,99.7
Malawi,MWI,Access to electricity (% of population),EG.ELC.ACCS.ZS,2016,11.0
Malaysia,MYS,Access to electricity (% of population),EG.ELC.ACCS.ZS,2016,99.9
Namibia,NAM,Access to electricity (% of population),EG.ELC.ACCS.ZS,2016,49.7
New Caledonia,NCL,Access to electricity (% of population),EG.ELC.ACCS.ZS,2016,100.0
Niger,NER,Access to electricity (% of population),EG.ELC.ACCS.ZS,2016,17.0
Nigeria,NGA,Access to electricity (% of population),EG.ELC.ACCS.ZS,2016,59.3
Nicaragua,NIC,Access to electricity (% of population),EG.ELC.ACCS.ZS,2016,83.9
Netherlands,NLD,Access to electricity (% of population),EG.ELC.ACCS.ZS,2016,100.0
Norway,NOR,Access to electricity (% of population),EG.ELC.ACCS.ZS,2016,100.0
Nepal,NPL,Access to electricity (% of population),EG.ELC.ACCS.ZS,2016,90.7
Nauru,NRU,Access to electricity (% of population),EG.ELC.ACCS.ZS,2016,99.7
New Zealand,NZL,Access to electricity (% of population),EG.ELC.ACCS.ZS,2016,100.0
Oman,OMN,Access to electricity (% of population),EG.ELC.ACCS.ZS,2016,100.0
Pakistan,PAK,Access to electricity (% of population),EG.ELC.ACCS.ZS,2016,91.8
Panama,PAN,Access to electricity (% of population),EG.ELC.ACCS.ZS,2016,92.4
Peru,PER,Access to electricity (% of population),EG.ELC.ACCS.ZS,2016,94.2
Philippines,PHL,Access to electricity (% of population),EG.ELC.ACCS.ZS,2016,92.0
Palau,PLW,Access to electricity (% of population),EG.ELC.ACCS.ZS,2016,100.0
Papua New Guinea,PNG,Access to electricity (% of population),EG.ELC.ACCS.ZS,2016,13.5
Poland,POL,Access to electricity (% of population),EG.ELC.ACCS.ZS,2016,100.0
Puerto Rico (US),PRI,Access to electricity (% of population),EG.ELC.ACCS.ZS,2016,100.0
"Korea, Dem. People's Rep.",PRK,Access to electricity (% of population),EG.ELC.ACCS.ZS,2016,42.1
Portugal,PRT,Access to electricity (% of population),EG.ELC.ACCS.ZS,2016,100.0
Paraguay,PRY,Access to electricity (% of population),EG.ELC.ACCS.ZS,2016,98.4
West Bank and Gaza,PSE,Access to electricity (% of population),EG.ELC.ACCS.ZS,2016,100.0
French Polynesia,PYF,Access to electricity (% of population),EG.ELC.ACCS.ZS,2016,100.0
Qatar,QAT,Access to electricity (% of population),EG.ELC.ACCS.ZS,2016,100.0
Romania,ROU,Access to electricity (% of population),EG.ELC.ACCS.ZS,2016,99.1
Russian Federation,RUS,Access to electricity (% of population),EG.ELC.ACCS.ZS,2016,99.4
Rwanda,RWA,Access to electricity (% of population),EG.ELC.ACCS.ZS,2016,29.4
Saudi Arabia,SAU,Access to electricity (% of population),EG.ELC.ACCS.ZS,2016,99.9
Sudan,SDN,Access to electricity (% of population),EG.ELC.ACCS.ZS,2016,50.5
Senegal,SEN,Access to electricity (% of population),EG.ELC.ACCS.ZS,2016,64.5
Singapore,SGP,Access to electricity (% of population),EG.ELC.ACCS.ZS,2016,100.0
Solomon Islands,SLB,Access to electricity (% of population),EG.ELC.ACCS.ZS,2016,58.2
Sierra Leone,SLE,Access to electricity (% of population),EG.ELC.ACCS.ZS,2016,20.3
El Salvador,SLV,Access to electricity (% of population),EG.ELC.ACCS.ZS,2016,96.0
San Marino,SMR,Access to electricity (% of population),EG.ELC.ACCS.ZS,2016,100.0
"Somalia, Fed. Rep.",SOM,Access to electricity (% of population),EG.ELC.ACCS.ZS,2016,51.1
Serbia,SRB,Access to electricity (% of population),EG.ELC.ACCS.ZS,2016,99.9
South Sudan,SSD,Access to electricity (% of population),EG.ELC.ACCS.ZS,2016,5.3
Sao Tome and Principe,STP,Access to electricity (% of population),EG.ELC.ACCS.ZS,2016,69.4
Suriname,SUR,Access to electricity (% of population),EG.ELC.ACCS.ZS,2016,95.8
Slovak Republic,SVK,Access to electricity (% of population),EG.ELC.ACCS.ZS,2016,100.0
Slovenia,SVN,Access to electricity (% of population),EG.ELC.ACCS.ZS,2016,100.0
Sweden,SWE,Access to electricity (% of population),EG.ELC.ACCS.ZS,2016,100.0
Eswatini,SWZ,Access to electricity (% of population),EG.ELC.ACCS.ZS,2016,63.4
Sint Maarten (Dutch part),SXM,Access to electricity (% of population),EG.ELC.ACCS.ZS,2016,100.0
Seychelles,SYC,Access to electricity (% of population),EG.ELC.ACCS.ZS,2016,100.0
Syrian Arab Republic,SYR,Access to electricity (% of population),EG.ELC.ACCS.ZS,2016,89.8
Turks and Caicos Islands,TCA,Access to electricity (% of population),EG.ELC.ACCS.ZS,2016,100.0
Chad,TCD,Access to electricity (% of population),EG.ELC.ACCS.ZS,2016,9.2
Togo,TGO,Access to electricity (% of population),EG.ELC.ACCS.ZS,2016,46.8
Thailand,THA,Access to electricity (% of population),EG.ELC.ACCS.ZS,2016,99.9
Tajikistan,TJK,Access to electricity (% of population),EG.ELC.ACCS.ZS,2016,99.3
Turkmenistan,TKM,Access to electricity (% of population),EG.ELC.ACCS.ZS,2016,100.0
Timor-Leste,TLS,Access to electricity (% of population),EG.ELC.ACCS.ZS,2016,76.5
Tonga,TON,Access to electricity (% of population),EG.ELC.ACCS.ZS,2016,97.0
Trinidad and Tobago,TTO,Access to electricity (% of population),EG.ELC.ACCS.ZS,2016,100.0
Tunisia,TUN,Access to electricity (% of population),EG.ELC.ACCS.ZS,2016,100.0
Turkiye,TUR,Access to electricity (% of population),EG.ELC.ACCS.ZS,2016,100.0
Tuvalu,TUV,Access to electricity (% of population),EG.ELC.ACCS.ZS,2016,97.3
Tanzania,TZA,Access to electricity (% of population),EG.ELC.ACCS.ZS,2016,32.8
Uganda,UGA,Access to electricity (% of population),EG.ELC.ACCS.ZS,2016,26.7
Ukraine,UKR,Access to electricity (% of population),EG.ELC.ACCS.ZS,2016,100.0
Uruguay,URY,Access to electricity (% of population),EG.ELC.ACCS.ZS,2016,99.7
United States,USA,Access to electricity (% of population),EG.ELC.ACCS.ZS,2016,100.0
Uzbekistan,UZB,Access to electricity (% of population),EG.ELC.ACCS.ZS,2016,99.9
St. Vincent and the Grenadines,VCT,Access to electricity (% of population),EG.ELC.ACCS.ZS,2016,99.7
"Venezuela, RB",VEN,Access to electricity (% of population),EG.ELC.ACCS.ZS,2016,99.4
British Virgin Islands,VGB,Access to electricity (% of population),EG.ELC.ACCS.ZS,2016,100.0
Virgin Islands (U.S.),VIR,Access to electricity (% of population),EG.ELC.ACCS.ZS,2016,100.0
Viet Nam,VNM,Access to electricity (% of population),EG.ELC.ACCS.ZS,2016,99.2
Vanuatu,VUT,Access to electricity (% of population),EG.ELC.ACCS.ZS,2016,57.8
Samoa,WSM,Access to electricity (% of population),EG.ELC.ACCS.ZS,2016,98.9
"Yemen, Rep.",YEM,Access to electricity (% of population),EG.ELC.ACCS.ZS,2016,68.9
South Africa,ZAF,Access to electricity (% of population),EG.ELC.ACCS.ZS,2016,83.9
Zambia,ZMB,Access to electricity (% of population),EG.ELC.ACCS.ZS,2016,35.4
Zimbabwe,ZWE,Access to electricity (% of population),EG.ELC.ACCS.ZS,2016,42.5
Aruba,ABW,Access to electricity (% of population),EG.ELC.ACCS.ZS,2017,100.0
Afghanistan,AFG,Access to electricity (% of population),EG.ELC.ACCS.ZS,2017,97.7
Angola,AGO,Access to electricity (% of population),EG.ELC.ACCS.ZS,2017,42.9
Albania,ALB,Access to electricity (% of population),EG.ELC.ACCS.ZS,2017,99.9
Andorra,AND,Access to electricity (% of population),EG.ELC.ACCS.ZS,2017,100.0
United Arab Emirates,ARE,Access to electricity (% of population),EG.ELC.ACCS.ZS,2017,100.0
Argentina,ARG,Access to electricity (% of population),EG.ELC.ACCS.ZS,2017,100.0
Armenia,ARM,Access to electricity (% of population),EG.ELC.ACCS.ZS,2017,99.7
Antigua and Barbuda,ATG,Access to electricity (% of population),EG.ELC.ACCS.ZS,2017,100.0
Australia,AUS,Access to electricity (% of population),EG.ELC.ACCS.ZS,2017,100.0
Austria,AUT,Access to electricity (% of population),EG.ELC.ACCS.ZS,2017,100.0
Azerbaijan,AZE,Access to electricity (% of population),EG.ELC.ACCS.ZS,2017,100.0
Burundi,BDI,Access to electricity (% of population),EG.ELC.ACCS.ZS,2017,9.3
Belgium,BEL,Access to electricity (% of population),EG.ELC.ACCS.ZS,2017,100.0
Benin,BEN,Access to electricity (% of population),EG.ELC.ACCS.ZS,2017,34.5
Burkina Faso,BFA,Access to electricity (% of population),EG.ELC.ACCS.ZS,2017,17.0
Bangladesh,BGD,Access to electricity (% of population),EG.ELC.ACCS.ZS,2017,88.0
Bulgaria,BGR,Access to electricity (% of population),EG.ELC.ACCS.ZS,2017,98.1
Bahrain,BHR,Access to electricity (% of population),EG.ELC.ACCS.ZS,2017,100.0
"Bahamas, The",BHS,Access to electricity (% of population),EG.ELC.ACCS.ZS,2017,100.0
Bosnia and Herzegovina,BIH,Access to electricity (% of population),EG.ELC.ACCS.ZS,2017,100.0
Belarus,BLR,Access to electricity (% of population),EG.ELC.ACCS.ZS,2017,98.7
Belize,BLZ,Access to electricity (% of population),EG.ELC.ACCS.ZS,2017,94.2
Bermuda,BMU,Access to electricity (% of population),EG.ELC.ACCS.ZS,2017,100.0
Bolivia,BOL,Access to electricity (% of population),EG.ELC.ACCS.ZS,2017,91.8
Brazil,BRA,Access to electricity (% of population),EG.ELC.ACCS.ZS,2017,99.8
Barbados,BRB,Access to electricity (% of population),EG.ELC.ACCS.ZS,2017,100.0
Brunei Darussalam,BRN,Access to electricity (% of population),EG.ELC.ACCS.ZS,2017,100.0
Bhutan,BTN,Access to electricity (% of population),EG.ELC.ACCS.ZS,2017,97.7
Botswana,BWA,Access to electricity (% of population),EG.ELC.ACCS.ZS,2017,67.4
Central African Republic,CAF,Access to electricity (% of population),EG.ELC.ACCS.ZS,2017,14.1
Canada,CAN,Access to electricity (% of population),EG.ELC.ACCS.ZS,2017,100.0
Switzerland,CHE,Access to electricity (% of population),EG.ELC.ACCS.ZS,2017,100.0
Chile,CHL,Access to electricity (% of population),EG.ELC.ACCS.ZS,2017,99.7
China,CHN,Access to electricity (% of population),EG.ELC.ACCS.ZS,2017,100.0
Cote d'Ivoire,CIV,Access to electricity (% of population),EG.ELC.ACCS.ZS,2017,65.6
Cameroon,CMR,Access to electricity (% of population),EG.ELC.ACCS.ZS,2017,60.9
"Congo, Dem. Rep.",COD,Access to electricity (% of population),EG.ELC.ACCS.ZS,2017,18.0
"Congo, Rep.",COG,Access to electricity (% of population),EG.ELC.ACCS.ZS,2017,46.2
Colombia,COL,Access to electricity (% of population),EG.ELC.ACCS.ZS,2017,98.5
Comoros,COM,Access to electricity (% of population),EG.ELC.ACCS.ZS,2017,78.7
Cabo Verde,CPV,Access to electricity (% of population),EG.ELC.ACCS.ZS,2017,88.6
Costa Rica,CRI,Access to electricity (% of population),EG.ELC.ACCS.ZS,2017,99.6
Cuba,CUB,Access to electricity (% of population),EG.ELC.ACCS.ZS,2017,99.4
Curacao,CUW,Access to electricity (% of population),EG.ELC.ACCS.ZS,2017,100.0
Cayman Islands,CYM,Access to electricity (% of population),EG.ELC.ACCS.ZS,2017,100.0
Cyprus,CYP,Access to electricity (% of population),EG.ELC.ACCS.ZS,2017,100.0
Czechia,CZE,Access to electricity (% of population),EG.ELC.ACCS.ZS,2017,100.0
Germany,DEU,Access to electricity (% of population),EG.ELC.ACCS.ZS,2017,100.0
Djibouti,DJI,Access to electricity (% of population),EG.ELC.ACCS.ZS,2017,60.2
Dominica,DMA,Access to electricity (% of population),EG.ELC.ACCS.ZS,2017,98.9
Denmark,DNK,Access to electricity (% of population),EG.ELC.ACCS.ZS,2017,100.0
Dominican Republic,DOM,Access to electricity (% of population),EG.ELC.ACCS.ZS,2017,100.0
Algeria,DZA,Access to electricity (% of population),EG.ELC.ACCS.ZS,2017,99.5
Ecuador,ECU,Access to electricity (% of population),EG.ELC.ACCS.ZS,2017,99.2
"Egypt, Arab Rep.",EGY,Access to electricity (% of population),EG.ELC.ACCS.ZS,2017,100.0
Eritrea,ERI,Access to electricity (% of population),EG.ELC.ACCS.ZS,2017,48.0
Spain,ESP,Access to electricity (% of population),EG.ELC.ACCS.ZS,2017,100.0
Estonia,EST,Access to electricity (% of population),EG.ELC.ACCS.ZS,2017,100.0
Ethiopia,ETH,Access to electricity (% of population),EG.ELC.ACCS.ZS,2017,44.3
Finland,FIN,Access to electricity (% of population),EG.ELC.ACCS.ZS,2017,100.0
Fiji,FJI,Access to electricity (% of population),EG.ELC.ACCS.ZS,2017,96.0
France,FRA,Access to electricity (% of population),EG.ELC.ACCS.ZS,2017,100.0
Faroe Islands,FRO,Access to electricity (% of population),EG.ELC.ACCS.ZS,2017,100.0
"Micronesia, Fed. Sts.",FSM,Access to electricity (% of population),EG.ELC.ACCS.ZS,2017,76.5
Gabon,GAB,Access to electricity (% of population),EG.ELC.ACCS.ZS,2017,86.3
United Kingdom,GBR,Access to electricity (% of population),EG.ELC.ACCS.ZS,2017,100.0
Georgia,GEO,Access to electricity (% of population),EG.ELC.ACCS.ZS,2017,100.0
Ghana,GHA,Access to electricity (% of population),EG.ELC.ACCS.ZS,2017,79.0
Gibraltar,GIB,Access to electricity (% of population),EG.ELC.ACCS.ZS,2017,100.0
Guinea,GIN,Access to electricity (% of population),EG.ELC.ACCS.ZS,2017,35.4
"Gambia, The",GMB,Access to electricity (% of population),EG.ELC.ACCS.ZS,2017,56.2
Guinea-Bissau,GNB,Access to electricity (% of population),EG.ELC.ACCS.ZS,2017,26.0
Equatorial Guinea,GNQ,Access to electricity (% of population),EG.ELC.ACCS.ZS,2017,66.4
Greece,GRC,Access to electricity (% of population),EG.ELC.ACCS.ZS,2017,100.0
Grenada,GRD,Access to electricity (% of population),EG.ELC.ACCS.ZS,2017,92.2
Greenland,GRL,Access to electricity (% of population),EG.ELC.ACCS.ZS,2017,100.0
Guatemala,GTM,Access to electricity (% of population),EG.ELC.ACCS.ZS,2017,93.3
Guam,GUM,Access to electricity (% of population),EG.ELC.ACCS.ZS,2017,100.0
Guyana,GUY,Access to electricity (% of population),EG.ELC.ACCS.ZS,2017,90.0
"Hong Kong SAR, China",HKG,Access to electricity (% of population),EG.ELC.ACCS.ZS,2017,100.0
Honduras,HND,Access to electricity (% of population),EG.ELC.ACCS.ZS,2017,86.5
Croatia,HRV,Access to electricity (% of population),EG.ELC.ACCS.ZS,2017,100.0
Haiti,HTI,Access to electricity (% of population),EG.ELC.ACCS.ZS,2017,43.3
Hungary,HUN,Access to electricity (% of population),EG.ELC.ACCS.ZS,2017,100.0
Indonesia,IDN,Access to electricity (% of population),EG.ELC.ACCS.ZS,2017,98.1
Isle of Man,IMN,Access to electricity (% of population),EG.ELC.ACCS.ZS,2017,100.0
India,IND,Access to electricity (% of population),EG.ELC.ACCS.ZS,2017,91.8
Ireland,IRL,Access to electricity (% of population),EG.ELC.ACCS.ZS,2017,100.0
"Iran, Islamic Rep.",IRN,Access to electricity (% of population),EG.ELC.ACCS.ZS,2017,99.9
Iraq,IRQ,Access to electricity (% of population),EG.ELC.ACCS.ZS,2017,99.9
Iceland,ISL,Access to electricity (% of population),EG.ELC.ACCS.ZS,2017,100.0
Israel,ISR,Access to electricity (% of population),EG.ELC.ACCS.ZS,2017,100.0
Italy,ITA,Access to electricity (% of population),EG.ELC.ACCS.ZS,2017,100.0
Jamaica,JAM,Access to electricity (% of population),EG.ELC.ACCS.ZS,2017,97.4
Jordan,JOR,Access to electricity (% of population),EG.ELC.ACCS.ZS,2017,100.0
Japan,JPN,Access to electricity (% of population),EG.ELC.ACCS.ZS,2017,100.0
Kazakhstan,KAZ,Access to electricity (% of population),EG.ELC.ACCS.ZS,2017,100.0
Kenya,KEN,Access to electricity (% of population),EG.ELC.ACCS.ZS,2017,55.8
Kyrgyz Republic,KGZ,Access to electricity (% of population),EG.ELC.ACCS.ZS,2017,100.0
Cambodia,KHM,Access to electricity (% of population),EG.ELC.ACCS.ZS,2017,89.1
Kiribati,KIR,Access to electricity (% of population),EG.ELC.ACCS.ZS,2017,85.7
St. Kitts and Nevis,KNA,Access to electricity (% of population),EG.ELC.ACCS.ZS,2017,100.0
"Korea, Rep.",KOR,Access to electricity (% of population),EG.ELC.ACCS.ZS,2017,100.0
Kuwait,KWT,Access to electricity (% of population),EG.ELC.ACCS.ZS,2017,100.0
Lao PDR,LAO,Access to electricity (% of population),EG.ELC.ACCS.ZS,2017,93.6
Lebanon,LBN,Access to electricity (% of population),EG.ELC.ACCS.ZS,2017,99.9
Liberia,LBR,Access to electricity (% of population),EG.ELC.ACCS.ZS,2017,24.2
Libya,LBY,Access to electricity (% of population),EG.ELC.ACCS.ZS,2017,70.6
St. Lucia,LCA,Access to electricity (% of population),EG.ELC.ACCS.ZS,2017,99.9
Liechtenstein,LIE,Access to electricity (% of population),EG.ELC.ACCS.ZS,2017,100.0
Sri Lanka,LKA,Access to electricity (% of population),EG.ELC.ACCS.ZS,2017,97.5
Lesotho,LSO,Access to electricity (% of population),EG.ELC.ACCS.ZS,2017,33.7
Lithuania,LTU,Access to electricity (% of population),EG.ELC.ACCS.ZS,2017,100.0
Luxembourg,LUX,Access to electricity (% of population),EG.ELC.ACCS.ZS,2017,100.0
Latvia,LVA,Access to electricity (% of population),EG.ELC.ACCS.ZS,2017,100.0
"Macao SAR, China",MAC,Access to electricity (% of population),EG.ELC.ACCS.ZS,2017,100.0
St. Martin (French part),MAF,Access to electricity (% of population),EG.ELC.ACCS.ZS,2017,100.0
Morocco,MAR,Access to electricity (% of population),EG.ELC.ACCS.ZS,2017,100.0
Monaco,MCO,Access to electricity (% of population),EG.ELC.ACCS.ZS,2017,100.0
Moldova,MDA,Access to electricity (% of population),EG.ELC.ACCS.ZS,2017,100.0
Madagascar,MDG,Access to electricity (% of population),EG.ELC.ACCS.ZS,2017,24.1
Maldives,MDV,Access to electricity (% of population),EG.ELC.ACCS.ZS,2017,99.8
Mexico,MEX,Access to electricity (% of population),EG.ELC.ACCS.ZS,2017,100.0
Marshall Islands,MHL,Access to electricity (% of population),EG.ELC.ACCS.ZS,2017,93.8
North Macedonia,MKD,Access to electricity (% of population),EG.ELC.ACCS.ZS,2017,100.0
Mali,MLI,Access to electricity (% of population),EG.ELC.ACCS.ZS,2017,34.8
Malta,MLT,Access to electricity (% of population),EG.ELC.ACCS.ZS,2017,100.0
Myanmar,MMR,Access to electricity (% of population),EG.ELC.ACCS.ZS,2017,69.8
Montenegro,MNE,Access to electricity (% of population),EG.ELC.ACCS.ZS,2017,100.0
Mongolia,MNG,Access to electricity (% of population),EG.ELC.ACCS.ZS,2017,93.6
Northern Mariana Islands,MNP,Access to electricity (% of population),EG.ELC.ACCS.ZS,2017,100.0
Mozambique,MOZ,Access to electricity (% of population),EG.ELC.ACCS.ZS,2017,24.3
Mauritania,MRT,Access to electricity (% of population),EG.ELC.ACCS.ZS,2017,42.9
Mauritius,MUS,Access to electricity (% of population),EG.ELC.ACCS.ZS,2017,99.6
Malawi,MWI,Access to electricity (% of population),EG.ELC.ACCS.ZS,2017,12.7
Malaysia,MYS,Access to electricity (% of population),EG.ELC.ACCS.ZS,2017,100.0
Namibia,NAM,Access to electricity (% of population),EG.ELC.ACCS.ZS,2017,52.5
New Caledonia,NCL,Access to electricity (% of population),EG.ELC.ACCS.ZS,2017,100.0
Niger,NER,Access to electricity (% of population),EG.ELC.ACCS.ZS,2017,17.6
Nigeria,NGA,Access to electricity (% of population),EG.ELC.ACCS.ZS,2017,54.4
Nicaragua,NIC,Access to electricity (% of population),EG.ELC.ACCS.ZS,2017,84.6
Netherlands,NLD,Access to electricity (% of population),EG.ELC.ACCS.ZS,2017,100.0
Norway,NOR,Access to electricity (% of population),EG.ELC.ACCS.ZS,2017,100.0
Nepal,NPL,Access to electricity (% of population),EG.ELC.ACCS.ZS,2017,86.6
Nauru,NRU,Access to electricity (% of population),EG.ELC.ACCS.ZS,2017,99.8
New Zealand,NZL,Access to electricity (% of population),EG.ELC.ACCS.ZS,2017,100.0
Oman,OMN,Access to electricity (% of population),EG.ELC.ACCS.ZS,2017,100.0
Pakistan,PAK,Access to electricity (% of population),EG.ELC.ACCS.ZS,2017,92.7
Panama,PAN,Access to electricity (% of population),EG.ELC.ACCS.ZS,2017,93.7
Peru,PER,Access to electricity (% of population),EG.ELC.ACCS.ZS,2017,94.8
Philippines,PHL,Access to electricity (% of population),EG.ELC.ACCS.ZS,2017,93.0
Palau,PLW,Access to electricity (% of population),EG.ELC.ACCS.ZS,2017,100.0
Papua New Guinea,PNG,Access to electricity (% of population),EG.ELC.ACCS.ZS,2017,19.2
Poland,POL,Access to electricity (% of population),EG.ELC.ACCS.ZS,2017,100.0
Puerto Rico (US),PRI,Access to electricity (% of population),EG.ELC.ACCS.ZS,2017,100.0
"Korea, Dem. People's Rep.",PRK,Access to electricity (% of population),EG.ELC.ACCS.ZS,2017,44.2
Portugal,PRT,Access to electricity (% of population),EG.ELC.ACCS.ZS,2017,100.0
Paraguay,PRY,Access to electricity (% of population),EG.ELC.ACCS.ZS,2017,99.3
West Bank and Gaza,PSE,Access to electricity (% of population),EG.ELC.ACCS.ZS,2017,99.9
French Polynesia,PYF,Access to electricity (% of population),EG.ELC.ACCS.ZS,2017,100.0
Qatar,QAT,Access to electricity (% of population),EG.ELC.ACCS.ZS,2017,100.0
Romania,ROU,Access to electricity (% of population),EG.ELC.ACCS.ZS,2017,100.0
Russian Federation,RUS,Access to electricity (% of population),EG.ELC.ACCS.ZS,2017,100.0
Rwanda,RWA,Access to electricity (% of population),EG.ELC.ACCS.ZS,2017,34.1
Saudi Arabia,SAU,Access to electricity (% of population),EG.ELC.ACCS.ZS,2017,100.0
Sudan,SDN,Access to electricity (% of population),EG.ELC.ACCS.ZS,2017,53.0
Senegal,SEN,Access to electricity (% of population),EG.ELC.ACCS.ZS,2017,61.7
Singapore,SGP,Access to electricity (% of population),EG.ELC.ACCS.ZS,2017,100.0
Solomon Islands,SLB,Access to electricity (% of population),EG.ELC.ACCS.ZS,2017,62.9
Sierra Leone,SLE,Access to electricity (% of population),EG.ELC.ACCS.ZS,2017,23.4
El Salvador,SLV,Access to electricity (% of population),EG.ELC.ACCS.ZS,2017,96.8
San Marino,SMR,Access to electricity (% of population),EG.ELC.ACCS.ZS,2017,100.0
"Somalia, Fed. Rep.",SOM,Access to electricity (% of population),EG.ELC.ACCS.ZS,2017,52.1
Serbia,SRB,Access to electricity (% of population),EG.ELC.ACCS.ZS,2017,100.0
South Sudan,SSD,Access to electricity (% of population),EG.ELC.ACCS.ZS,2017,4.2
Sao Tome and Principe,STP,Access to electricity (% of population),EG.ELC.ACCS.ZS,2017,74.3
Suriname,SUR,Access to electricity (% of population),EG.ELC.ACCS.ZS,2017,96.6
Slovak Republic,SVK,Access to electricity (% of population),EG.ELC.ACCS.ZS,2017,100.0
Slovenia,SVN,Access to electricity (% of population),EG.ELC.ACCS.ZS,2017,100.0
Sweden,SWE,Access to electricity (% of population),EG.ELC.ACCS.ZS,2017,100.0
Eswatini,SWZ,Access to electricity (% of population),EG.ELC.ACCS.ZS,2017,73.5
Sint Maarten (Dutch part),SXM,Access to electricity (% of population),EG.ELC.ACCS.ZS,2017,100.0
Seychelles,SYC,Access to electricity (% of population),EG.ELC.ACCS.ZS,2017,100.0
Syrian Arab Republic,SYR,Access to electricity (% of population),EG.ELC.ACCS.ZS,2017,89.6
Turks and Caicos Islands,TCA,Access to electricity (% of population),EG.ELC.ACCS.ZS,2017,100.0
Chad,TCD,Access to electricity (% of population),EG.ELC.ACCS.ZS,2017,10.9
Togo,TGO,Access to electricity (% of population),EG.ELC.ACCS.ZS,2017,48.0
Thailand,THA,Access to electricity (% of population),EG.ELC.ACCS.ZS,2017,99.9
Tajikistan,TJK,Access to electricity (% of population),EG.ELC.ACCS.ZS,2017,99.3
Turkmenistan,TKM,Access to electricity (% of population),EG.ELC.ACCS.ZS,2017,100.0
Timor-Leste,TLS,Access to electricity (% of population),EG.ELC.ACCS.ZS,2017,79.5
Tonga,TON,Access to electricity (% of population),EG.ELC.ACCS.ZS,2017,98.2
Trinidad and Tobago,TTO,Access to electricity (% of population),EG.ELC.ACCS.ZS,2017,100.0
Tunisia,TUN,Access to electricity (% of population),EG.ELC.ACCS.ZS,2017,100.0
Turkiye,TUR,Access to electricity (% of population),EG.ELC.ACCS.ZS,2017,100.0
Tuvalu,TUV,Access to electricity (% of population),EG.ELC.ACCS.ZS,2017,98.7
Tanzania,TZA,Access to electricity (% of population),EG.ELC.ACCS.ZS,2017,32.1
Uganda,UGA,Access to electricity (% of population),EG.ELC.ACCS.ZS,2017,32.4
Ukraine,UKR,Access to electricity (% of population),EG.ELC.ACCS.ZS,2017,100.0
Uruguay,URY,Access to electricity (% of population),EG.ELC.ACCS.ZS,2017,99.8
United States,USA,Access to electricity (% of population),EG.ELC.ACCS.ZS,2017,100.0
Uzbekistan,UZB,Access to electricity (% of population),EG.ELC.ACCS.ZS,2017,100.0
St. Vincent and the Grenadines,VCT,Access to electricity (% of population),EG.ELC.ACCS.ZS,2017,100.0
"Venezuela, RB",VEN,Access to electricity (% of population),EG.ELC.ACCS.ZS,2017,99.2
British Virgin Islands,VGB,Access to electricity (% of population),EG.ELC.ACCS.ZS,2017,100.0
Virgin Islands (U.S.),VIR,Access to electricity (% of population),EG.ELC.ACCS.ZS,2017,100.0
Viet Nam,VNM,Access to electricity (% of population),EG.ELC.ACCS.ZS,2017,100.0
Vanuatu,VUT,Access to electricity (% of population),EG.ELC.ACCS.ZS,2017,62.8
Samoa,WSM,Access to electricity (% of population),EG.ELC.ACCS.ZS,2017,96.8
"Yemen, Rep.",YEM,Access to electricity (% of population),EG.ELC.ACCS.ZS,2017,79.2
South Africa,ZAF,Access to electricity (% of population),EG.ELC.ACCS.ZS,2017,84.4
Zambia,ZMB,Access to electricity (% of population),EG.ELC.ACCS.ZS,2017,40.3
Zimbabwe,ZWE,Access to electricity (% of population),EG.ELC.ACCS.ZS,2017,44.0
Aruba,ABW,Access to electricity (% of population),EG.ELC.ACCS.ZS,2018,100.0
Afghanistan,AFG,Access to electricity (% of population),EG.ELC.ACCS.ZS,2018,93.4
Angola,AGO,Access to electricity (% of population),EG.ELC.ACCS.ZS,2018,45.3
Albania,ALB,Access to electricity (% of population),EG.ELC.ACCS.ZS,2018,100.0
Andorra,AND,Access to electricity (% of population),EG.ELC.ACCS.ZS,2018,100.0
United Arab Emirates,ARE,Access to electricity (% of population),EG.ELC.ACCS.ZS,2018,100.0
Argentina,ARG,Access to electricity (% of population),EG.ELC.ACCS.ZS,2018,100.0
Armenia,ARM,Access to electricity (% of population),EG.ELC.ACCS.ZS,2018,99.9
Antigua and Barbuda,ATG,Access to electricity (% of population),EG.ELC.ACCS.ZS,2018,100.0
Australia,AUS,Access to electricity (% of population),EG.ELC.ACCS.ZS,2018,100.0
Austria,AUT,Access to electricity (% of population),EG.ELC.ACCS.ZS,2018,100.0
Azerbaijan,AZE,Access to electricity (% of population),EG.ELC.ACCS.ZS,2018,100.0
Burundi,BDI,Access to electricity (% of population),EG.ELC.ACCS.ZS,2018,9.5
Belgium,BEL,Access to electricity (% of population),EG.ELC.ACCS.ZS,2018,100.0
Benin,BEN,Access to electricity (% of population),EG.ELC.ACCS.ZS,2018,39.0
Burkina Faso,BFA,Access to electricity (% of population),EG.ELC.ACCS.ZS,2018,14.4
Bangladesh,BGD,Access to electricity (% of population),EG.ELC.ACCS.ZS,2018,86.9
Bulgaria,BGR,Access to electricity (% of population),EG.ELC.ACCS.ZS,2018,98.7
Bahrain,BHR,Access to electricity (% of population),EG.ELC.ACCS.ZS,2018,100.0
"Bahamas, The",BHS,Access to electricity (% of population),EG.ELC.ACCS.ZS,2018,100.0
Bosnia and Herzegovina,BIH,Access to electricity (% of population),EG.ELC.ACCS.ZS,2018,100.0
Belarus,BLR,Access to electricity (% of population),EG.ELC.ACCS.ZS,2018,99.3
Belize,BLZ,Access to electricity (% of population),EG.ELC.ACCS.ZS,2018,91.7
Bermuda,BMU,Access to electricity (% of population),EG.ELC.ACCS.ZS,2018,100.0
Bolivia,BOL,Access to electricity (% of population),EG.ELC.ACCS.ZS,2018,92.8
Brazil,BRA,Access to electricity (% of population),EG.ELC.ACCS.ZS,2018,99.7
Barbados,BRB,Access to electricity (% of population),EG.ELC.ACCS.ZS,2018,100.0
Brunei Darussalam,BRN,Access to electricity (% of population),EG.ELC.ACCS.ZS,2018,100.0
Bhutan,BTN,Access to electricity (% of population),EG.ELC.ACCS.ZS,2018,100.0
Botswana,BWA,Access to electricity (% of population),EG.ELC.ACCS.ZS,2018,68.3
Central African Republic,CAF,Access to electricity (% of population),EG.ELC.ACCS.ZS,2018,14.6
Canada,CAN,Access to electricity (% of population),EG.ELC.ACCS.ZS,2018,100.0
Switzerland,CHE,Access to electricity (% of population),EG.ELC.ACCS.ZS,2018,100.0
Chile,CHL,Access to electricity (% of population),EG.ELC.ACCS.ZS,2018,100.0
China,CHN,Access to electricity (% of population),EG.ELC.ACCS.ZS,2018,100.0
Cote d'Ivoire,CIV,Access to electricity (% of population),EG.ELC.ACCS.ZS,2018,67.1
Cameroon,CMR,Access to electricity (% of population),EG.ELC.ACCS.ZS,2018,62.2
"Congo, Dem. Rep.",COD,Access to electricity (% of population),EG.ELC.ACCS.ZS,2018,18.7
"Congo, Rep.",COG,Access to electricity (% of population),EG.ELC.ACCS.ZS,2018,47.0
Colombia,COL,Access to electricity (% of population),EG.ELC.ACCS.ZS,2018,98.5
Comoros,COM,Access to electricity (% of population),EG.ELC.ACCS.ZS,2018,81.0
Cabo Verde,CPV,Access to electricity (% of population),EG.ELC.ACCS.ZS,2018,90.2
Costa Rica,CRI,Access to electricity (% of population),EG.ELC.ACCS.ZS,2018,99.7
Cuba,CUB,Access to electricity (% of population),EG.ELC.ACCS.ZS,2018,99.6
Curacao,CUW,Access to electricity (% of population),EG.ELC.ACCS.ZS,2018,100.0
Cayman Islands,CYM,Access to electricity (% of population),EG.ELC.ACCS.ZS,2018,100.0
Cyprus,CYP,Access to electricity (% of population),EG.ELC.ACCS.ZS,2018,100.0
Czechia,CZE,Access to electricity (% of population),EG.ELC.ACCS.ZS,2018,100.0
Germany,DEU,Access to electricity (% of population),EG.ELC.ACCS.ZS,2018,100.0
Djibouti,DJI,Access to electricity (% of population),EG.ELC.ACCS.ZS,2018,62.4
Dominica,DMA,Access to electricity (% of population),EG.ELC.ACCS.ZS,2018,99.6
Denmark,DNK,Access to electricity (% of population),EG.ELC.ACCS.ZS,2018,100.0
Dominican Republic,DOM,Access to electricity (% of population),EG.ELC.ACCS.ZS,2018,98.9
Algeria,DZA,Access to electricity (% of population),EG.ELC.ACCS.ZS,2018,99.6
Ecuador,ECU,Access to electricity (% of population),EG.ELC.ACCS.ZS,2018,98.7
"Egypt, Arab Rep.",EGY,Access to electricity (% of population),EG.ELC.ACCS.ZS,2018,100.0
Eritrea,ERI,Access to electricity (% of population),EG.ELC.ACCS.ZS,2018,49.1
Spain,ESP,Access to electricity (% of population),EG.ELC.ACCS.ZS,2018,100.0
Estonia,EST,Access to electricity (% of population),EG.ELC.ACCS.ZS,2018,100.0
Ethiopia,ETH,Access to electricity (% of population),EG.ELC.ACCS.ZS,2018,44.8
Finland,FIN,Access to electricity (% of population),EG.ELC.ACCS.ZS,2018,100.0
Fiji,FJI,Access to electricity (% of population),EG.ELC.ACCS.ZS,2018,95.1
France,FRA,Access to electricity (% of population),EG.ELC.ACCS.ZS,2018,100.0
Faroe Islands,FRO,Access to electricity (% of population),EG.ELC.ACCS.ZS,2018,100.0
"Micronesia, Fed. Sts.",FSM,Access to electricity (% of population),EG.ELC.ACCS.ZS,2018,78.3
Gabon,GAB,Access to electricity (% of population),EG.ELC.ACCS.ZS,2018,89.6
United Kingdom,GBR,Access to electricity (% of population),EG.ELC.ACCS.ZS,2018,100.0
Georgia,GEO,Access to electricity (% of population),EG.ELC.ACCS.ZS,2018,99.9
Ghana,GHA,Access to electricity (% of population),EG.ELC.ACCS.ZS,2018,80.4
Gibraltar,GIB,Access to electricity (% of population),EG.ELC.ACCS.ZS,2018,100.0
Guinea,GIN,Access to electricity (% of population),EG.ELC.ACCS.ZS,2018,45.0
"Gambia, The",GMB,Access to electricity (% of population),EG.ELC.ACCS.ZS,2018,60.3
Guinea-Bissau,GNB,Access to electricity (% of population),EG.ELC.ACCS.ZS,2018,28.4
Equatorial Guinea,GNQ,Access to electricity (% of population),EG.ELC.ACCS.ZS,2018,66.5
Greece,GRC,Access to electricity (% of population),EG.ELC.ACCS.ZS,2018,100.0
Grenada,GRD,Access to electricity (% of population),EG.ELC.ACCS.ZS,2018,92.3
Greenland,GRL,Access to electricity (% of population),EG.ELC.ACCS.ZS,2018,100.0
Guatemala,GTM,Access to electricity (% of population),EG.ELC.ACCS.ZS,2018,94.2
Guam,GUM,Access to electricity (% of population),EG.ELC.ACCS.ZS,2018,100.0
Guyana,GUY,Access to electricity (% of population),EG.ELC.ACCS.ZS,2018,90.9
"Hong Kong SAR, China",HKG,Access to electricity (% of population),EG.ELC.ACCS.ZS,2018,100.0
Honduras,HND,Access to electricity (% of population),EG.ELC.ACCS.ZS,2018,91.6
Croatia,HRV,Access to electricity (% of population),EG.ELC.ACCS.ZS,2018,100.0
Haiti,HTI,Access to electricity (% of population),EG.ELC.ACCS.ZS,2018,44.4
Hungary,HUN,Access to electricity (% of population),EG.ELC.ACCS.ZS,2018,100.0
Indonesia,IDN,Access to electricity (% of population),EG.ELC.ACCS.ZS,2018,98.5
Isle of Man,IMN,Access to electricity (% of population),EG.ELC.ACCS.ZS,2018,100.0
India,IND,Access to electricity (% of population),EG.ELC.ACCS.ZS,2018,95.7
Ireland,IRL,Access to electricity (% of population),EG.ELC.ACCS.ZS,2018,100.0
"Iran, Islamic Rep.",IRN,Access to electricity (% of population),EG.ELC.ACCS.ZS,2018,100.0
Iraq,IRQ,Access to electricity (% of population),EG.ELC.ACCS.ZS,2018,99.9
Iceland,ISL,Access to electricity (% of population),EG.ELC.ACCS.ZS,2018,100.0
Israel,ISR,Access to electricity (% of population),EG.ELC.ACCS.ZS,2018,100.0
Italy,ITA,Access to electricity (% of population),EG.ELC.ACCS.ZS,2018,100.0
Jamaica,JAM,Access to electricity (% of population),EG.ELC.ACCS.ZS,2018,98.2
Jordan,JOR,Access to electricity (% of population),EG.ELC.ACCS.ZS,2018,99.9
Japan,JPN,Access to electricity (% of population),EG.ELC.ACCS.ZS,2018,100.0
Kazakhstan,KAZ,Access to electricity (% of population),EG.ELC.ACCS.ZS,2018,100.0
Kenya,KEN,Access to electricity (% of population),EG.ELC.ACCS.ZS,2018,61.2
Kyrgyz Republic,KGZ,Access to electricity (% of population),EG.ELC.ACCS.ZS,2018,100.0
Cambodia,KHM,Access to electricity (% of population),EG.ELC.ACCS.ZS,2018,80.7
Kiribati,KIR,Access to electricity (% of population),EG.ELC.ACCS.ZS,2018,87.5
St. Kitts and Nevis,KNA,Access to electricity (% of population),EG.ELC.ACCS.ZS,2018,100.0
"Korea, Rep.",KOR,Access to electricity (% of population),EG.ELC.ACCS.ZS,2018,100.0
Kuwait,KWT,Access to electricity (% of population),EG.ELC.ACCS.ZS,2018,100.0
Lao PDR,LAO,Access to electricity (% of population),EG.ELC.ACCS.ZS,2018,92.9
Lebanon,LBN,Access to electricity (% of population),EG.ELC.ACCS.ZS,2018,99.7
Liberia,LBR,Access to electricity (% of population),EG.ELC.ACCS.ZS,2018,22.8
Libya,LBY,Access to electricity (% of population),EG.ELC.ACCS.ZS,2018,67.0
St. Lucia,LCA,Access to electricity (% of population),EG.ELC.ACCS.ZS,2018,100.0
Liechtenstein,LIE,Access to electricity (% of population),EG.ELC.ACCS.ZS,2018,100.0
Sri Lanka,LKA,Access to electricity (% of population),EG.ELC.ACCS.ZS,2018,99.6
Lesotho,LSO,Access to electricity (% of population),EG.ELC.ACCS.ZS,2018,47.0
Lithuania,LTU,Access to electricity (% of population),EG.ELC.ACCS.ZS,2018,100.0
Luxembourg,LUX,Access to electricity (% of population),EG.ELC.ACCS.ZS,2018,100.0
Latvia,LVA,Access to electricity (% of population),EG.ELC.ACCS.ZS,2018,100.0
"Macao SAR, China",MAC,Access to electricity (% of population),EG.ELC.ACCS.ZS,2018,100.0
St. Martin (French part),MAF,Access to electricity (% of population),EG.ELC.ACCS.ZS,2018,100.0
Morocco,MAR,Access to electricity (% of population),EG.ELC.ACCS.ZS,2018,98.1
Monaco,MCO,Access to electricity (% of population),EG.ELC.ACCS.ZS,2018,100.0
Moldova,MDA,Access to electricity (% of population),EG.ELC.ACCS.ZS,2018,100.0
Madagascar,MDG,Access to electricity (% of population),EG.ELC.ACCS.ZS,2018,36.5
Maldives,MDV,Access to electricity (% of population),EG.ELC.ACCS.ZS,2018,100.0
Mexico,MEX,Access to electricity (% of population),EG.ELC.ACCS.ZS,2018,99.5
Marshall Islands,MHL,Access to electricity (% of population),EG.ELC.ACCS.ZS,2018,95.3
North Macedonia,MKD,Access to electricity (% of population),EG.ELC.ACCS.ZS,2018,99.8
Mali,MLI,Access to electricity (% of population),EG.ELC.ACCS.ZS,2018,50.9
Malta,MLT,Access to electricity (% of population),EG.ELC.ACCS.ZS,2018,100.0
Myanmar,MMR,Access to electricity (% of population),EG.ELC.ACCS.ZS,2018,66.1
Montenegro,MNE,Access to electricity (% of population),EG.ELC.ACCS.ZS,2018,100.0
Mongolia,MNG,Access to electricity (% of population),EG.ELC.ACCS.ZS,2018,98.1
Northern Mariana Islands,MNP,Access to electricity (% of population),EG.ELC.ACCS.ZS,2018,100.0
Mozambique,MOZ,Access to electricity (% of population),EG.ELC.ACCS.ZS,2018,31.1
Mauritania,MRT,Access to electricity (% of population),EG.ELC.ACCS.ZS,2018,43.6
Mauritius,MUS,Access to electricity (% of population),EG.ELC.ACCS.ZS,2018,99.8
Malawi,MWI,Access to electricity (% of population),EG.ELC.ACCS.ZS,2018,18.0
Malaysia,MYS,Access to electricity (% of population),EG.ELC.ACCS.ZS,2018,100.0
Namibia,NAM,Access to electricity (% of population),EG.ELC.ACCS.ZS,2018,52.3
New Caledonia,NCL,Access to electricity (% of population),EG.ELC.ACCS.ZS,2018,100.0
Niger,NER,Access to electricity (% of population),EG.ELC.ACCS.ZS,2018,17.6
Nigeria,NGA,Access to electricity (% of population),EG.ELC.ACCS.ZS,2018,56.5
Nicaragua,NIC,Access to electricity (% of population),EG.ELC.ACCS.ZS,2018,85.2
Netherlands,NLD,Access to electricity (% of population),EG.ELC.ACCS.ZS,2018,100.0
Norway,NOR,Access to electricity (% of population),EG.ELC.ACCS.ZS,2018,100.0
Nepal,NPL,Access to electricity (% of population),EG.ELC.ACCS.ZS,2018,93.9
Nauru,NRU,Access to electricity (% of population),EG.ELC.ACCS.ZS,2018,99.9
New Zealand,NZL,Access to electricity (% of population),EG.ELC.ACCS.ZS,2018,100.0
Oman,OMN,Access to electricity (% of population),EG.ELC.ACCS.ZS,2018,100.0
Pakistan,PAK,Access to electricity (% of population),EG.ELC.ACCS.ZS,2018,93.4
Panama,PAN,Access to electricity (% of population),EG.ELC.ACCS.ZS,2018,93.8
Peru,PER,Access to electricity (% of population),EG.ELC.ACCS.ZS,2018,95.2
Philippines,PHL,Access to electricity (% of population),EG.ELC.ACCS.ZS,2018,94.2
Palau,PLW,Access to electricity (% of population),EG.ELC.ACCS.ZS,2018,100.0
Papua New Guinea,PNG,Access to electricity (% of population),EG.ELC.ACCS.ZS,2018,16.6
Poland,POL,Access to electricity (% of population),EG.ELC.ACCS.ZS,2018,100.0
Puerto Rico (US),PRI,Access to electricity (% of population),EG.ELC.ACCS.ZS,2018,100.0
"Korea, Dem. People's Rep.",PRK,Access to electricity (% of population),EG.ELC.ACCS.ZS,2018,46.3
Portugal,PRT,Access to electricity (% of population),EG.ELC.ACCS.ZS,2018,100.0
Paraguay,PRY,Access to electricity (% of population),EG.ELC.ACCS.ZS,2018,99.6
West Bank and Gaza,PSE,Access to electricity (% of population),EG.ELC.ACCS.ZS,2018,100.0
French Polynesia,PYF,Access to electricity (% of population),EG.ELC.ACCS.ZS,2018,100.0
Qatar,QAT,Access to electricity (% of population),EG.ELC.ACCS.ZS,2018,100.0
Romania,ROU,Access to electricity (% of population),EG.ELC.ACCS.ZS,2018,99.8
Russian Federation,RUS,Access to electricity (% of population),EG.ELC.ACCS.ZS,2018,100.0
Rwanda,RWA,Access to electricity (% of population),EG.ELC.ACCS.ZS,2018,38.0
Saudi Arabia,SAU,Access to electricity (% of population),EG.ELC.ACCS.ZS,2018,99.9
Sudan,SDN,Access to electricity (% of population),EG.ELC.ACCS.ZS,2018,55.3
Senegal,SEN,Access to electricity (% of population),EG.ELC.ACCS.ZS,2018,66.0
Singapore,SGP,Access to electricity (% of population),EG.ELC.ACCS.ZS,2018,100.0
Solomon Islands,SLB,Access to electricity (% of population),EG.ELC.ACCS.ZS,2018,65.8
Sierra Leone,SLE,Access to electricity (% of population),EG.ELC.ACCS.ZS,2018,26.1
El Salvador,SLV,Access to electricity (% of population),EG.ELC.ACCS.ZS,2018,97.0
San Marino,SMR,Access to electricity (% of population),EG.ELC.ACCS.ZS,2018,100.0
"Somalia, Fed. Rep.",SOM,Access to electricity (% of population),EG.ELC.ACCS.ZS,2018,50.7
Serbia,SRB,Access to electricity (% of population),EG.ELC.ACCS.ZS,2018,100.0
South Sudan,SSD,Access to electricity (% of population),EG.ELC.ACCS.ZS,2018,6.3
Sao Tome and Principe,STP,Access to electricity (% of population),EG.ELC.ACCS.ZS,2018,71.0
Suriname,SUR,Access to electricity (% of population),EG.ELC.ACCS.ZS,2018,97.4
Slovak Republic,SVK,Access to electricity (% of population),EG.ELC.ACCS.ZS,2018,100.0
Slovenia,SVN,Access to electricity (% of population),EG.ELC.ACCS.ZS,2018,100.0
Sweden,SWE,Access to electricity (% of population),EG.ELC.ACCS.ZS,2018,100.0
Eswatini,SWZ,Access to electricity (% of population),EG.ELC.ACCS.ZS,2018,74.0
Sint Maarten (Dutch part),SXM,Access to electricity (% of population),EG.ELC.ACCS.ZS,2018,100.0
Seychelles,SYC,Access to electricity (% of population),EG.ELC.ACCS.ZS,2018,100.0
Syrian Arab Republic,SYR,Access to electricity (% of population),EG.ELC.ACCS.ZS,2018,86.0
Turks and Caicos Islands,TCA,Access to electricity (% of population),EG.ELC.ACCS.ZS,2018,100.0
Chad,TCD,Access to electricity (% of population),EG.ELC.ACCS.ZS,2018,10.1
Togo,TGO,Access to electricity (% of population),EG.ELC.ACCS.ZS,2018,50.0
Thailand,THA,Access to electricity (% of population),EG.ELC.ACCS.ZS,2018,99.8
Tajikistan,TJK,Access to electricity (% of population),EG.ELC.ACCS.ZS,2018,99.3
Turkmenistan,TKM,Access to electricity (% of population),EG.ELC.ACCS.ZS,2018,100.0
Timor-Leste,TLS,Access to electricity (% of population),EG.ELC.ACCS.ZS,2018,85.2
Tonga,TON,Access to electricity (% of population),EG.ELC.ACCS.ZS,2018,99.0
Trinidad and Tobago,TTO,Access to electricity (% of population),EG.ELC.ACCS.ZS,2018,100.0
Tunisia,TUN,Access to electricity (% of population),EG.ELC.ACCS.ZS,2018,99.8
Turkiye,TUR,Access to electricity (% of population),EG.ELC.ACCS.ZS,2018,100.0
Tuvalu,TUV,Access to electricity (% of population),EG.ELC.ACCS.ZS,2018,99.0
Tanzania,TZA,Access to electricity (% of population),EG.ELC.ACCS.ZS,2018,34.9
Uganda,UGA,Access to electricity (% of population),EG.ELC.ACCS.ZS,2018,41.9
Ukraine,UKR,Access to electricity (% of population),EG.ELC.ACCS.ZS,2018,100.0
Uruguay,URY,Access to electricity (% of population),EG.ELC.ACCS.ZS,2018,99.8
United States,USA,Access to electricity (% of population),EG.ELC.ACCS.ZS,2018,100.0
Uzbekistan,UZB,Access to electricity (% of population),EG.ELC.ACCS.ZS,2018,100.0
St. Vincent and the Grenadines,VCT,Access to electricity (% of population),EG.ELC.ACCS.ZS,2018,100.0
"Venezuela, RB",VEN,Access to electricity (% of population),EG.ELC.ACCS.ZS,2018,99.9
British Virgin Islands,VGB,Access to electricity (% of population),EG.ELC.ACCS.ZS,2018,100.0
Virgin Islands (U.S.),VIR,Access to electricity (% of population),EG.ELC.ACCS.ZS,2018,100.0
Viet Nam,VNM,Access to electricity (% of population),EG.ELC.ACCS.ZS,2018,100.0
Vanuatu,VUT,Access to electricity (% of population),EG.ELC.ACCS.ZS,2018,61.6
Samoa,WSM,Access to electricity (% of population),EG.ELC.ACCS.ZS,2018,99.8
"Yemen, Rep.",YEM,Access to electricity (% of population),EG.ELC.ACCS.ZS,2018,62.0
South Africa,ZAF,Access to electricity (% of population),EG.ELC.ACCS.ZS,2018,84.7
Zambia,ZMB,Access to electricity (% of population),EG.ELC.ACCS.ZS,2018,40.2
Zimbabwe,ZWE,Access to electricity (% of population),EG.ELC.ACCS.ZS,2018,45.4
Aruba,ABW,Access to electricity (% of population),EG.ELC.ACCS.ZS,2019,100.0
Afghanistan,AFG,Access to electricity (% of population),EG.ELC.ACCS.ZS,2019,97.7
Angola,AGO,Access to electricity (% of population),EG.ELC.ACCS.ZS,2019,45.6
Albania,ALB,Access to electricity (% of population),EG.ELC.ACCS.ZS,2019,100.0
Andorra,AND,Access to electricity (% of population),EG.ELC.ACCS.ZS,2019,100.0
United Arab Emirates,ARE,Access to electricity (% of population),EG.ELC.ACCS.ZS,2019,100.0
Argentina,ARG,Access to electricity (% of population),EG.ELC.ACCS.ZS,2019,100.0
Armenia,ARM,Access to electricity (% of population),EG.ELC.ACCS.ZS,2019,100.0
Antigua and Barbuda,ATG,Access to electricity (% of population),EG.ELC.ACCS.ZS,2019,100.0
Australia,AUS,Access to electricity (% of population),EG.ELC.ACCS.ZS,2019,100.0
Austria,AUT,Access to electricity (% of population),EG.ELC.ACCS.ZS,2019,100.0
Azerbaijan,AZE,Access to electricity (% of population),EG.ELC.ACCS.ZS,2019,100.0
Burundi,BDI,Access to electricity (% of population),EG.ELC.ACCS.ZS,2019,9.8
Belgium,BEL,Access to electricity (% of population),EG.ELC.ACCS.ZS,2019,100.0
Benin,BEN,Access to electricity (% of population),EG.ELC.ACCS.ZS,2019,40.0
Burkina Faso,BFA,Access to electricity (% of population),EG.ELC.ACCS.ZS,2019,17.6
Bangladesh,BGD,Access to electricity (% of population),EG.ELC.ACCS.ZS,2019,92.2
Bulgaria,BGR,Access to electricity (% of population),EG.ELC.ACCS.ZS,2019,99.2
Bahrain,BHR,Access to electricity (% of population),EG.ELC.ACCS.ZS,2019,100.0
"Bahamas, The",BHS,Access to electricity (% of population),EG.ELC.ACCS.ZS,2019,100.0
Bosnia and Herzegovina,BIH,Access to electricity (% of population),EG.ELC.ACCS.ZS,2019,100.0
Belarus,BLR,Access to electricity (% of population),EG.ELC.ACCS.ZS,2019,100.0
Belize,BLZ,Access to electricity (% of population),EG.ELC.ACCS.ZS,2019,92.7
Bermuda,BMU,Access to electricity (% of population),EG.ELC.ACCS.ZS,2019,100.0
Bolivia,BOL,Access to electricity (% of population),EG.ELC.ACCS.ZS,2019,95.1
Brazil,BRA,Access to electricity (% of population),EG.ELC.ACCS.ZS,2019,99.8
Barbados,BRB,Access to electricity (% of population),EG.ELC.ACCS.ZS,2019,100.0
Brunei Darussalam,BRN,Access to electricity (% of population),EG.ELC.ACCS.ZS,2019,100.0
Bhutan,BTN,Access to electricity (% of population),EG.ELC.ACCS.ZS,2019,100.0
Botswana,BWA,Access to electricity (% of population),EG.ELC.ACCS.ZS,2019,70.1
Central African Republic,CAF,Access to electricity (% of population),EG.ELC.ACCS.ZS,2019,14.3
Canada,CAN,Access to electricity (% of population),EG.ELC.ACCS.ZS,2019,100.0
Switzerland,CHE,Access to electricity (% of population),EG.ELC.ACCS.ZS,2019,100.0
Chile,CHL,Access to electricity (% of population),EG.ELC.ACCS.ZS,2019,100.0
China,CHN,Access to electricity (% of population),EG.ELC.ACCS.ZS,2019,100.0
Cote d'Ivoire,CIV,Access to electricity (% of population),EG.ELC.ACCS.ZS,2019,68.6
Cameroon,CMR,Access to electricity (% of population),EG.ELC.ACCS.ZS,2019,63.2
"Congo, Dem. Rep.",COD,Access to electricity (% of population),EG.ELC.ACCS.ZS,2019,19.1
"Congo, Rep.",COG,Access to electricity (% of population),EG.ELC.ACCS.ZS,2019,47.7
Colombia,COL,Access to electricity (% of population),EG.ELC.ACCS.ZS,2019,99.4
Comoros,COM,Access to electricity (% of population),EG.ELC.ACCS.ZS,2019,83.3
Cabo Verde,CPV,Access to electricity (% of population),EG.ELC.ACCS.ZS,2019,91.4
Costa Rica,CRI,Access to electricity (% of population),EG.ELC.ACCS.ZS,2019,99.7
Cuba,CUB,Access to electricity (% of population),EG.ELC.ACCS.ZS,2019,99.8
Curacao,CUW,Access to electricity (% of population),EG.ELC.ACCS.ZS,2019,100.0
Cayman Islands,CYM,Access to electricity (% of population),EG.ELC.ACCS.ZS,2019,100.0
Cyprus,CYP,Access to electricity (% of population),EG.ELC.ACCS.ZS,2019,100.0
Czechia,CZE,Access to electricity (% of population),EG.ELC.ACCS.ZS,2019,100.0
Germany,DEU,Access to electricity (% of population),EG.ELC.ACCS.ZS,2019,100.0
Djibouti,DJI,Access to electricity (% of population),EG.ELC.ACCS.ZS,2019,64.7
Dominica,DMA,Access to electricity (% of population),EG.ELC.ACCS.ZS,2019,99.9
Denmark,DNK,Access to electricity (% of population),EG.ELC.ACCS.ZS,2019,100.0
Dominican Republic,DOM,Access to electricity (% of population),EG.ELC.ACCS.ZS,2019,99.0
Algeria,DZA,Access to electricity (% of population),EG.ELC.ACCS.ZS,2019,99.5
Ecuador,ECU,Access to electricity (% of population),EG.ELC.ACCS.ZS,2019,99.1
"Egypt, Arab Rep.",EGY,Access to electricity (% of population),EG.ELC.ACCS.ZS,2019,100.0
Eritrea,ERI,Access to electricity (% of population),EG.ELC.ACCS.ZS,2019,50.3
Spain,ESP,Access to electricity (% of population),EG.ELC.ACCS.ZS,2019,100.0
Estonia,EST,Access to electricity (% of population),EG.ELC.ACCS.ZS,2019,100.0
Ethiopia,ETH,Access to electricity (% of population),EG.ELC.ACCS.ZS,2019,48.0
Finland,FIN,Access to electricity (% of population),EG.ELC.ACCS.ZS,2019,100.0
Fiji,FJI,Access to electricity (% of population),EG.ELC.ACCS.ZS,2019,96.1
France,FRA,Access to electricity (% of population),EG.ELC.ACCS.ZS,2019,100.0
Faroe Islands,FRO,Access to electricity (% of population),EG.ELC.ACCS.ZS,2019,100.0
"Micronesia, Fed. Sts.",FSM,Access to electricity (% of population),EG.ELC.ACCS.ZS,2019,80.1
Gabon,GAB,Access to electricity (% of population),EG.ELC.ACCS.ZS,2019,90.3
United Kingdom,GBR,Access to electricity (% of population),EG.ELC.ACCS.ZS,2019,100.0
Georgia,GEO,Access to electricity (% of population),EG.ELC.ACCS.ZS,2019,100.0
Ghana,GHA,Access to electricity (% of population),EG.ELC.ACCS.ZS,2019,83.5
Gibraltar,GIB,Access to electricity (% of population),EG.ELC.ACCS.ZS,2019,100.0
Guinea,GIN,Access to electricity (% of population),EG.ELC.ACCS.ZS,2019,42.2
"Gambia, The",GMB,Access to electricity (% of population),EG.ELC.ACCS.ZS,2019,62.1
Guinea-Bissau,GNB,Access to electricity (% of population),EG.ELC.ACCS.ZS,2019,30.9
Equatorial Guinea,GNQ,Access to electricity (% of population),EG.ELC.ACCS.ZS,2019,66.6
Greece,GRC,Access to electricity (% of population),EG.ELC.ACCS.ZS,2019,100.0
Grenada,GRD,Access to electricity (% of population),EG.ELC.ACCS.ZS,2019,93.0
Greenland,GRL,Access to electricity (% of population),EG.ELC.ACCS.ZS,2019,100.0
Guatemala,GTM,Access to electricity (% of population),EG.ELC.ACCS.ZS,2019,95.4
Guam,GUM,Access to electricity (% of population),EG.ELC.ACCS.ZS,2019,100.0
Guyana,GUY,Access to electricity (% of population),EG.ELC.ACCS.ZS,2019,91.6
"Hong Kong SAR, China",HKG,Access to electricity (% of population),EG.ELC.ACCS.ZS,2019,100.0
Honduras,HND,Access to electricity (% of population),EG.ELC.ACCS.ZS,2019,91.1
Croatia,HRV,Access to electricity (% of population),EG.ELC.ACCS.ZS,2019,100.0
Haiti,HTI,Access to electricity (% of population),EG.ELC.ACCS.ZS,2019,45.4
Hungary,HUN,Access to electricity (% of population),EG.ELC.ACCS.ZS,2019,100.0
Indonesia,IDN,Access to electricity (% of population),EG.ELC.ACCS.ZS,2019,98.9
Isle of Man,IMN,Access to electricity (% of population),EG.ELC.ACCS.ZS,2019,100.0
India,IND,Access to electricity (% of population),EG.ELC.ACCS.ZS,2019,95.9
Ireland,IRL,Access to electricity (% of population),EG.ELC.ACCS.ZS,2019,100.0
"Iran, Islamic Rep.",IRN,Access to electricity (% of population),EG.ELC.ACCS.ZS,2019,100.0
Iraq,IRQ,Access to electricity (% of population),EG.ELC.ACCS.ZS,2019,100.0
Iceland,ISL,Access to electricity (% of population),EG.ELC.ACCS.ZS,2019,100.0
Israel,ISR,Access to electricity (% of population),EG.ELC.ACCS.ZS,2019,100.0
Italy,ITA,Access to electricity (% of population),EG.ELC.ACCS.ZS,2019,100.0
Jamaica,JAM,Access to electricity (% of population),EG.ELC.ACCS.ZS,2019,98.9
Jordan,JOR,Access to electricity (% of population),EG.ELC.ACCS.ZS,2019,99.9
Japan,JPN,Access to electricity (% of population),EG.ELC.ACCS.ZS,2019,100.0
Kazakhstan,KAZ,Access to electricity (% of population),EG.ELC.ACCS.ZS,2019,100.0
Kenya,KEN,Access to electricity (% of population),EG.ELC.ACCS.ZS,2019,69.7
Kyrgyz Republic,KGZ,Access to electricity (% of population),EG.ELC.ACCS.ZS,2019,99.9
Cambodia,KHM,Access to electricity (% of population),EG.ELC.ACCS.ZS,2019,84.0
Kiribati,KIR,Access to electricity (% of population),EG.ELC.ACCS.ZS,2019,89.3
St. Kitts and Nevis,KNA,Access to electricity (% of population),EG.ELC.ACCS.ZS,2019,100.0
"Korea, Rep.",KOR,Access to electricity (% of population),EG.ELC.ACCS.ZS,2019,100.0
Kuwait,KWT,Access to electricity (% of population),EG.ELC.ACCS.ZS,2019,100.0
Lao PDR,LAO,Access to electricity (% of population),EG.ELC.ACCS.ZS,2019,98.4
Lebanon,LBN,Access to electricity (% of population),EG.ELC.ACCS.ZS,2019,100.0
Liberia,LBR,Access to electricity (% of population),EG.ELC.ACCS.ZS,2019,23.1
Libya,LBY,Access to electricity (% of population),EG.ELC.ACCS.ZS,2019,68.5
St. Lucia,LCA,Access to electricity (% of population),EG.ELC.ACCS.ZS,2019,100.0
Liechtenstein,LIE,Access to electricity (% of population),EG.ELC.ACCS.ZS,2019,100.0
Sri Lanka,LKA,Access to electricity (% of population),EG.ELC.ACCS.ZS,2019,99.8
Lesotho,LSO,Access to electricity (% of population),EG.ELC.ACCS.ZS,2019,44.6
Lithuania,LTU,Access to electricity (% of population),EG.ELC.ACCS.ZS,2019,100.0
Luxembourg,LUX,Access to electricity (% of population),EG.ELC.ACCS.ZS,2019,100.0
Latvia,LVA,Access to electricity (% of population),EG.ELC.ACCS.ZS,2019,100.0
"Macao SAR, China",MAC,Access to electricity (% of population),EG.ELC.ACCS.ZS,2019,100.0
St. Martin (French part),MAF,Access to electricity (% of population),EG.ELC.ACCS.ZS,2019,100.0
Morocco,MAR,Access to electricity (% of population),EG.ELC.ACCS.ZS,2019,99.6
Monaco,MCO,Access to electricity (% of population),EG.ELC.ACCS.ZS,2019,100.0
Moldova,MDA,Access to electricity (% of population),EG.ELC.ACCS.ZS,2019,100.0
Madagascar,MDG,Access to electricity (% of population),EG.ELC.ACCS.ZS,2019,31.0
Maldives,MDV,Access to electricity (% of population),EG.ELC.ACCS.ZS,2019,100.0
Mexico,MEX,Access to electricity (% of population),EG.ELC.ACCS.ZS,2019,99.6
Marshall Islands,MHL,Access to electricity (% of population),EG.ELC.ACCS.ZS,2019,96.8
North Macedonia,MKD,Access to electricity (% of population),EG.ELC.ACCS.ZS,2019,100.0
Mali,MLI,Access to electricity (% of population),EG.ELC.ACCS.ZS,2019,47.9
Malta,MLT,Access to electricity (% of population),EG.ELC.ACCS.ZS,2019,100.0
Myanmar,MMR,Access to electricity (% of population),EG.ELC.ACCS.ZS,2019,68.3
Montenegro,MNE,Access to electricity (% of population),EG.ELC.ACCS.ZS,2019,100.0
Mongolia,MNG,Access to electricity (% of population),EG.ELC.ACCS.ZS,2019,98.9
Northern Mariana Islands,MNP,Access to electricity (% of population),EG.ELC.ACCS.ZS,2019,100.0
Mozambique,MOZ,Access to electricity (% of population),EG.ELC.ACCS.ZS,2019,29.7
Mauritania,MRT,Access to electricity (% of population),EG.ELC.ACCS.ZS,2019,44.9
Mauritius,MUS,Access to electricity (% of population),EG.ELC.ACCS.ZS,2019,100.0
Malawi,MWI,Access to electricity (% of population),EG.ELC.ACCS.ZS,2019,11.2
Malaysia,MYS,Access to electricity (% of population),EG.ELC.ACCS.ZS,2019,100.0
Namibia,NAM,Access to electricity (% of population),EG.ELC.ACCS.ZS,2019,53.3
New Caledonia,NCL,Access to electricity (% of population),EG.ELC.ACCS.ZS,2019,100.0
Niger,NER,Access to electricity (% of population),EG.ELC.ACCS.ZS,2019,18.5
Nigeria,NGA,Access to electricity (% of population),EG.ELC.ACCS.ZS,2019,55.4
Nicaragua,NIC,Access to electricity (% of population),EG.ELC.ACCS.ZS,2019,85.7
Netherlands,NLD,Access to electricity (% of population),EG.ELC.ACCS.ZS,2019,100.0
Norway,NOR,Access to electricity (% of population),EG.ELC.ACCS.ZS,2019,100.0
Nepal,NPL,Access to electricity (% of population),EG.ELC.ACCS.ZS,2019,89.9
Nauru,NRU,Access to electricity (% of population),EG.ELC.ACCS.ZS,2019,100.0
New Zealand,NZL,Access to electricity (% of population),EG.ELC.ACCS.ZS,2019,100.0
Oman,OMN,Access to electricity (% of population),EG.ELC.ACCS.ZS,2019,100.0
Pakistan,PAK,Access to electricity (% of population),EG.ELC.ACCS.ZS,2019,93.9
Panama,PAN,Access to electricity (% of population),EG.ELC.ACCS.ZS,2019,93.9
Peru,PER,Access to electricity (% of population),EG.ELC.ACCS.ZS,2019,95.6
Philippines,PHL,Access to electricity (% of population),EG.ELC.ACCS.ZS,2019,95.3
Palau,PLW,Access to electricity (% of population),EG.ELC.ACCS.ZS,2019,100.0
Papua New Guinea,PNG,Access to electricity (% of population),EG.ELC.ACCS.ZS,2019,23.6
Poland,POL,Access to electricity (% of population),EG.ELC.ACCS.ZS,2019,100.0
Puerto Rico (US),PRI,Access to electricity (% of population),EG.ELC.ACCS.ZS,2019,100.0
"Korea, Dem. People's Rep.",PRK,Access to electricity (% of population),EG.ELC.ACCS.ZS,2019,48.4
Portugal,PRT,Access to electricity (% of population),EG.ELC.ACCS.ZS,2019,100.0
Paraguay,PRY,Access to electricity (% of population),EG.ELC.ACCS.ZS,2019,99.7
West Bank and Gaza,PSE,Access to electricity (% of population),EG.ELC.ACCS.ZS,2019,100.0
French Polynesia,PYF,Access to electricity (% of population),EG.ELC.ACCS.ZS,2019,100.0
Qatar,QAT,Access to electricity (% of population),EG.ELC.ACCS.ZS,2019,100.0
Romania,ROU,Access to electricity (% of population),EG.ELC.ACCS.ZS,2019,100.0
Russian Federation,RUS,Access to electricity (% of population),EG.ELC.ACCS.ZS,2019,99.8
Rwanda,RWA,Access to electricity (% of population),EG.ELC.ACCS.ZS,2019,46.6
Saudi Arabia,SAU,Access to electricity (% of population),EG.ELC.ACCS.ZS,2019,100.0
Sudan,SDN,Access to electricity (% of population),EG.ELC.ACCS.ZS,2019,57.6
Senegal,SEN,Access to electricity (% of population),EG.ELC.ACCS.ZS,2019,70.4
Singapore,SGP,Access to electricity (% of population),EG.ELC.ACCS.ZS,2019,100.0
Solomon Islands,SLB,Access to electricity (% of population),EG.ELC.ACCS.ZS,2019,69.4
Sierra Leone,SLE,Access to electricity (% of population),EG.ELC.ACCS.ZS,2019,22.7
El Salvador,SLV,Access to electricity (% of population),EG.ELC.ACCS.ZS,2019,97.4
San Marino,SMR,Access to electricity (% of population),EG.ELC.ACCS.ZS,2019,100.0
"Somalia, Fed. Rep.",SOM,Access to electricity (% of population),EG.ELC.ACCS.ZS,2019,49.2
Serbia,SRB,Access to electricity (% of population),EG.ELC.ACCS.ZS,2019,99.8
South Sudan,SSD,Access to electricity (% of population),EG.ELC.ACCS.ZS,2019,6.8
Sao Tome and Principe,STP,Access to electricity (% of population),EG.ELC.ACCS.ZS,2019,75.1
Suriname,SUR,Access to electricity (% of population),EG.ELC.ACCS.ZS,2019,97.9
Slovak Republic,SVK,Access to electricity (% of population),EG.ELC.ACCS.ZS,2019,100.0
Slovenia,SVN,Access to electricity (% of population),EG.ELC.ACCS.ZS,2019,100.0
Sweden,SWE,Access to electricity (% of population),EG.ELC.ACCS.ZS,2019,100.0
Eswatini,SWZ,Access to electricity (% of population),EG.ELC.ACCS.ZS,2019,77.0
Sint Maarten (Dutch part),SXM,Access to electricity (% of population),EG.ELC.ACCS.ZS,2019,100.0
Seychelles,SYC,Access to electricity (% of population),EG.ELC.ACCS.ZS,2019,100.0
Syrian Arab Republic,SYR,Access to electricity (% of population),EG.ELC.ACCS.ZS,2019,89.2
Turks and Caicos Islands,TCA,Access to electricity (% of population),EG.ELC.ACCS.ZS,2019,100.0
Chad,TCD,Access to electricity (% of population),EG.ELC.ACCS.ZS,2019,8.4
Togo,TGO,Access to electricity (% of population),EG.ELC.ACCS.ZS,2019,52.5
Thailand,THA,Access to electricity (% of population),EG.ELC.ACCS.ZS,2019,99.9
Tajikistan,TJK,Access to electricity (% of population),EG.ELC.ACCS.ZS,2019,99.4
Turkmenistan,TKM,Access to electricity (% of population),EG.ELC.ACCS.ZS,2019,99.9
Timor-Leste,TLS,Access to electricity (% of population),EG.ELC.ACCS.ZS,2019,90.6
Tonga,TON,Access to electricity (% of population),EG.ELC.ACCS.ZS,2019,98.4
Trinidad and Tobago,TTO,Access to electricity (% of population),EG.ELC.ACCS.ZS,2019,100.0
Tunisia,TUN,Access to electricity (% of population),EG.ELC.ACCS.ZS,2019,100.0
Turkiye,TUR,Access to electricity (% of population),EG.ELC.ACCS.ZS,2019,100.0
Tuvalu,TUV,Access to electricity (% of population),EG.ELC.ACCS.ZS,2019,99.7
Tanzania,TZA,Access to electricity (% of population),EG.ELC.ACCS.ZS,2019,37.7
Uganda,UGA,Access to electricity (% of population),EG.ELC.ACCS.ZS,2019,41.3
Ukraine,UKR,Access to electricity (% of population),EG.ELC.ACCS.ZS,2019,100.0
Uruguay,URY,Access to electricity (% of population),EG.ELC.ACCS.ZS,2019,99.9
United States,USA,Access to electricity (% of population),EG.ELC.ACCS.ZS,2019,100.0
Uzbekistan,UZB,Access to electricity (% of population),EG.ELC.ACCS.ZS,2019,100.0
St. Vincent and the Grenadines,VCT,Access to electricity (% of population),EG.ELC.ACCS.ZS,2019,100.0
"Venezuela, RB",VEN,Access to electricity (% of population),EG.ELC.ACCS.ZS,2019,99.8
British Virgin Islands,VGB,Access to electricity (% of population),EG.ELC.ACCS.ZS,2019,100.0
Virgin Islands (U.S.),VIR,Access to electricity (% of population),EG.ELC.ACCS.ZS,2019,100.0
Viet Nam,VNM,Access to electricity (% of population),EG.ELC.ACCS.ZS,2019,99.4
Vanuatu,VUT,Access to electricity (% of population),EG.ELC.ACCS.ZS,2019,64.5
Samoa,WSM,Access to electricity (% of population),EG.ELC.ACCS.ZS,2019,99.2
"Yemen, Rep.",YEM,Access to electricity (% of population),EG.ELC.ACCS.ZS,2019,72.8
South Africa,ZAF,Access to electricity (% of population),EG.ELC.ACCS.ZS,2019,85.0
Zambia,ZMB,Access to electricity (% of population),EG.ELC.ACCS.ZS,2019,43.0
Zimbabwe,ZWE,Access to electricity (% of population),EG.ELC.ACCS.ZS,2019,46.7
Aruba,ABW,Access to electricity (% of population),EG.ELC.ACCS.ZS,2020,100.0
Afghanistan,AFG,Access to electricity (% of population),EG.ELC.ACCS.ZS,2020,97.7
Angola,AGO,Access to electricity (% of population),EG.ELC.ACCS.ZS,2020,47.0
Albania,ALB,Access to electricity (% of population),EG.ELC.ACCS.ZS,2020,100.0
Andorra,AND,Access to electricity (% of population),EG.ELC.ACCS.ZS,2020,100.0
United Arab Emirates,ARE,Access to electricity (% of population),EG.ELC.ACCS.ZS,2020,100.0
Argentina,ARG,Access to electricity (% of population),EG.ELC.ACCS.ZS,2020,100.0
Armenia,ARM,Access to electricity (% of population),EG.ELC.ACCS.ZS,2020,100.0
Antigua and Barbuda,ATG,Access to electricity (% of population),EG.ELC.ACCS.ZS,2020,100.0
Australia,AUS,Access to electricity (% of population),EG.ELC.ACCS.ZS,2020,100.0
Austria,AUT,Access to electricity (% of population),EG.ELC.ACCS.ZS,2020,100.0
Azerbaijan,AZE,Access to electricity (% of population),EG.ELC.ACCS.ZS,2020,100.0
Burundi,BDI,Access to electricity (% of population),EG.ELC.ACCS.ZS,2020,9.1
Belgium,BEL,Access to electricity (% of population),EG.ELC.ACCS.ZS,2020,100.0
Benin,BEN,Access to electricity (% of population),EG.ELC.ACCS.ZS,2020,41.0
Burkina Faso,BFA,Access to electricity (% of population),EG.ELC.ACCS.ZS,2020,18.5
Bangladesh,BGD,Access to electricity (% of population),EG.ELC.ACCS.ZS,2020,96.2
Bulgaria,BGR,Access to electricity (% of population),EG.ELC.ACCS.ZS,2020,99.7
Bahrain,BHR,Access to electricity (% of population),EG.ELC.ACCS.ZS,2020,100.0
"Bahamas, The",BHS,Access to electricity (% of population),EG.ELC.ACCS.ZS,2020,100.0
Bosnia and Herzegovina,BIH,Access to electricity (% of population),EG.ELC.ACCS.ZS,2020,100.0
Belarus,BLR,Access to electricity (% of population),EG.ELC.ACCS.ZS,2020,100.0
Belize,BLZ,Access to electricity (% of population),EG.ELC.ACCS.ZS,2020,96.8
Bermuda,BMU,Access to electricity (% of population),EG.ELC.ACCS.ZS,2020,100.0
Bolivia,BOL,Access to electricity (% of population),EG.ELC.ACCS.ZS,2020,97.2
Brazil,BRA,Access to electricity (% of population),EG.ELC.ACCS.ZS,2020,99.7
Barbados,BRB,Access to electricity (% of population),EG.ELC.ACCS.ZS,2020,100.0
Brunei Darussalam,BRN,Access to electricity (% of population),EG.ELC.ACCS.ZS,2020,100.0
Bhutan,BTN,Access to electricity (% of population),EG.ELC.ACCS.ZS,2020,100.0
Botswana,BWA,Access to electricity (% of population),EG.ELC.ACCS.ZS,2020,71.8
Central African Republic,CAF,Access to electricity (% of population),EG.ELC.ACCS.ZS,2020,15.4
Canada,CAN,Access to electricity (% of population),EG.ELC.ACCS.ZS,2020,100.0
Switzerland,CHE,Access to electricity (% of population),EG.ELC.ACCS.ZS,2020,100.0
Chile,CHL,Access to electricity (% of population),EG.ELC.ACCS.ZS,2020,100.0
China,CHN,Access to electricity (% of population),EG.ELC.ACCS.ZS,2020,100.0
Cote d'Ivoire,CIV,Access to electricity (% of population),EG.ELC.ACCS.ZS,2020,69.9
Cameroon,CMR,Access to electricity (% of population),EG.ELC.ACCS.ZS,2020,64.3
"Congo, Dem. Rep.",COD,Access to electricity (% of population),EG.ELC.ACCS.ZS,2020,20.1
"Congo, Rep.",COG,Access to electricity (% of population),EG.ELC.ACCS.ZS,2020,48.7
Colombia,COL,Access to electricity (% of population),EG.ELC.ACCS.ZS,2020,99.7
Comoros,COM,Access to electricity (% of population),EG.ELC.ACCS.ZS,2020,85.6
Cabo Verde,CPV,Access to electricity (% of population),EG.ELC.ACCS.ZS,2020,93.7
Costa Rica,CRI,Access to electricity (% of population),EG.ELC.ACCS.ZS,2020,99.9
Cuba,CUB,Access to electricity (% of population),EG.ELC.ACCS.ZS,2020,99.9
Curacao,CUW,Access to electricity (% of population),EG.ELC.ACCS.ZS,2020,100.0
Cayman Islands,CYM,Access to electricity (% of population),EG.ELC.ACCS.ZS,2020,100.0
Cyprus,CYP,Access to electricity (% of population),EG.ELC.ACCS.ZS,2020,100.0
Czechia,CZE,Access to electricity (% of population),EG.ELC.ACCS.ZS,2020,100.0
Germany,DEU,Access to electricity (% of population),EG.ELC.ACCS.ZS,2020,100.0
Djibouti,DJI,Access to electricity (% of population),EG.ELC.ACCS.ZS,2020,64.5
Dominica,DMA,Access to electricity (% of population),EG.ELC.ACCS.ZS,2020,100.0
Denmark,DNK,Access to electricity (% of population),EG.ELC.ACCS.ZS,2020,100.0
Dominican Republic,DOM,Access to electricity (% of population),EG.ELC.ACCS.ZS,2020,100.0
Algeria,DZA,Access to electricity (% of population),EG.ELC.ACCS.ZS,2020,99.7
Ecuador,ECU,Access to electricity (% of population),EG.ELC.ACCS.ZS,2020,98.9
"Egypt, Arab Rep.",EGY,Access to electricity (% of population),EG.ELC.ACCS.ZS,2020,100.0
Eritrea,ERI,Access to electricity (% of population),EG.ELC.ACCS.ZS,2020,51.4
Spain,ESP,Access to electricity (% of population),EG.ELC.ACCS.ZS,2020,100.0
Estonia,EST,Access to electricity (% of population),EG.ELC.ACCS.ZS,2020,100.0
Ethiopia,ETH,Access to electricity (% of population),EG.ELC.ACCS.ZS,2020,51.1
Finland,FIN,Access to electricity (% of population),EG.ELC.ACCS.ZS,2020,100.0
Fiji,FJI,Access to electricity (% of population),EG.ELC.ACCS.ZS,2020,97.1
France,FRA,Access to electricity (% of population),EG.ELC.ACCS.ZS,2020,100.0
Faroe Islands,FRO,Access to electricity (% of population),EG.ELC.ACCS.ZS,2020,100.0
"Micronesia, Fed. Sts.",FSM,Access to electricity (% of population),EG.ELC.ACCS.ZS,2020,81.9
Gabon,GAB,Access to electricity (% of population),EG.ELC.ACCS.ZS,2020,91.1
United Kingdom,GBR,Access to electricity (% of population),EG.ELC.ACCS.ZS,2020,100.0
Georgia,GEO,Access to electricity (% of population),EG.ELC.ACCS.ZS,2020,100.0
Ghana,GHA,Access to electricity (% of population),EG.ELC.ACCS.ZS,2020,85.4
Gibraltar,GIB,Access to electricity (% of population),EG.ELC.ACCS.ZS,2020,100.0
Guinea,GIN,Access to electricity (% of population),EG.ELC.ACCS.ZS,2020,44.7
"Gambia, The",GMB,Access to electricity (% of population),EG.ELC.ACCS.ZS,2020,62.2
Guinea-Bissau,GNB,Access to electricity (% of population),EG.ELC.ACCS.ZS,2020,33.4
Equatorial Guinea,GNQ,Access to electricity (% of population),EG.ELC.ACCS.ZS,2020,66.7
Greece,GRC,Access to electricity (% of population),EG.ELC.ACCS.ZS,2020,100.0
Grenada,GRD,Access to electricity (% of population),EG.ELC.ACCS.ZS,2020,93.4
Greenland,GRL,Access to electricity (% of population),EG.ELC.ACCS.ZS,2020,100.0
Guatemala,GTM,Access to electricity (% of population),EG.ELC.ACCS.ZS,2020,96.6
Guam,GUM,Access to electricity (% of population),EG.ELC.ACCS.ZS,2020,100.0
Guyana,GUY,Access to electricity (% of population),EG.ELC.ACCS.ZS,2020,92.3
"Hong Kong SAR, China",HKG,Access to electricity (% of population),EG.ELC.ACCS.ZS,2020,100.0
Honduras,HND,Access to electricity (% of population),EG.ELC.ACCS.ZS,2020,93.1
Croatia,HRV,Access to electricity (% of population),EG.ELC.ACCS.ZS,2020,100.0
Haiti,HTI,Access to electricity (% of population),EG.ELC.ACCS.ZS,2020,46.3
Hungary,HUN,Access to electricity (% of population),EG.ELC.ACCS.ZS,2020,100.0
Indonesia,IDN,Access to electricity (% of population),EG.ELC.ACCS.ZS,2020,97.0
Isle of Man,IMN,Access to electricity (% of population),EG.ELC.ACCS.ZS,2020,100.0
India,IND,Access to electricity (% of population),EG.ELC.ACCS.ZS,2020,96.5
Ireland,IRL,Access to electricity (% of population),EG.ELC.ACCS.ZS,2020,100.0
"Iran, Islamic Rep.",IRN,Access to electricity (% of population),EG.ELC.ACCS.ZS,2020,100.0
Iraq,IRQ,Access to electricity (% of population),EG.ELC.ACCS.ZS,2020,100.0
Iceland,ISL,Access to electricity (% of population),EG.ELC.ACCS.ZS,2020,100.0
Israel,ISR,Access to electricity (% of population),EG.ELC.ACCS.ZS,2020,100.0
Italy,ITA,Access to electricity (% of population),EG.ELC.ACCS.ZS,2020,100.0
Jamaica,JAM,Access to electricity (% of population),EG.ELC.ACCS.ZS,2020,99.7
Jordan,JOR,Access to electricity (% of population),EG.ELC.ACCS.ZS,2020,99.9
Japan,JPN,Access to electricity (% of population),EG.ELC.ACCS.ZS,2020,100.0
Kazakhstan,KAZ,Access to electricity (% of population),EG.ELC.ACCS.ZS,2020,100.0
Kenya,KEN,Access to electricity (% of population),EG.ELC.ACCS.ZS,2020,71.5
Kyrgyz Republic,KGZ,Access to electricity (% of population),EG.ELC.ACCS.ZS,2020,99.9
Cambodia,KHM,Access to electricity (% of population),EG.ELC.ACCS.ZS,2020,86.4
Kiribati,KIR,Access to electricity (% of population),EG.ELC.ACCS.ZS,2020,91.0
St. Kitts and Nevis,KNA,Access to electricity (% of population),EG.ELC.ACCS.ZS,2020,100.0
"Korea, Rep.",KOR,Access to electricity (% of population),EG.ELC.ACCS.ZS,2020,100.0
Kuwait,KWT,Access to electricity (% of population),EG.ELC.ACCS.ZS,2020,100.0
Lao PDR,LAO,Access to electricity (% of population),EG.ELC.ACCS.ZS,2020,99.3
Lebanon,LBN,Access to electricity (% of population),EG.ELC.ACCS.ZS,2020,100.0
Liberia,LBR,Access to electricity (% of population),EG.ELC.ACCS.ZS,2020,27.6
Libya,LBY,Access to electricity (% of population),EG.ELC.ACCS.ZS,2020,69.4
St. Lucia,LCA,Access to electricity (% of population),EG.ELC.ACCS.ZS,2020,100.0
Liechtenstein,LIE,Access to electricity (% of population),EG.ELC.ACCS.ZS,2020,100.0
Sri Lanka,LKA,Access to electricity (% of population),EG.ELC.ACCS.ZS,2020,100.0
Lesotho,LSO,Access to electricity (% of population),EG.ELC.ACCS.ZS,2020,47.5
Lithuania,LTU,Access to electricity (% of population),EG.ELC.ACCS.ZS,2020,100.0
Luxembourg,LUX,Access to electricity (% of population),EG.ELC.ACCS.ZS,2020,100.0
Latvia,LVA,Access to electricity (% of population),EG.ELC.ACCS.ZS,2020,100.0
"Macao SAR, China",MAC,Access to electricity (% of population),EG.ELC.ACCS.ZS,2020,100.0
St. Martin (French part),MAF,Access to electricity (% of population),EG.ELC.ACCS.ZS,2020,100.0
Morocco,MAR,Access to electricity (% of population),EG.ELC.ACCS.ZS,2020,100.0
Monaco,MCO,Access to electricity (% of population),EG.ELC.ACCS.ZS,2020,100.0
Moldova,MDA,Access to electricity (% of population),EG.ELC.ACCS.ZS,2020,100.0
Madagascar,MDG,Access to electricity (% of population),EG.ELC.ACCS.ZS,2020,32.0
Maldives,MDV,Access to electricity (% of population),EG.ELC.ACCS.ZS,2020,100.0
Mexico,MEX,Access to electricity (% of population),EG.ELC.ACCS.ZS,2020,99.4
Marshall Islands,MHL,Access to electricity (% of population),EG.ELC.ACCS.ZS,2020,98.3
North Macedonia,MKD,Access to electricity (% of population),EG.ELC.ACCS.ZS,2020,100.0
Mali,MLI,Access to electricity (% of population),EG.ELC.ACCS.ZS,2020,50.6
Malta,MLT,Access to electricity (% of population),EG.ELC.ACCS.ZS,2020,100.0
Myanmar,MMR,Access to electricity (% of population),EG.ELC.ACCS.ZS,2020,70.4
Montenegro,MNE,Access to electricity (% of population),EG.ELC.ACCS.ZS,2020,99.9
Mongolia,MNG,Access to electricity (% of population),EG.ELC.ACCS.ZS,2020,99.5
Northern Mariana Islands,MNP,Access to electricity (% of population),EG.ELC.ACCS.ZS,2020,100.0
Mozambique,MOZ,Access to electricity (% of population),EG.ELC.ACCS.ZS,2020,30.6
Mauritania,MRT,Access to electricity (% of population),EG.ELC.ACCS.ZS,2020,45.4
Mauritius,MUS,Access to electricity (% of population),EG.ELC.ACCS.ZS,2020,99.5
Malawi,MWI,Access to electricity (% of population),EG.ELC.ACCS.ZS,2020,11.5
Malaysia,MYS,Access to electricity (% of population),EG.ELC.ACCS.ZS,2020,100.0
Namibia,NAM,Access to electricity (% of population),EG.ELC.ACCS.ZS,2020,52.3
New Caledonia,NCL,Access to electricity (% of population),EG.ELC.ACCS.ZS,2020,100.0
Niger,NER,Access to electricity (% of population),EG.ELC.ACCS.ZS,2020,18.7
Nigeria,NGA,Access to electricity (% of population),EG.ELC.ACCS.ZS,2020,55.4
Nicaragua,NIC,Access to electricity (% of population),EG.ELC.ACCS.ZS,2020,86.0
Netherlands,NLD,Access to electricity (% of population),EG.ELC.ACCS.ZS,2020,100.0
Norway,NOR,Access to electricity (% of population),EG.ELC.ACCS.ZS,2020,100.0
Nepal,NPL,Access to electricity (% of population),EG.ELC.ACCS.ZS,2020,89.9
Nauru,NRU,Access to electricity (% of population),EG.ELC.ACCS.ZS,2020,100.0
New Zealand,NZL,Access to electricity (% of population),EG.ELC.ACCS.ZS,2020,100.0
Oman,OMN,Access to electricity (% of population),EG.ELC.ACCS.ZS,2020,100.0
Pakistan,PAK,Access to electricity (% of population),EG.ELC.ACCS.ZS,2020,94.5
Panama,PAN,Access to electricity (% of population),EG.ELC.ACCS.ZS,2020,95.3
Peru,PER,Access to electricity (% of population),EG.ELC.ACCS.ZS,2020,96.2
Philippines,PHL,Access to electricity (% of population),EG.ELC.ACCS.ZS,2020,96.4
Palau,PLW,Access to electricity (% of population),EG.ELC.ACCS.ZS,2020,100.0
Papua New Guinea,PNG,Access to electricity (% of population),EG.ELC.ACCS.ZS,2020,20.5
Poland,POL,Access to electricity (% of population),EG.ELC.ACCS.ZS,2020,100.0
Puerto Rico (US),PRI,Access to electricity (% of population),EG.ELC.ACCS.ZS,2020,100.0
"Korea, Dem. People's Rep.",PRK,Access to electricity (% of population),EG.ELC.ACCS.ZS,2020,50.5
Portugal,PRT,Access to electricity (% of population),EG.ELC.ACCS.ZS,2020,100.0
Paraguay,PRY,Access to electricity (% of population),EG.ELC.ACCS.ZS,2020,99.7
West Bank and Gaza,PSE,Access to electricity (% of population),EG.ELC.ACCS.ZS,2020,100.0
French Polynesia,PYF,Access to electricity (% of population),EG.ELC.ACCS.ZS,2020,100.0
Qatar,QAT,Access to electricity (% of population),EG.ELC.ACCS.ZS,2020,100.0
Romania,ROU,Access to electricity (% of population),EG.ELC.ACCS.ZS,2020,100.0
Russian Federation,RUS,Access to electricity (% of population),EG.ELC.ACCS.ZS,2020,99.9
Rwanda,RWA,Access to electricity (% of population),EG.ELC.ACCS.ZS,2020,45.2
Saudi Arabia,SAU,Access to electricity (% of population),EG.ELC.ACCS.ZS,2020,100.0
Sudan,SDN,Access to electricity (% of population),EG.ELC.ACCS.ZS,2020,59.7
Senegal,SEN,Access to electricity (% of population),EG.ELC.ACCS.ZS,2020,64.3
Singapore,SGP,Access to electricity (% of population),EG.ELC.ACCS.ZS,2020,100.0
Solomon Islands,SLB,Access to electricity (% of population),EG.ELC.ACCS.ZS,2020,72.9
Sierra Leone,SLE,Access to electricity (% of population),EG.ELC.ACCS.ZS,2020,26.3
El Salvador,SLV,Access to electricity (% of population),EG.ELC.ACCS.ZS,2020,99.7
San Marino,SMR,Access to electricity (% of population),EG.ELC.ACCS.ZS,2020,100.0
"Somalia, Fed. Rep.",SOM,Access to electricity (% of population),EG.ELC.ACCS.ZS,2020,49.9
Serbia,SRB,Access to electricity (% of population),EG.ELC.ACCS.ZS,2020,100.0
South Sudan,SSD,Access to electricity (% of population),EG.ELC.ACCS.ZS,2020,7.3
Sao Tome and Principe,STP,Access to electricity (% of population),EG.ELC.ACCS.ZS,2020,76.8
Suriname,SUR,Access to electricity (% of population),EG.ELC.ACCS.ZS,2020,98.4
Slovak Republic,SVK,Access to electricity (% of population),EG.ELC.ACCS.ZS,2020,100.0
Slovenia,SVN,Access to electricity (% of population),EG.ELC.ACCS.ZS,2020,100.0
Sweden,SWE,Access to electricity (% of population),EG.ELC.ACCS.ZS,2020,100.0
Eswatini,SWZ,Access to electricity (% of population),EG.ELC.ACCS.ZS,2020,80.0
Sint Maarten (Dutch part),SXM,Access to electricity (% of population),EG.ELC.ACCS.ZS,2020,100.0
Seychelles,SYC,Access to electricity (% of population),EG.ELC.ACCS.ZS,2020,100.0
Syrian Arab Republic,SYR,Access to electricity (% of population),EG.ELC.ACCS.ZS,2020,89.0
Turks and Caicos Islands,TCA,Access to electricity (% of population),EG.ELC.ACCS.ZS,2020,99.4
Chad,TCD,Access to electricity (% of population),EG.ELC.ACCS.ZS,2020,10.9
Togo,TGO,Access to electricity (% of population),EG.ELC.ACCS.ZS,2020,54.1
Thailand,THA,Access to electricity (% of population),EG.ELC.ACCS.ZS,2020,100.0
Tajikistan,TJK,Access to electricity (% of population),EG.ELC.ACCS.ZS,2020,99.5
Turkmenistan,TKM,Access to electricity (% of population),EG.ELC.ACCS.ZS,2020,100.0
Timor-Leste,TLS,Access to electricity (% of population),EG.ELC.ACCS.ZS,2020,96.0
Tonga,TON,Access to electricity (% of population),EG.ELC.ACCS.ZS,2020,99.9
Trinidad and Tobago,TTO,Access to electricity (% of population),EG.ELC.ACCS.ZS,2020,100.0
Tunisia,TUN,Access to electricity (% of population),EG.ELC.ACCS.ZS,2020,99.9
Turkiye,TUR,Access to electricity (% of population),EG.ELC.ACCS.ZS,2020,100.0
Tuvalu,TUV,Access to electricity (% of population),EG.ELC.ACCS.ZS,2020,99.4
Tanzania,TZA,Access to electricity (% of population),EG.ELC.ACCS.ZS,2020,39.9
Uganda,UGA,Access to electricity (% of population),EG.ELC.ACCS.ZS,2020,42.1
Ukraine,UKR,Access to electricity (% of population),EG.ELC.ACCS.ZS,2020,100.0
Uruguay,URY,Access to electricity (% of population),EG.ELC.ACCS.ZS,2020,100.0
United States,USA,Access to electricity (% of population),EG.ELC.ACCS.ZS,2020,100.0
Uzbekistan,UZB,Access to electricity (% of population),EG.ELC.ACCS.ZS,2020,100.0
St. Vincent and the Grenadines,VCT,Access to electricity (% of population),EG.ELC.ACCS.ZS,2020,100.0
"Venezuela, RB",VEN,Access to electricity (% of population),EG.ELC.ACCS.ZS,2020,99.9
British Virgin Islands,VGB,Access to electricity (% of population),EG.ELC.ACCS.ZS,2020,100.0
Virgin Islands (U.S.),VIR,Access to electricity (% of population),EG.ELC.ACCS.ZS,2020,100.0
Viet Nam,VNM,Access to electricity (% of population),EG.ELC.ACCS.ZS,2020,99.8
Vanuatu,VUT,Access to electricity (% of population),EG.ELC.ACCS.ZS,2020,67.3
Samoa,WSM,Access to electricity (% of population),EG.ELC.ACCS.ZS,2020,100.0
"Yemen, Rep.",YEM,Access to electricity (% of population),EG.ELC.ACCS.ZS,2020,73.9
South Africa,ZAF,Access to electricity (% of population),EG.ELC.ACCS.ZS,2020,90.0
Zambia,ZMB,Access to electricity (% of population),EG.ELC.ACCS.ZS,2020,44.6
Zimbabwe,ZWE,Access to electricity (% of population),EG.ELC.ACCS.ZS,2020,52.7
Aruba,ABW,Access to electricity (% of population),EG.ELC.ACCS.ZS,2021,100.0
Afghanistan,AFG,Access to electricity (% of population),EG.ELC.ACCS.ZS,2021,97.7
Angola,AGO,Access to electricity (% of population),EG.ELC.ACCS.ZS,2021,48.2
Albania,ALB,Access to electricity (% of population),EG.ELC.ACCS.ZS,2021,100.0
Andorra,AND,Access to electricity (% of population),EG.ELC.ACCS.ZS,2021,100.0
United Arab Emirates,ARE,Access to electricity (% of population),EG.ELC.ACCS.ZS,2021,100.0
Argentina,ARG,Access to electricity (% of population),EG.ELC.ACCS.ZS,2021,100.0
Armenia,ARM,Access to electricity (% of population),EG.ELC.ACCS.ZS,2021,100.0
Antigua and Barbuda,ATG,Access to electricity (% of population),EG.ELC.ACCS.ZS,2021,100.0
Australia,AUS,Access to electricity (% of population),EG.ELC.ACCS.ZS,2021,100.0
Austria,AUT,Access to electricity (% of population),EG.ELC.ACCS.ZS,2021,100.0
Azerbaijan,AZE,Access to electricity (% of population),EG.ELC.ACCS.ZS,2021,100.0
Burundi,BDI,Access to electricity (% of population),EG.ELC.ACCS.ZS,2021,10.2
Belgium,BEL,Access to electricity (% of population),EG.ELC.ACCS.ZS,2021,100.0
Benin,BEN,Access to electricity (% of population),EG.ELC.ACCS.ZS,2021,42.0
Burkina Faso,BFA,Access to electricity (% of population),EG.ELC.ACCS.ZS,2021,19.0
Bangladesh,BGD,Access to electricity (% of population),EG.ELC.ACCS.ZS,2021,99.0
Bulgaria,BGR,Access to electricity (% of population),EG.ELC.ACCS.ZS,2021,99.8
Bahrain,BHR,Access to electricity (% of population),EG.ELC.ACCS.ZS,2021,100.0
"Bahamas, The",BHS,Access to electricity (% of population),EG.ELC.ACCS.ZS,2021,100.0
Bosnia and Herzegovina,BIH,Access to electricity (% of population),EG.ELC.ACCS.ZS,2021,100.0
Belarus,BLR,Access to electricity (% of population),EG.ELC.ACCS.ZS,2021,100.0
Belize,BLZ,Access to electricity (% of population),EG.ELC.ACCS.ZS,2021,97.7
Bermuda,BMU,Access to electricity (% of population),EG.ELC.ACCS.ZS,2021,100.0
Bolivia,BOL,Access to electricity (% of population),EG.ELC.ACCS.ZS,2021,98.6
Brazil,BRA,Access to electricity (% of population),EG.ELC.ACCS.ZS,2021,99.5
Barbados,BRB,Access to electricity (% of population),EG.ELC.ACCS.ZS,2021,100.0
Brunei Darussalam,BRN,Access to electricity (% of population),EG.ELC.ACCS.ZS,2021,100.0
Bhutan,BTN,Access to electricity (% of population),EG.ELC.ACCS.ZS,2021,100.0
Botswana,BWA,Access to electricity (% of population),EG.ELC.ACCS.ZS,2021,73.7
Central African Republic,CAF,Access to electricity (% of population),EG.ELC.ACCS.ZS,2021,15.7
Canada,CAN,Access to electricity (% of population),EG.ELC.ACCS.ZS,2021,100.0
Switzerland,CHE,Access to electricity (% of population),EG.ELC.ACCS.ZS,2021,100.0
Chile,CHL,Access to electricity (% of population),EG.ELC.ACCS.ZS,2021,100.0
China,CHN,Access to electricity (% of population),EG.ELC.ACCS.ZS,2021,100.0
Cote d'Ivoire,CIV,Access to electricity (% of population),EG.ELC.ACCS.ZS,2021,71.1
Cameroon,CMR,Access to electricity (% of population),EG.ELC.ACCS.ZS,2021,65.4
"Congo, Dem. Rep.",COD,Access to electricity (% of population),EG.ELC.ACCS.ZS,2021,20.8
"Congo, Rep.",COG,Access to electricity (% of population),EG.ELC.ACCS.ZS,2021,49.7
Colombia,COL,Access to electricity (% of population),EG.ELC.ACCS.ZS,2021,100.0
Comoros,COM,Access to electricity (% of population),EG.ELC.ACCS.ZS,2021,87.9
Cabo Verde,CPV,Access to electricity (% of population),EG.ELC.ACCS.ZS,2021,95.5
Costa Rica,CRI,Access to electricity (% of population),EG.ELC.ACCS.ZS,2021,100.0
Cuba,CUB,Access to electricity (% of population),EG.ELC.ACCS.ZS,2021,100.0
Curacao,CUW,Access to electricity (% of population),EG.ELC.ACCS.ZS,2021,100.0
Cayman Islands,CYM,Access to electricity (% of population),EG.ELC.ACCS.ZS,2021,100.0
Cyprus,CYP,Access to electricity (% of population),EG.ELC.ACCS.ZS,2021,100.0
Czechia,CZE,Access to electricity (% of population),EG.ELC.ACCS.ZS,2021,100.0
Germany,DEU,Access to electricity (% of population),EG.ELC.ACCS.ZS,2021,100.0
Djibouti,DJI,Access to electricity (% of population),EG.ELC.ACCS.ZS,2021,65.4
Dominica,DMA,Access to electricity (% of population),EG.ELC.ACCS.ZS,2021,100.0
Denmark,DNK,Access to electricity (% of population),EG.ELC.ACCS.ZS,2021,100.0
Dominican Republic,DOM,Access to electricity (% of population),EG.ELC.ACCS.ZS,2021,98.1
Algeria,DZA,Access to electricity (% of population),EG.ELC.ACCS.ZS,2021,99.8
Ecuador,ECU,Access to electricity (% of population),EG.ELC.ACCS.ZS,2021,100.0
"Egypt, Arab Rep.",EGY,Access to electricity (% of population),EG.ELC.ACCS.ZS,2021,100.0
Eritrea,ERI,Access to electricity (% of population),EG.ELC.ACCS.ZS,2021,52.5
Spain,ESP,Access to electricity (% of population),EG.ELC.ACCS.ZS,2021,100.0
Estonia,EST,Access to electricity (% of population),EG.ELC.ACCS.ZS,2021,100.0
Ethiopia,ETH,Access to electricity (% of population),EG.ELC.ACCS.ZS,2021,54.2
Finland,FIN,Access to electricity (% of population),EG.ELC.ACCS.ZS,2021,100.0
Fiji,FJI,Access to electricity (% of population),EG.ELC.ACCS.ZS,2021,92.1
France,FRA,Access to electricity (% of population),EG.ELC.ACCS.ZS,2021,100.0
Faroe Islands,FRO,Access to electricity (% of population),EG.ELC.ACCS.ZS,2021,100.0
"Micronesia, Fed. Sts.",FSM,Access to electricity (% of population),EG.ELC.ACCS.ZS,2021,83.6
Gabon,GAB,Access to electricity (% of population),EG.ELC.ACCS.ZS,2021,91.8
United Kingdom,GBR,Access to electricity (% of population),EG.ELC.ACCS.ZS,2021,100.0
Georgia,GEO,Access to electricity (% of population),EG.ELC.ACCS.ZS,2021,100.0
Ghana,GHA,Access to electricity (% of population),EG.ELC.ACCS.ZS,2021,86.3
Gibraltar,GIB,Access to electricity (% of population),EG.ELC.ACCS.ZS,2021,100.0
Guinea,GIN,Access to electricity (% of population),EG.ELC.ACCS.ZS,2021,46.8
"Gambia, The",GMB,Access to electricity (% of population),EG.ELC.ACCS.ZS,2021,63.7
Guinea-Bissau,GNB,Access to electricity (% of population),EG.ELC.ACCS.ZS,2021,35.8
Equatorial Guinea,GNQ,Access to electricity (% of population),EG.ELC.ACCS.ZS,2021,66.8
Greece,GRC,Access to electricity (% of population),EG.ELC.ACCS.ZS,2021,100.0
Grenada,GRD,Access to electricity (% of population),EG.ELC.ACCS.ZS,2021,93.7
Greenland,GRL,Access to electricity (% of population),EG.ELC.ACCS.ZS,2021,100.0
Guatemala,GTM,Access to electricity (% of population),EG.ELC.ACCS.ZS,2021,97.9
Guam,GUM,Access to electricity (% of population),EG.ELC.ACCS.ZS,2021,100.0
Guyana,GUY,Access to electricity (% of population),EG.ELC.ACCS.ZS,2021,92.9
"Hong Kong SAR, China",HKG,Access to electricity (% of population),EG.ELC.ACCS.ZS,2021,100.0
Honduras,HND,Access to electricity (% of population),EG.ELC.ACCS.ZS,2021,94.1
Croatia,HRV,Access to electricity (% of population),EG.ELC.ACCS.ZS,2021,100.0
Haiti,HTI,Access to electricity (% of population),EG.ELC.ACCS.ZS,2021,47.2
Hungary,HUN,Access to electricity (% of population),EG.ELC.ACCS.ZS,2021,100.0
Indonesia,IDN,Access to electricity (% of population),EG.ELC.ACCS.ZS,2021,99.2
Isle of Man,IMN,Access to electricity (% of population),EG.ELC.ACCS.ZS,2021,100.0
India,IND,Access to electricity (% of population),EG.ELC.ACCS.ZS,2021,99.6
Ireland,IRL,Access to electricity (% of population),EG.ELC.ACCS.ZS,2021,100.0
"Iran, Islamic Rep.",IRN,Access to electricity (% of population),EG.ELC.ACCS.ZS,2021,100.0
Iraq,IRQ,Access to electricity (% of population),EG.ELC.ACCS.ZS,2021,100.0
Iceland,ISL,Access to electricity (% of population),EG.ELC.ACCS.ZS,2021,100.0
Israel,ISR,Access to electricity (% of population),EG.ELC.ACCS.ZS,2021,100.0
Italy,ITA,Access to electricity (% of population),EG.ELC.ACCS.ZS,2021,100.0
Jamaica,JAM,Access to electricity (% of population),EG.ELC.ACCS.ZS,2021,100.0
Jordan,JOR,Access to electricity (% of population),EG.ELC.ACCS.ZS,2021,99.9
Japan,JPN,Access to electricity (% of population),EG.ELC.ACCS.ZS,2021,100.0
Kazakhstan,KAZ,Access to electricity (% of population),EG.ELC.ACCS.ZS,2021,100.0
Kenya,KEN,Access to electricity (% of population),EG.ELC.ACCS.ZS,2021,76.5
Kyrgyz Republic,KGZ,Access to electricity (% of population),EG.ELC.ACCS.ZS,2021,99.7
Cambodia,KHM,Access to electricity (% of population),EG.ELC.ACCS.ZS,2021,82.5
Kiribati,KIR,Access to electricity (% of population),EG.ELC.ACCS.ZS,2021,92.8
St. Kitts and Nevis,KNA,Access to electricity (% of population),EG.ELC.ACCS.ZS,2021,100.0
"Korea, Rep.",KOR,Access to electricity (% of population),EG.ELC.ACCS.ZS,2021,100.0
Kuwait,KWT,Access to electricity (% of population),EG.ELC.ACCS.ZS,2021,100.0
Lao PDR,LAO,Access to electricity (% of population),EG.ELC.ACCS.ZS,2021,100.0
Lebanon,LBN,Access to electricity (% of population),EG.ELC.ACCS.ZS,2021,100.0
Liberia,LBR,Access to electricity (% of population),EG.ELC.ACCS.ZS,2021,29.8
Libya,LBY,Access to electricity (% of population),EG.ELC.ACCS.ZS,2021,70.2
St. Lucia,LCA,Access to electricity (% of population),EG.ELC.ACCS.ZS,2021,100.0
Liechtenstein,LIE,Access to electricity (% of population),EG.ELC.ACCS.ZS,2021,100.0
Sri Lanka,LKA,Access to electricity (% of population),EG.ELC.ACCS.ZS,2021,100.0
Lesotho,LSO,Access to electricity (% of population),EG.ELC.ACCS.ZS,2021,50.4
Lithuania,LTU,Access to electricity (% of population),EG.ELC.ACCS.ZS,2021,100.0
Luxembourg,LUX,Access to electricity (% of population),EG.ELC.ACCS.ZS,2021,100.0
Latvia,LVA,Access to electricity (% of population),EG.ELC.ACCS.ZS,2021,100.0
"Macao SAR, China",MAC,Access to electricity (% of population),EG.ELC.ACCS.ZS,2021,100.0
St. Martin (French part),MAF,Access to electricity (% of population),EG.ELC.ACCS.ZS,2021,100.0
Morocco,MAR,Access to electricity (% of population),EG.ELC.ACCS.ZS,2021,100.0
Monaco,MCO,Access to electricity (% of population),EG.ELC.ACCS.ZS,2021,100.0
Moldova,MDA,Access to electricity (% of population),EG.ELC.ACCS.ZS,2021,100.0
Madagascar,MDG,Access to electricity (% of population),EG.ELC.ACCS.ZS,2021,35.1
Maldives,MDV,Access to electricity (% of population),EG.ELC.ACCS.ZS,2021,100.0
Mexico,MEX,Access to electricity (% of population),EG.ELC.ACCS.ZS,2021,100.0
Marshall Islands,MHL,Access to electricity (% of population),EG.ELC.ACCS.ZS,2021,99.8
North Macedonia,MKD,Access to electricity (% of population),EG.ELC.ACCS.ZS,2021,100.0
Mali,MLI,Access to electricity (% of population),EG.ELC.ACCS.ZS,2021,53.4
Malta,MLT,Access to electricity (% of population),EG.ELC.ACCS.ZS,2021,100.0
Myanmar,MMR,Access to electricity (% of population),EG.ELC.ACCS.ZS,2021,72.5
Montenegro,MNE,Access to electricity (% of population),EG.ELC.ACCS.ZS,2021,99.8
Mongolia,MNG,Access to electricity (% of population),EG.ELC.ACCS.ZS,2021,100.0
Northern Mariana Islands,MNP,Access to electricity (% of population),EG.ELC.ACCS.ZS,2021,100.0
Mozambique,MOZ,Access to electricity (% of population),EG.ELC.ACCS.ZS,2021,31.5
Mauritania,MRT,Access to electricity (% of population),EG.ELC.ACCS.ZS,2021,47.7
Mauritius,MUS,Access to electricity (% of population),EG.ELC.ACCS.ZS,2021,99.6
Malawi,MWI,Access to electricity (% of population),EG.ELC.ACCS.ZS,2021,14.2
Malaysia,MYS,Access to electricity (% of population),EG.ELC.ACCS.ZS,2021,100.0
Namibia,NAM,Access to electricity (% of population),EG.ELC.ACCS.ZS,2021,55.2
New Caledonia,NCL,Access to electricity (% of population),EG.ELC.ACCS.ZS,2021,100.0
Niger,NER,Access to electricity (% of population),EG.ELC.ACCS.ZS,2021,18.6
Nigeria,NGA,Access to electricity (% of population),EG.ELC.ACCS.ZS,2021,59.5
Nicaragua,NIC,Access to electricity (% of population),EG.ELC.ACCS.ZS,2021,86.3
Netherlands,NLD,Access to electricity (% of population),EG.ELC.ACCS.ZS,2021,100.0
Norway,NOR,Access to electricity (% of population),EG.ELC.ACCS.ZS,2021,100.0
Nepal,NPL,Access to electricity (% of population),EG.ELC.ACCS.ZS,2021,89.9
Nauru,NRU,Access to electricity (% of population),EG.ELC.ACCS.ZS,2021,100.0
New Zealand,NZL,Access to electricity (% of population),EG.ELC.ACCS.ZS,2021,100.0
Oman,OMN,Access to electricity (% of population),EG.ELC.ACCS.ZS,2021,100.0
Pakistan,PAK,Access to electricity (% of population),EG.ELC.ACCS.ZS,2021,94.9
Panama,PAN,Access to electricity (% of population),EG.ELC.ACCS.ZS,2021,95.3
Peru,PER,Access to electricity (% of population),EG.ELC.ACCS.ZS,2021,95.6
Philippines,PHL,Access to electricity (% of population),EG.ELC.ACCS.ZS,2021,97.5
Palau,PLW,Access to electricity (% of population),EG.ELC.ACCS.ZS,2021,100.0
Papua New Guinea,PNG,Access to electricity (% of population),EG.ELC.ACCS.ZS,2021,20.9
Poland,POL,Access to electricity (% of population),EG.ELC.ACCS.ZS,2021,100.0
Puerto Rico (US),PRI,Access to electricity (% of population),EG.ELC.ACCS.ZS,2021,100.0
"Korea, Dem. People's Rep.",PRK,Access to electricity (% of population),EG.ELC.ACCS.ZS,2021,52.6
Portugal,PRT,Access to electricity (% of population),EG.ELC.ACCS.ZS,2021,100.0
Paraguay,PRY,Access to electricity (% of population),EG.ELC.ACCS.ZS,2021,100.0
West Bank and Gaza,PSE,Access to electricity (% of population),EG.ELC.ACCS.ZS,2021,100.0
French Polynesia,PYF,Access to electricity (% of population),EG.ELC.ACCS.ZS,2021,100.0
Qatar,QAT,Access to electricity (% of population),EG.ELC.ACCS.ZS,2021,100.0
Romania,ROU,Access to electricity (% of population),EG.ELC.ACCS.ZS,2021,100.0
Russian Federation,RUS,Access to electricity (% of population),EG.ELC.ACCS.ZS,2021,100.0
Rwanda,RWA,Access to electricity (% of population),EG.ELC.ACCS.ZS,2021,48.7
Saudi Arabia,SAU,Access to electricity (% of population),EG.ELC.ACCS.ZS,2021,100.0
Sudan,SDN,Access to electricity (% of population),EG.ELC.ACCS.ZS,2021,61.8
Senegal,SEN,Access to electricity (% of population),EG.ELC.ACCS.ZS,2021,68.0
Singapore,SGP,Access to electricity (% of population),EG.ELC.ACCS.ZS,2021,100.0
Solomon Islands,SLB,Access to electricity (% of population),EG.ELC.ACCS.ZS,2021,76.3
Sierra Leone,SLE,Access to electricity (% of population),EG.ELC.ACCS.ZS,2021,27.5
El Salvador,SLV,Access to electricity (% of population),EG.ELC.ACCS.ZS,2021,97.9
San Marino,SMR,Access to electricity (% of population),EG.ELC.ACCS.ZS,2021,100.0
"Somalia, Fed. Rep.",SOM,Access to electricity (% of population),EG.ELC.ACCS.ZS,2021,49.3
Serbia,SRB,Access to electricity (% of population),EG.ELC.ACCS.ZS,2021,100.0
South Sudan,SSD,Access to electricity (% of population),EG.ELC.ACCS.ZS,2021,7.7
Sao Tome and Principe,STP,Access to electricity (% of population),EG.ELC.ACCS.ZS,2021,78.5
Suriname,SUR,Access to electricity (% of population),EG.ELC.ACCS.ZS,2021,98.8
Slovak Republic,SVK,Access to electricity (% of population),EG.ELC.ACCS.ZS,2021,100.0
Slovenia,SVN,Access to electricity (% of population),EG.ELC.ACCS.ZS,2021,100.0
Sweden,SWE,Access to electricity (% of population),EG.ELC.ACCS.ZS,2021,100.0
Eswatini,SWZ,Access to electricity (% of population),EG.ELC.ACCS.ZS,2021,82.9
Sint Maarten (Dutch part),SXM,Access to electricity (% of population),EG.ELC.ACCS.ZS,2021,100.0
Seychelles,SYC,Access to electricity (% of population),EG.ELC.ACCS.ZS,2021,100.0
Syrian Arab Republic,SYR,Access to electricity (% of population),EG.ELC.ACCS.ZS,2021,88.8
Turks and Caicos Islands,TCA,Access to electricity (% of population),EG.ELC.ACCS.ZS,2021,100.0
Chad,TCD,Access to electricity (% of population),EG.ELC.ACCS.ZS,2021,11.3
Togo,TGO,Access to electricity (% of population),EG.ELC.ACCS.ZS,2021,55.7
Thailand,THA,Access to electricity (% of population),EG.ELC.ACCS.ZS,2021,100.0
Tajikistan,TJK,Access to electricity (% of population),EG.ELC.ACCS.ZS,2021,99.6
Turkmenistan,TKM,Access to electricity (% of population),EG.ELC.ACCS.ZS,2021,100.0
Timor-Leste,TLS,Access to electricity (% of population),EG.ELC.ACCS.ZS,2021,100.0
Tonga,TON,Access to electricity (% of population),EG.ELC.ACCS.ZS,2021,100.0
Trinidad and Tobago,TTO,Access to electricity (% of population),EG.ELC.ACCS.ZS,2021,100.0
Tunisia,TUN,Access to electricity (% of population),EG.ELC.ACCS.ZS,2021,99.9
Turkiye,TUR,Access to electricity (% of population),EG.ELC.ACCS.ZS,2021,100.0
Tuvalu,TUV,Access to electricity (% of population),EG.ELC.ACCS.ZS,2021,99.7
Tanzania,TZA,Access to electricity (% of population),EG.ELC.ACCS.ZS,2021,42.7
Uganda,UGA,Access to electricity (% of population),EG.ELC.ACCS.ZS,2021,45.2
Ukraine,UKR,Access to electricity (% of population),EG.ELC.ACCS.ZS,2021,100.0
Uruguay,URY,Access to electricity (% of population),EG.ELC.ACCS.ZS,2021,100.0
United States,USA,Access to electricity (% of population),EG.ELC.ACCS.ZS,2021,100.0
Uzbekistan,UZB,Access to electricity (% of population),EG.ELC.ACCS.ZS,2021,99.9
St. Vincent and the Grenadines,VCT,Access to electricity (% of population),EG.ELC.ACCS.ZS,2021,100.0
"Venezuela, RB",VEN,Access to electricity (% of population),EG.ELC.ACCS.ZS,2021,100.0
British Virgin Islands,VGB,Access to electricity (% of population),EG.ELC.ACCS.ZS,2021,100.0
Virgin Islands (U.S.),VIR,Access to electricity (% of population),EG.ELC.ACCS.ZS,2021,100.0
Viet Nam,VNM,Access to electricity (% of population),EG.ELC.ACCS.ZS,2021,100.0
Vanuatu,VUT,Access to electricity (% of population),EG.ELC.ACCS.ZS,2021,70.0
Samoa,WSM,Access to electricity (% of population),EG.ELC.ACCS.ZS,2021,98.3
"Yemen, Rep.",YEM,Access to electricity (% of population),EG.ELC.ACCS.ZS,2021,74.9
South Africa,ZAF,Access to electricity (% of population),EG.ELC.ACCS.ZS,2021,89.3
Zambia,ZMB,Access to electricity (% of population),EG.ELC.ACCS.ZS,2021,46.7
Zimbabwe,ZWE,Access to electricity (% of population),EG.ELC.ACCS.ZS,2021,49.0
Aruba,ABW,Access to electricity (% of population),EG.ELC.ACCS.ZS,2022,99.9
Afghanistan,AFG,Access to electricity (% of population),EG.ELC.ACCS.ZS,2022,85.3
Angola,AGO,Access to electricity (% of population),EG.ELC.ACCS.ZS,2022,48.5
Albania,ALB,Access to electricity (% of population),EG.ELC.ACCS.ZS,2022,100.0
Andorra,AND,Access to electricity (% of population),EG.ELC.ACCS.ZS,2022,100.0
United Arab Emirates,ARE,Access to electricity (% of population),EG.ELC.ACCS.ZS,2022,100.0
Argentina,ARG,Access to electricity (% of population),EG.ELC.ACCS.ZS,2022,100.0
Armenia,ARM,Access to electricity (% of population),EG.ELC.ACCS.ZS,2022,100.0
Antigua and Barbuda,ATG,Access to electricity (% of population),EG.ELC.ACCS.ZS,2022,100.0
Australia,AUS,Access to electricity (% of population),EG.ELC.ACCS.ZS,2022,100.0
Austria,AUT,Access to electricity (% of population),EG.ELC.ACCS.ZS,2022,100.0
Azerbaijan,AZE,Access to electricity (% of population),EG.ELC.ACCS.ZS,2022,100.0
Burundi,BDI,Access to electricity (% of population),EG.ELC.ACCS.ZS,2022,10.3
Belgium,BEL,Access to electricity (% of population),EG.ELC.ACCS.ZS,2022,100.0
Benin,BEN,Access to electricity (% of population),EG.ELC.ACCS.ZS,2022,56.5
Burkina Faso,BFA,Access to electricity (% of population),EG.ELC.ACCS.ZS,2022,19.5
Bangladesh,BGD,Access to electricity (% of population),EG.ELC.ACCS.ZS,2022,99.4
Bulgaria,BGR,Access to electricity (% of population),EG.ELC.ACCS.ZS,2022,100.0
Bahrain,BHR,Access to electricity (% of population),EG.ELC.ACCS.ZS,2022,100.0
"Bahamas, The",BHS,Access to electricity (% of population),EG.ELC.ACCS.ZS,2022,100.0
Bosnia and Herzegovina,BIH,Access to electricity (% of population),EG.ELC.ACCS.ZS,2022,100.0
Belarus,BLR,Access to electricity (% of population),EG.ELC.ACCS.ZS,2022,100.0
Belize,BLZ,Access to electricity (% of population),EG.ELC.ACCS.ZS,2022,98.6
Bermuda,BMU,Access to electricity (% of population),EG.ELC.ACCS.ZS,2022,100.0
Bolivia,BOL,Access to electricity (% of population),EG.ELC.ACCS.ZS,2022,99.9
Brazil,BRA,Access to electricity (% of population),EG.ELC.ACCS.ZS,2022,100.0
Barbados,BRB,Access to electricity (% of population),EG.ELC.ACCS.ZS,2022,100.0
Brunei Darussalam,BRN,Access to electricity (% of population),EG.ELC.ACCS.ZS,2022,100.0
Bhutan,BTN,Access to electricity (% of population),EG.ELC.ACCS.ZS,2022,100.0
Botswana,BWA,Access to electricity (% of population),EG.ELC.ACCS.ZS,2022,75.9
Central African Republic,CAF,Access to electricity (% of population),EG.ELC.ACCS.ZS,2022,15.7
Canada,CAN,Access to electricity (% of population),EG.ELC.ACCS.ZS,2022,100.0
Switzerland,CHE,Access to electricity (% of population),EG.ELC.ACCS.ZS,2022,100.0
Chile,CHL,Access to electricity (% of population),EG.ELC.ACCS.ZS,2022,100.0
China,CHN,Access to electricity (% of population),EG.ELC.ACCS.ZS,2022,100.0
Cote d'Ivoire,CIV,Access to electricity (% of population),EG.ELC.ACCS.ZS,2022,72.0
Cameroon,CMR,Access to electricity (% of population),EG.ELC.ACCS.ZS,2022,71.0
"Congo, Dem. Rep.",COD,Access to electricity (% of population),EG.ELC.ACCS.ZS,2022,21.5
"Congo, Rep.",COG,Access to electricity (% of population),EG.ELC.ACCS.ZS,2022,50.6
Colombia,COL,Access to electricity (% of population),EG.ELC.ACCS.ZS,2022,100.0
Comoros,COM,Access to electricity (% of population),EG.ELC.ACCS.ZS,2022,89.9
Cabo Verde,CPV,Access to electricity (% of population),EG.ELC.ACCS.ZS,2022,97.1
Costa Rica,CRI,Access to electricity (% of population),EG.ELC.ACCS.ZS,2022,100.0
Cuba,CUB,Access to electricity (% of population),EG.ELC.ACCS.ZS,2022,100.0
Curacao,CUW,Access to electricity (% of population),EG.ELC.ACCS.ZS,2022,100.0
Cayman Islands,CYM,Access to electricity (% of population),EG.ELC.ACCS.ZS,2022,100.0
Cyprus,CYP,Access to electricity (% of population),EG.ELC.ACCS.ZS,2022,100.0
Czechia,CZE,Access to electricity (% of population),EG.ELC.ACCS.ZS,2022,100.0
Germany,DEU,Access to electricity (% of population),EG.ELC.ACCS.ZS,2022,100.0
Djibouti,DJI,Access to electricity (% of population),EG.ELC.ACCS.ZS,2022,65.0
Dominica,DMA,Access to electricity (% of population),EG.ELC.ACCS.ZS,2022,100.0
Denmark,DNK,Access to electricity (% of population),EG.ELC.ACCS.ZS,2022,100.0
Dominican Republic,DOM,Access to electricity (% of population),EG.ELC.ACCS.ZS,2022,98.1
Algeria,DZA,Access to electricity (% of population),EG.ELC.ACCS.ZS,2022,100.0
Ecuador,ECU,Access to electricity (% of population),EG.ELC.ACCS.ZS,2022,100.0
"Egypt, Arab Rep.",EGY,Access to electricity (% of population),EG.ELC.ACCS.ZS,2022,100.0
Eritrea,ERI,Access to electricity (% of population),EG.ELC.ACCS.ZS,2022,53.4
Spain,ESP,Access to electricity (% of population),EG.ELC.ACCS.ZS,2022,100.0
Estonia,EST,Access to electricity (% of population),EG.ELC.ACCS.ZS,2022,100.0
Ethiopia,ETH,Access to electricity (% of population),EG.ELC.ACCS.ZS,2022,55.4
Finland,FIN,Access to electricity (% of population),EG.ELC.ACCS.ZS,2022,100.0
Fiji,FJI,Access to electricity (% of population),EG.ELC.ACCS.ZS,2022,92.0
France,FRA,Access to electricity (% of population),EG.ELC.ACCS.ZS,2022,100.0
Faroe Islands,FRO,Access to electricity (% of population),EG.ELC.ACCS.ZS,2022,100.0
"Micronesia, Fed. Sts.",FSM,Access to electricity (% of population),EG.ELC.ACCS.ZS,2022,85.3
Gabon,GAB,Access to electricity (% of population),EG.ELC.ACCS.ZS,2022,93.5
United Kingdom,GBR,Access to electricity (% of population),EG.ELC.ACCS.ZS,2022,100.0
Georgia,GEO,Access to electricity (% of population),EG.ELC.ACCS.ZS,2022,100.0
Ghana,GHA,Access to electricity (% of population),EG.ELC.ACCS.ZS,2022,85.1
Gibraltar,GIB,Access to electricity (% of population),EG.ELC.ACCS.ZS,2022,100.0
Guinea,GIN,Access to electricity (% of population),EG.ELC.ACCS.ZS,2022,47.7
"Gambia, The",GMB,Access to electricity (% of population),EG.ELC.ACCS.ZS,2022,65.4
Guinea-Bissau,GNB,Access to electricity (% of population),EG.ELC.ACCS.ZS,2022,37.4
Equatorial Guinea,GNQ,Access to electricity (% of population),EG.ELC.ACCS.ZS,2022,67.0
Greece,GRC,Access to electricity (% of population),EG.ELC.ACCS.ZS,2022,100.0
Grenada,GRD,Access to electricity (% of population),EG.ELC.ACCS.ZS,2022,94.2
Greenland,GRL,Access to electricity (% of population),EG.ELC.ACCS.ZS,2022,100.0
Guatemala,GTM,Access to electricity (% of population),EG.ELC.ACCS.ZS,2022,99.1
Guam,GUM,Access to electricity (% of population),EG.ELC.ACCS.ZS,2022,100.0
Guyana,GUY,Access to electricity (% of population),EG.ELC.ACCS.ZS,2022,93.0
"Hong Kong SAR, China",HKG,Access to electricity (% of population),EG.ELC.ACCS.ZS,2022,100.0
Honduras,HND,Access to electricity (% of population),EG.ELC.ACCS.ZS,2022,94.4
Croatia,HRV,Access to electricity (% of population),EG.ELC.ACCS.ZS,2022,100.0
Haiti,HTI,Access to electricity (% of population),EG.ELC.ACCS.ZS,2022,49.3
Hungary,HUN,Access to electricity (% of population),EG.ELC.ACCS.ZS,2022,100.0
Indonesia,IDN,Access to electricity (% of population),EG.ELC.ACCS.ZS,2022,100.0
Isle of Man,IMN,Access to electricity (% of population),EG.ELC.ACCS.ZS,2022,100.0
India,IND,Access to electricity (% of population),EG.ELC.ACCS.ZS,2022,99.2
Ireland,IRL,Access to electricity (% of population),EG.ELC.ACCS.ZS,2022,100.0
"Iran, Islamic Rep.",IRN,Access to electricity (% of population),EG.ELC.ACCS.ZS,2022,100.0
Iraq,IRQ,Access to electricity (% of population),EG.ELC.ACCS.ZS,2022,100.0
Iceland,ISL,Access to electricity (% of population),EG.ELC.ACCS.ZS,2022,100.0
Israel,ISR,Access to electricity (% of population),EG.ELC.ACCS.ZS,2022,100.0
Italy,ITA,Access to electricity (% of population),EG.ELC.ACCS.ZS,2022,100.0
Jamaica,JAM,Access to electricity (% of population),EG.ELC.ACCS.ZS,2022,100.0
Jordan,JOR,Access to electricity (% of population),EG.ELC.ACCS.ZS,2022,100.0
Japan,JPN,Access to electricity (% of population),EG.ELC.ACCS.ZS,2022,100.0
Kazakhstan,KAZ,Access to electricity (% of population),EG.ELC.ACCS.ZS,2022,100.0
Kenya,KEN,Access to electricity (% of population),EG.ELC.ACCS.ZS,2022,76.0
Kyrgyz Republic,KGZ,Access to electricity (% of population),EG.ELC.ACCS.ZS,2022,99.7
Cambodia,KHM,Access to electricity (% of population),EG.ELC.ACCS.ZS,2022,92.3
Kiribati,KIR,Access to electricity (% of population),EG.ELC.ACCS.ZS,2022,94.4
St. Kitts and Nevis,KNA,Access to electricity (% of population),EG.ELC.ACCS.ZS,2022,100.0
"Korea, Rep.",KOR,Access to electricity (% of population),EG.ELC.ACCS.ZS,2022,100.0
Kuwait,KWT,Access to electricity (% of population),EG.ELC.ACCS.ZS,2022,100.0
Lao PDR,LAO,Access to electricity (% of population),EG.ELC.ACCS.ZS,2022,100.0
Lebanon,LBN,Access to electricity (% of population),EG.ELC.ACCS.ZS,2022,100.0
Liberia,LBR,Access to electricity (% of population),EG.ELC.ACCS.ZS,2022,31.8
Libya,LBY,Access to electricity (% of population),EG.ELC.ACCS.ZS,2022,70.0
St. Lucia,LCA,Access to electricity (% of population),EG.ELC.ACCS.ZS,2022,100.0
Liechtenstein,LIE,Access to electricity (% of population),EG.ELC.ACCS.ZS,2022,100.0
Sri Lanka,LKA,Access to electricity (% of population),EG.ELC.ACCS.ZS,2022,100.0
Lesotho,LSO,Access to electricity (% of population),EG.ELC.ACCS.ZS,2022,50.0
Lithuania,LTU,Access to electricity (% of population),EG.ELC.ACCS.ZS,2022,100.0
Luxembourg,LUX,Access to electricity (% of population),EG.ELC.ACCS.ZS,2022,100.0
Latvia,LVA,Access to electricity (% of population),EG.ELC.ACCS.ZS,2022,100.0
"Macao SAR, China",MAC,Access to electricity (% of population),EG.ELC.ACCS.ZS,2022,100.0
St. Martin (French part),MAF,Access to electricity (% of population),EG.ELC.ACCS.ZS,2022,100.0
Morocco,MAR,Access to electricity (% of population),EG.ELC.ACCS.ZS,2022,100.0
Monaco,MCO,Access to electricity (% of population),EG.ELC.ACCS.ZS,2022,100.0
Moldova,MDA,Access to electricity (% of population),EG.ELC.ACCS.ZS,2022,100.0
Madagascar,MDG,Access to electricity (% of population),EG.ELC.ACCS.ZS,2022,36.1
Maldives,MDV,Access to electricity (% of population),EG.ELC.ACCS.ZS,2022,100.0
Mexico,MEX,Access to electricity (% of population),EG.ELC.ACCS.ZS,2022,100.0
Marshall Islands,MHL,Access to electricity (% of population),EG.ELC.ACCS.ZS,2022,100.0
North Macedonia,MKD,Access to electricity (% of population),EG.ELC.ACCS.ZS,2022,100.0
Mali,MLI,Access to electricity (% of population),EG.ELC.ACCS.ZS,2022,53.0
Malta,MLT,Access to electricity (% of population),EG.ELC.ACCS.ZS,2022,100.0
Myanmar,MMR,Access to electricity (% of population),EG.ELC.ACCS.ZS,2022,73.6
Montenegro,MNE,Access to electricity (% of population),EG.ELC.ACCS.ZS,2022,100.0
Mongolia,MNG,Access to electricity (% of population),EG.ELC.ACCS.ZS,2022,100.0
Northern Mariana Islands,MNP,Access to electricity (% of population),EG.ELC.ACCS.ZS,2022,100.0
Mozambique,MOZ,Access to electricity (% of population),EG.ELC.ACCS.ZS,2022,33.2
Mauritania,MRT,Access to electricity (% of population),EG.ELC.ACCS.ZS,2022,49.0
Mauritius,MUS,Access to electricity (% of population),EG.ELC.ACCS.ZS,2022,100.0
Malawi,MWI,Access to electricity (% of population),EG.ELC.ACCS.ZS,2022,14.0
Malaysia,MYS,Access to electricity (% of population),EG.ELC.ACCS.ZS,2022,100.0
Namibia,NAM,Access to electricity (% of population),EG.ELC.ACCS.ZS,2022,56.2
New Caledonia,NCL,Access to electricity (% of population),EG.ELC.ACCS.ZS,2022,100.0
Niger,NER,Access to electricity (% of population),EG.ELC.ACCS.ZS,2022,19.5
Nigeria,NGA,Access to electricity (% of population),EG.ELC.ACCS.ZS,2022,60.5
Nicaragua,NIC,Access to electricity (% of population),EG.ELC.ACCS.ZS,2022,86.5
Netherlands,NLD,Access to electricity (% of population),EG.ELC.ACCS.ZS,2022,100.0
Norway,NOR,Access to electricity (% of population),EG.ELC.ACCS.ZS,2022,100.0
Nepal,NPL,Access to electricity (% of population),EG.ELC.ACCS.ZS,2022,91.3
Nauru,NRU,Access to electricity (% of population),EG.ELC.ACCS.ZS,2022,100.0
New Zealand,NZL,Access to electricity (% of population),EG.ELC.ACCS.ZS,2022,100.0
Oman,OMN,Access to electricity (% of population),EG.ELC.ACCS.ZS,2022,100.0
Pakistan,PAK,Access to electricity (% of population),EG.ELC.ACCS.ZS,2022,95.0
Panama,PAN,Access to electricity (% of population),EG.ELC.ACCS.ZS,2022,95.0
Peru,PER,Access to electricity (% of population),EG.ELC.ACCS.ZS,2022,96.2
Philippines,PHL,Access to electricity (% of population),EG.ELC.ACCS.ZS,2022,94.8
Palau,PLW,Access to electricity (% of population),EG.ELC.ACCS.ZS,2022,100.0
Papua New Guinea,PNG,Access to electricity (% of population),EG.ELC.ACCS.ZS,2022,19.0
Poland,POL,Access to electricity (% of population),EG.ELC.ACCS.ZS,2022,100.0
Puerto Rico (US),PRI,Access to electricity (% of population),EG.ELC.ACCS.ZS,2022,100.0
"Korea, Dem. People's Rep.",PRK,Access to electricity (% of population),EG.ELC.ACCS.ZS,2022,54.7
Portugal,PRT,Access to electricity (% of population),EG.ELC.ACCS.ZS,2022,100.0
Paraguay,PRY,Access to electricity (% of population),EG.ELC.ACCS.ZS,2022,100.0
West Bank and Gaza,PSE,Access to electricity (% of population),EG.ELC.ACCS.ZS,2022,100.0
French Polynesia,PYF,Access to electricity (% of population),EG.ELC.ACCS.ZS,2022,100.0
Qatar,QAT,Access to electricity (% of population),EG.ELC.ACCS.ZS,2022,100.0
Romania,ROU,Access to electricity (% of population),EG.ELC.ACCS.ZS,2022,100.0
Russian Federation,RUS,Access to electricity (% of population),EG.ELC.ACCS.ZS,2022,100.0
Rwanda,RWA,Access to electricity (% of population),EG.ELC.ACCS.ZS,2022,50.6
Saudi Arabia,SAU,Access to electricity (% of population),EG.ELC.ACCS.ZS,2022,100.0
Sudan,SDN,Access to electricity (% of population),EG.ELC.ACCS.ZS,2022,63.2
Senegal,SEN,Access to electricity (% of population),EG.ELC.ACCS.ZS,2022,67.9
Singapore,SGP,Access to electricity (% of population),EG.ELC.ACCS.ZS,2022,100.0
Solomon Islands,SLB,Access to electricity (% of population),EG.ELC.ACCS.ZS,2022,76.0
Sierra Leone,SLE,Access to electricity (% of population),EG.ELC.ACCS.ZS,2022,29.4
El Salvador,SLV,Access to electricity (% of population),EG.ELC.ACCS.ZS,2022,100.0
San Marino,SMR,Access to electricity (% of population),EG.ELC.ACCS.ZS,2022,100.0
"Somalia, Fed. Rep.",SOM,Access to electricity (% of population),EG.ELC.ACCS.ZS,2022,48.9
Serbia,SRB,Access to electricity (% of population),EG.ELC.ACCS.ZS,2022,100.0
South Sudan,SSD,Access to electricity (% of population),EG.ELC.ACCS.ZS,2022,8.4
Sao Tome and Principe,STP,Access to electricity (% of population),EG.ELC.ACCS.ZS,2022,78.0
Suriname,SUR,Access to electricity (% of population),EG.ELC.ACCS.ZS,2022,99.0
Slovak Republic,SVK,Access to electricity (% of population),EG.ELC.ACCS.ZS,2022,100.0
Slovenia,SVN,Access to electricity (% of population),EG.ELC.ACCS.ZS,2022,100.0
Sweden,SWE,Access to electricity (% of population),EG.ELC.ACCS.ZS,2022,100.0
Eswatini,SWZ,Access to electricity (% of population),EG.ELC.ACCS.ZS,2022,82.3
Sint Maarten (Dutch part),SXM,Access to electricity (% of population),EG.ELC.ACCS.ZS,2022,100.0
Seychelles,SYC,Access to electricity (% of population),EG.ELC.ACCS.ZS,2022,100.0
Syrian Arab Republic,SYR,Access to electricity (% of population),EG.ELC.ACCS.ZS,2022,89.0
Turks and Caicos Islands,TCA,Access to electricity (% of population),EG.ELC.ACCS.ZS,2022,99.9
Chad,TCD,Access to electricity (% of population),EG.ELC.ACCS.ZS,2022,11.7
Togo,TGO,Access to electricity (% of population),EG.ELC.ACCS.ZS,2022,57.2
Thailand,THA,Access to electricity (% of population),EG.ELC.ACCS.ZS,2022,99.9
Tajikistan,TJK,Access to electricity (% of population),EG.ELC.ACCS.ZS,2022,100.0
Turkmenistan,TKM,Access to electricity (% of population),EG.ELC.ACCS.ZS,2022,100.0
Timor-Leste,TLS,Access to electricity (% of population),EG.ELC.ACCS.ZS,2022,99.7
Tonga,TON,Access to electricity (% of population),EG.ELC.ACCS.ZS,2022,100.0
Trinidad and Tobago,TTO,Access to electricity (% of population),EG.ELC.ACCS.ZS,2022,100.0
Tunisia,TUN,Access to electricity (% of population),EG.ELC.ACCS.ZS,2022,100.0
Turkiye,TUR,Access to electricity (% of population),EG.ELC.ACCS.ZS,2022,100.0
Tuvalu,TUV,Access to electricity (% of population),EG.ELC.ACCS.ZS,2022,100.0
Tanzania,TZA,Access to electricity (% of population),EG.ELC.ACCS.ZS,2022,45.8
Uganda,UGA,Access to electricity (% of population),EG.ELC.ACCS.ZS,2022,47.1
Ukraine,UKR,Access to electricity (% of population),EG.ELC.ACCS.ZS,2022,100.0
Uruguay,URY,Access to electricity (% of population),EG.ELC.ACCS.ZS,2022,100.0
United States,USA,Access to electricity (% of population),EG.ELC.ACCS.ZS,2022,100.0
Uzbekistan,UZB,Access to electricity (% of population),EG.ELC.ACCS.ZS,2022,100.0
St. Vincent and the Grenadines,VCT,Access to electricity (% of population),EG.ELC.ACCS.ZS,2022,100.0
"Venezuela, RB",VEN,Access to electricity (% of population),EG.ELC.ACCS.ZS,2022,100.0
British Virgin Islands,VGB,Access to electricity (% of population),EG.ELC.ACCS.ZS,2022,100.0
Virgin Islands (U.S.),VIR,Access to electricity (% of population),EG.ELC.ACCS.ZS,2022,100.0
Viet Nam,VNM,Access to electricity (% of population),EG.ELC.ACCS.ZS,2022,100.0
Vanuatu,VUT,Access to electricity (% of population),EG.ELC.ACCS.ZS,2022,71.6
Samoa,WSM,Access to electricity (% of population),EG.ELC.ACCS.ZS,2022,98.3
"Yemen, Rep.",YEM,Access to electricity (% of population),EG.ELC.ACCS.ZS,2022,76.0
South Africa,ZAF,Access to electricity (% of population),EG.ELC.ACCS.ZS,2022,86.5
Zambia,ZMB,Access to electricity (% of population),EG.ELC.ACCS.ZS,2022,47.8
Zimbabwe,ZWE,Access to electricity (% of population),EG.ELC.ACCS.ZS,2022,50.1
Aruba,ABW,Access to electricity (% of population),EG.ELC.ACCS.ZS,2023,100.0
Afghanistan,AFG,Access to electricity (% of population),EG.ELC.ACCS.ZS,2023,85.3
Angola,AGO,Access to electricity (% of population),EG.ELC.ACCS.ZS,2023,51.1
Albania,ALB,Access to electricity (% of population),EG.ELC.ACCS.ZS,2023,100.0
Andorra,AND,Access to electricity (% of population),EG.ELC.ACCS.ZS,2023,100.0
United Arab Emirates,ARE,Access to electricity (% of population),EG.ELC.ACCS.ZS,2023,100.0
Argentina,ARG,Access to electricity (% of population),EG.ELC.ACCS.ZS,2023,100.0
Armenia,ARM,Access to electricity (% of population),EG.ELC.ACCS.ZS,2023,100.0
Antigua and Barbuda,ATG,Access to electricity (% of population),EG.ELC.ACCS.ZS,2023,100.0
Australia,AUS,Access to electricity (% of population),EG.ELC.ACCS.ZS,2023,100.0
Austria,AUT,Access to electricity (% of population),EG.ELC.ACCS.ZS,2023,100.0
Azerbaijan,AZE,Access to electricity (% of population),EG.ELC.ACCS.ZS,2023,100.0
Burundi,BDI,Access to electricity (% of population),EG.ELC.ACCS.ZS,2023,11.6
Belgium,BEL,Access to electricity (% of population),EG.ELC.ACCS.ZS,2023,100.0
Benin,BEN,Access to electricity (% of population),EG.ELC.ACCS.ZS,2023,57.0
Burkina Faso,BFA,Access to electricity (% of population),EG.ELC.ACCS.ZS,2023,21.7
Bangladesh,BGD,Access to electricity (% of population),EG.ELC.ACCS.ZS,2023,99.5
Bulgaria,BGR,Access to electricity (% of population),EG.ELC.ACCS.ZS,2023,100.0
Bahrain,BHR,Access to electricity (% of population),EG.ELC.ACCS.ZS,2023,100.0
"Bahamas, The",BHS,Access to electricity (% of population),EG.ELC.ACCS.ZS,2023,100.0
Bosnia and Herzegovina,BIH,Access to electricity (% of population),EG.ELC.ACCS.ZS,2023,100.0
Belarus,BLR,Access to electricity (% of population),EG.ELC.ACCS.ZS,2023,100.0
Belize,BLZ,Access to electricity (% of population),EG.ELC.ACCS.ZS,2023,99.6
Bermuda,BMU,Access to electricity (% of population),EG.ELC.ACCS.ZS,2023,100.0
Bolivia,BOL,Access to electricity (% of population),EG.ELC.ACCS.ZS,2023,99.8
Brazil,BRA,Access to electricity (% of population),EG.ELC.ACCS.ZS,2023,99.8
Barbados,BRB,Access to electricity (% of population),EG.ELC.ACCS.ZS,2023,100.0
Brunei Darussalam,BRN,Access to electricity (% of population),EG.ELC.ACCS.ZS,2023,100.0
Bhutan,BTN,Access to electricity (% of population),EG.ELC.ACCS.ZS,2023,100.0
Botswana,BWA,Access to electricity (% of population),EG.ELC.ACCS.ZS,2023,76.0
Central African Republic,CAF,Access to electricity (% of population),EG.ELC.ACCS.ZS,2023,17.6
Canada,CAN,Access to electricity (% of population),EG.ELC.ACCS.ZS,2023,100.0
Switzerland,CHE,Access to electricity (% of population),EG.ELC.ACCS.ZS,2023,100.0
Chile,CHL,Access to electricity (% of population),EG.ELC.ACCS.ZS,2023,100.0
China,CHN,Access to electricity (% of population),EG.ELC.ACCS.ZS,2023,100.0
Cote d'Ivoire,CIV,Access to electricity (% of population),EG.ELC.ACCS.ZS,2023,72.4
Cameroon,CMR,Access to electricity (% of population),EG.ELC.ACCS.ZS,2023,72.0
"Congo, Dem. Rep.",COD,Access to electricity (% of population),EG.ELC.ACCS.ZS,2023,22.1
"Congo, Rep.",COG,Access to electricity (% of population),EG.ELC.ACCS.ZS,2023,51.3
Colombia,COL,Access to electricity (% of population),EG.ELC.ACCS.ZS,2023,98.7
Comoros,COM,Access to electricity (% of population),EG.ELC.ACCS.ZS,2023,89.8
Cabo Verde,CPV,Access to electricity (% of population),EG.ELC.ACCS.ZS,2023,98.6
Costa Rica,CRI,Access to electricity (% of population),EG.ELC.ACCS.ZS,2023,100.0
Cuba,CUB,Access to electricity (% of population),EG.ELC.ACCS.ZS,2023,100.0
Curacao,CUW,Access to electricity (% of population),EG.ELC.ACCS.ZS,2023,100.0
Cayman Islands,CYM,Access to electricity (% of population),EG.ELC.ACCS.ZS,2023,100.0
Cyprus,CYP,Access to electricity (% of population),EG.ELC.ACCS.ZS,2023,100.0
Czechia,CZE,Access to electricity (% of population),EG.ELC.ACCS.ZS,2023,100.0
Germany,DEU,Access to electricity (% of population),EG.ELC.ACCS.ZS,2023,100.0
Djibouti,DJI,Access to electricity (% of population),EG.ELC.ACCS.ZS,2023,65.2
Dominica,DMA,Access to electricity (% of population),EG.ELC.ACCS.ZS,2023,100.0
Denmark,DNK,Access to electricity (% of population),EG.ELC.ACCS.ZS,2023,100.0
Dominican Republic,DOM,Access to electricity (% of population),EG.ELC.ACCS.ZS,2023,99.6
Algeria,DZA,Access to electricity (% of population),EG.ELC.ACCS.ZS,2023,100.0
Ecuador,ECU,Access to electricity (% of population),EG.ELC.ACCS.ZS,2023,98.7
"Egypt, Arab Rep.",EGY,Access to electricity (% of population),EG.ELC.ACCS.ZS,2023,100.0
Eritrea,ERI,Access to electricity (% of population),EG.ELC.ACCS.ZS,2023,54.4
Spain,ESP,Access to electricity (% of population),EG.ELC.ACCS.ZS,2023,100.0
Estonia,EST,Access to electricity (% of population),EG.ELC.ACCS.ZS,2023,100.0
Ethiopia,ETH,Access to electricity (% of population),EG.ELC.ACCS.ZS,2023,55.4
Finland,FIN,Access to electricity (% of population),EG.ELC.ACCS.ZS,2023,100.0
Fiji,FJI,Access to electricity (% of population),EG.ELC.ACCS.ZS,2023,99.3
France,FRA,Access to electricity (% of population),EG.ELC.ACCS.ZS,2023,100.0
Faroe Islands,FRO,Access to electricity (% of population),EG.ELC.ACCS.ZS,2023,100.0
"Micronesia, Fed. Sts.",FSM,Access to electricity (% of population),EG.ELC.ACCS.ZS,2023,86.9
Gabon,GAB,Access to electricity (% of population),EG.ELC.ACCS.ZS,2023,94.1
United Kingdom,GBR,Access to electricity (% of population),EG.ELC.ACCS.ZS,2023,100.0
Georgia,GEO,Access to electricity (% of population),EG.ELC.ACCS.ZS,2023,100.0
Ghana,GHA,Access to electricity (% of population),EG.ELC.ACCS.ZS,2023,89.5
Gibraltar,GIB,Access to electricity (% of population),EG.ELC.ACCS.ZS,2023,100.0
Guinea,GIN,Access to electricity (% of population),EG.ELC.ACCS.ZS,2023,51.1
"Gambia, The",GMB,Access to electricity (% of population),EG.ELC.ACCS.ZS,2023,66.9
Guinea-Bissau,GNB,Access to electricity (% of population),EG.ELC.ACCS.ZS,2023,40.5
Equatorial Guinea,GNQ,Access to electricity (% of population),EG.ELC.ACCS.ZS,2023,66.9
Greece,GRC,Access to electricity (% of population),EG.ELC.ACCS.ZS,2023,100.0
Grenada,GRD,Access to electricity (% of population),EG.ELC.ACCS.ZS,2023,94.4
Greenland,GRL,Access to electricity (% of population),EG.ELC.ACCS.ZS,2023,100.0
Guatemala,GTM,Access to electricity (% of population),EG.ELC.ACCS.ZS,2023,100.0
Guam,GUM,Access to electricity (% of population),EG.ELC.ACCS.ZS,2023,100.0
Guyana,GUY,Access to electricity (% of population),EG.ELC.ACCS.ZS,2023,98.9
"Hong Kong SAR, China",HKG,Access to electricity (% of population),EG.ELC.ACCS.ZS,2023,100.0
Honduras,HND,Access to electricity (% of population),EG.ELC.ACCS.ZS,2023,95.6
Croatia,HRV,Access to electricity (% of population),EG.ELC.ACCS.ZS,2023,100.0
Haiti,HTI,Access to electricity (% of population),EG.ELC.ACCS.ZS,2023,51.3
Hungary,HUN,Access to electricity (% of population),EG.ELC.ACCS.ZS,2023,100.0
Indonesia,IDN,Access to electricity (% of population),EG.ELC.ACCS.ZS,2023,99.4
Isle of Man,IMN,Access to electricity (% of population),EG.ELC.ACCS.ZS,2023,100.0
India,IND,Access to electricity (% of population),EG.ELC.ACCS.ZS,2023,99.5
Ireland,IRL,Access to electricity (% of population),EG.ELC.ACCS.ZS,2023,100.0
"Iran, Islamic Rep.",IRN,Access to electricity (% of population),EG.ELC.ACCS.ZS,2023,100.0
Iraq,IRQ,Access to electricity (% of population),EG.ELC.ACCS.ZS,2023,100.0
Iceland,ISL,Access to electricity (% of population),EG.ELC.ACCS.ZS,2023,100.0
Israel,ISR,Access to electricity (% of population),EG.ELC.ACCS.ZS,2023,100.0
Italy,ITA,Access to electricity (% of population),EG.ELC.ACCS.ZS,2023,100.0
Jamaica,JAM,Access to electricity (% of population),EG.ELC.ACCS.ZS,2023,97.7
Jordan,JOR,Access to electricity (% of population),EG.ELC.ACCS.ZS,2023,100.0
Japan,JPN,Access to electricity (% of population),EG.ELC.ACCS.ZS,2023,100.0
Kazakhstan,KAZ,Access to electricity (% of population),EG.ELC.ACCS.ZS,2023,100.0
Kenya,KEN,Access to electricity (% of population),EG.ELC.ACCS.ZS,2023,76.2
Kyrgyz Republic,KGZ,Access to electricity (% of population),EG.ELC.ACCS.ZS,2023,100.0
Cambodia,KHM,Access to electricity (% of population),EG.ELC.ACCS.ZS,2023,95.0
Kiribati,KIR,Access to electricity (% of population),EG.ELC.ACCS.ZS,2023,95.9
St. Kitts and Nevis,KNA,Access to electricity (% of population),EG.ELC.ACCS.ZS,2023,100.0
"Korea, Rep.",KOR,Access to electricity (% of population),EG.ELC.ACCS.ZS,2023,100.0
Kuwait,KWT,Access to electricity (% of population),EG.ELC.ACCS.ZS,2023,100.0
Lao PDR,LAO,Access to electricity (% of population),EG.ELC.ACCS.ZS,2023,96.5
Lebanon,LBN,Access to electricity (% of population),EG.ELC.ACCS.ZS,2023,100.0
Liberia,LBR,Access to electricity (% of population),EG.ELC.ACCS.ZS,2023,32.5
Libya,LBY,Access to electricity (% of population),EG.ELC.ACCS.ZS,2023,73.2
St. Lucia,LCA,Access to electricity (% of population),EG.ELC.ACCS.ZS,2023,100.0
Liechtenstein,LIE,Access to electricity (% of population),EG.ELC.ACCS.ZS,2023,100.0
Sri Lanka,LKA,Access to electricity (% of population),EG.ELC.ACCS.ZS,2023,100.0
Lesotho,LSO,Access to electricity (% of population),EG.ELC.ACCS.ZS,2023,57.3
Lithuania,LTU,Access to electricity (% of population),EG.ELC.ACCS.ZS,2023,100.0
Luxembourg,LUX,Access to electricity (% of population),EG.ELC.ACCS.ZS,2023,100.0
Latvia,LVA,Access to electricity (% of population),EG.ELC.ACCS.ZS,2023,100.0
"Macao SAR, China",MAC,Access to electricity (% of population),EG.ELC.ACCS.ZS,2023,100.0
St. Martin (French part),MAF,Access to electricity (% of population),EG.ELC.ACCS.ZS,2023,100.0
Morocco,MAR,Access to electricity (% of population),EG.ELC.ACCS.ZS,2023,100.0
Monaco,MCO,Access to electricity (% of population),EG.ELC.ACCS.ZS,2023,100.0
Moldova,MDA,Access to electricity (% of population),EG.ELC.ACCS.ZS,2023,100.0
Madagascar,MDG,Access to electricity (% of population),EG.ELC.ACCS.ZS,2023,39.4
Maldives,MDV,Access to electricity (% of population),EG.ELC.ACCS.ZS,2023,100.0
Mexico,MEX,Access to electricity (% of population),EG.ELC.ACCS.ZS,2023,99.7
Marshall Islands,MHL,Access to electricity (% of population),EG.ELC.ACCS.ZS,2023,100.0
North Macedonia,MKD,Access to electricity (% of population),EG.ELC.ACCS.ZS,2023,100.0
Mali,MLI,Access to electricity (% of population),EG.ELC.ACCS.ZS,2023,54.5
Malta,MLT,Access to electricity (% of population),EG.ELC.ACCS.ZS,2023,100.0
Myanmar,MMR,Access to electricity (% of population),EG.ELC.ACCS.ZS,2023,76.8
Montenegro,MNE,Access to electricity (% of population),EG.ELC.ACCS.ZS,2023,100.0
Mongolia,MNG,Access to electricity (% of population),EG.ELC.ACCS.ZS,2023,100.0
Northern Mariana Islands,MNP,Access to electricity (% of population),EG.ELC.ACCS.ZS,2023,100.0
Mozambique,MOZ,Access to electricity (% of population),EG.ELC.ACCS.ZS,2023,36.0
Mauritania,MRT,Access to electricity (% of population),EG.ELC.ACCS.ZS,2023,50.3
Mauritius,MUS,Access to electricity (% of population),EG.ELC.ACCS.ZS,2023,100.0
Malawi,MWI,Access to electricity (% of population),EG.ELC.ACCS.ZS,2023,15.6
Malaysia,MYS,Access to electricity (% of population),EG.ELC.ACCS.ZS,2023,100.0
Namibia,NAM,Access to electricity (% of population),EG.ELC.ACCS.ZS,2023,56.7
New Caledonia,NCL,Access to electricity (% of population),EG.ELC.ACCS.ZS,2023,100.0
Niger,NER,Access to electricity (% of population),EG.ELC.ACCS.ZS,2023,20.1
Nigeria,NGA,Access to electricity (% of population),EG.ELC.ACCS.ZS,2023,61.2
Nicaragua,NIC,Access to electricity (% of population),EG.ELC.ACCS.ZS,2023,88.3
Netherlands,NLD,Access to electricity (% of population),EG.ELC.ACCS.ZS,2023,100.0
Norway,NOR,Access to electricity (% of population),EG.ELC.ACCS.ZS,2023,100.0
Nepal,NPL,Access to electricity (% of population),EG.ELC.ACCS.ZS,2023,94.0
Nauru,NRU,Access to electricity (% of population),EG.ELC.ACCS.ZS,2023,100.0
New Zealand,NZL,Access to electricity (% of population),EG.ELC.ACCS.ZS,2023,100.0
Oman,OMN,Access to electricity (% of population),EG.ELC.ACCS.ZS,2023,100.0
Pakistan,PAK,Access to electricity (% of population),EG.ELC.ACCS.ZS,2023,95.6
Panama,PAN,Access to electricity (% of population),EG.ELC.ACCS.ZS,2023,97.0
Peru,PER,Access to electricity (% of population),EG.ELC.ACCS.ZS,2023,96.2
Philippines,PHL,Access to electricity (% of population),EG.ELC.ACCS.ZS,2023,98.0
Palau,PLW,Access to electricity (% of population),EG.ELC.ACCS.ZS,2023,100.0
Papua New Guinea,PNG,Access to electricity (% of population),EG.ELC.ACCS.ZS,2023,20.5
Poland,POL,Access to electricity (% of population),EG.ELC.ACCS.ZS,2023,100.0
Puerto Rico (US),PRI,Access to electricity (% of population),EG.ELC.ACCS.ZS,2023,100.0
"Korea, Dem. People's Rep.",PRK,Access to electricity (% of population),EG.ELC.ACCS.ZS,2023,57.5
Portugal,PRT,Access to electricity (% of population),EG.ELC.ACCS.ZS,2023,100.0
Paraguay,PRY,Access to electricity (% of population),EG.ELC.ACCS.ZS,2023,99.8
West Bank and Gaza,PSE,Access to electricity (% of population),EG.ELC.ACCS.ZS,2023,100.0
French Polynesia,PYF,Access to electricity (% of population),EG.ELC.ACCS.ZS,2023,100.0
Qatar,QAT,Access to electricity (% of population),EG.ELC.ACCS.ZS,2023,100.0
Romania,ROU,Access to electricity (% of population),EG.ELC.ACCS.ZS,2023,100.0
Russian Federation,RUS,Access to electricity (% of population),EG.ELC.ACCS.ZS,2023,100.0
Rwanda,RWA,Access to electricity (% of population),EG.ELC.ACCS.ZS,2023,63.9
Saudi Arabia,SAU,Access to electricity (% of population),EG.ELC.ACCS.ZS,2023,100.0
Sudan,SDN,Access to electricity (% of population),EG.ELC.ACCS.ZS,2023,66.0
Senegal,SEN,Access to electricity (% of population),EG.ELC.ACCS.ZS,2023,74.2
Singapore,SGP,Access to electricity (% of population),EG.ELC.ACCS.ZS,2023,100.0
Solomon Islands,SLB,Access to electricity (% of population),EG.ELC.ACCS.ZS,2023,81.3
Sierra Leone,SLE,Access to electricity (% of population),EG.ELC.ACCS.ZS,2023,35.5
El Salvador,SLV,Access to electricity (% of population),EG.ELC.ACCS.ZS,2023,98.3
San Marino,SMR,Access to electricity (% of population),EG.ELC.ACCS.ZS,2023,100.0
"Somalia, Fed. Rep.",SOM,Access to electricity (% of population),EG.ELC.ACCS.ZS,2023,50.3
Serbia,SRB,Access to electricity (% of population),EG.ELC.ACCS.ZS,2023,100.0
South Sudan,SSD,Access to electricity (% of population),EG.ELC.ACCS.ZS,2023,5.4
Sao Tome and Principe,STP,Access to electricity (% of population),EG.ELC.ACCS.ZS,2023,81.3
Suriname,SUR,Access to electricity (% of population),EG.ELC.ACCS.ZS,2023,99.6
Slovak Republic,SVK,Access to electricity (% of population),EG.ELC.ACCS.ZS,2023,100.0
Slovenia,SVN,Access to electricity (% of population),EG.ELC.ACCS.ZS,2023,100.0
Sweden,SWE,Access to electricity (% of population),EG.ELC.ACCS.ZS,2023,100.0
Eswatini,SWZ,Access to electricity (% of population),EG.ELC.ACCS.ZS,2023,86.4
Sint Maarten (Dutch part),SXM,Access to electricity (% of population),EG.ELC.ACCS.ZS,2023,100.0
Seychelles,SYC,Access to electricity (% of population),EG.ELC.ACCS.ZS,2023,100.0
Syrian Arab Republic,SYR,Access to electricity (% of population),EG.ELC.ACCS.ZS,2023,88.4
Turks and Caicos Islands,TCA,Access to electricity (% of population),EG.ELC.ACCS.ZS,2023,100.0
Chad,TCD,Access to electricity (% of population),EG.ELC.ACCS.ZS,2023,12.0
Togo,TGO,Access to electricity (% of population),EG.ELC.ACCS.ZS,2023,59.2
Thailand,THA,Access to electricity (% of population),EG.ELC.ACCS.ZS,2023,100.0
Tajikistan,TJK,Access to electricity (% of population),EG.ELC.ACCS.ZS,2023,100.0
Turkmenistan,TKM,Access to electricity (% of population),EG.ELC.ACCS.ZS,2023,100.0
Timor-Leste,TLS,Access to electricity (% of population),EG.ELC.ACCS.ZS,2023,100.0
Tonga,TON,Access to electricity (% of population),EG.ELC.ACCS.ZS,2023,100.0
Trinidad and Tobago,TTO,Access to electricity (% of population),EG.ELC.ACCS.ZS,2023,98.7
Tunisia,TUN,Access to electricity (% of population),EG.ELC.ACCS.ZS,2023,100.0
Turkiye,TUR,Access to electricity (% of population),EG.ELC.ACCS.ZS,2023,100.0
Tuvalu,TUV,Access to electricity (% of population),EG.ELC.ACCS.ZS,2023,100.0
Tanzania,TZA,Access to electricity (% of population),EG.ELC.ACCS.ZS,2023,48.3
Uganda,UGA,Access to electricity (% of population),EG.ELC.ACCS.ZS,2023,51.5
Ukraine,UKR,Access to electricity (% of population),EG.ELC.ACCS.ZS,2023,100.0
Uruguay,URY,Access to electricity (% of population),EG.ELC.ACCS.ZS,2023,100.0
United States,USA,Access to electricity (% of population),EG.ELC.ACCS.ZS,2023,100.0
Uzbekistan,UZB,Access to electricity (% of population),EG.ELC.ACCS.ZS,2023,100.0
St. Vincent and the Grenadines,VCT,Access to electricity (% of population),EG.ELC.ACCS.ZS,2023,100.0
"Venezuela, RB",VEN,Access to electricity (% of population),EG.ELC.ACCS.ZS,2023,100.0
British Virgin Islands,VGB,Access to electricity (% of population),EG.ELC.ACCS.ZS,2023,100.0
Virgin Islands (U.S.),VIR,Access to electricity (% of population),EG.ELC.ACCS.ZS,2023,100.0
Viet Nam,VNM,Access to electricity (% of population),EG.ELC.ACCS.ZS,2023,99.8
Vanuatu,VUT,Access to electricity (% of population),EG.ELC.ACCS.ZS,2023,61.6
Samoa,WSM,Access to electricity (% of population),EG.ELC.ACCS.ZS,2023,100.0
"Yemen, Rep.",YEM,Access to electricity (% of population),EG.ELC.ACCS.ZS,2023,83.6
South Africa,ZAF,Access to electricity (% of population),EG.ELC.ACCS.ZS,2023,87.7
Zambia,ZMB,Access to electricity (% of population),EG.ELC.ACCS.ZS,2023,51.1
Zimbabwe,ZWE,Access to electricity (% of population),EG.ELC.ACCS.ZS,2023,62.0
