Country,Country_Code,Indicator_Name,Indicator_Code,Year,Population
Aruba,ABW,"Population, total",SP.POP.TOTL,2015,107906.0
Afghanistan,AFG,"Population, total",SP.POP.TOTL,2015,33831764.0
Angola,AGO,"Population, total",SP.POP.TOTL,2015,28157798.0
Albania,ALB,"Population, total",SP.POP.TOTL,2015,2731293.0
Andorra,AND,"Population, total",SP.POP.TOTL,2015,72174.0
United Arab Emirates,ARE,"Population, total",SP.POP.TOTL,2015,8505237.0
Argentina,ARG,"Population, total",SP.POP.TOTL,2015,43477012.0
Armenia,ARM,"Population, total",SP.POP.TOTL,2015,3004600.0
American Samoa,ASM,"Population, total",SP.POP.TOTL,2015,52878.0
Antigua and Barbuda,ATG,"Population, total",SP.POP.TOTL,2015,89409.0
Australia,AUS,"Population, total",SP.POP.TOTL,2015,23815995.0
Austria,AUT,"Population, total",SP.POP.TOTL,2015,8642699.0
Azerbaijan,AZE,"Population, total",SP.POP.TOTL,2015,9649341.0
Burundi,BDI,"Population, total",SP.POP.TOTL,2015,11047580.0
Belgium,BEL,"Population, total",SP.POP.TOTL,2015,11274196.0
Benin,BEN,"Population, total",SP.POP.TOTL,2015,11360681.0
Burkina Faso,BFA,"Population, total",SP.POP.TOTL,2015,18777487.0
Bangladesh,BGD,"Population, total",SP.POP.TOTL,2015,159383179.0
Bulgaria,BGR,"Population, total",SP.POP.TOTL,2015,6984225.0
Bahrain,BHR,"Population, total",SP.POP.TOTL,2015,1370322.0
"Bahamas, The",BHS,"Population, total",SP.POP.TOTL,2015,385346.0
Bosnia and Herzegovina,BIH,"Population, total",SP.POP.TOTL,2015,3518541.0
Belarus,BLR,"Population, total",SP.POP.TOTL,2015,9461076.0
Belize,BLZ,"Population, total",SP.POP.TOTL,2015,356333.0
Bermuda,BMU,"Population, total",SP.POP.TOTL,2015,63464.0
Bolivia,BOL,"Population, total",SP.POP.TOTL,2015,11014705.0
Brazil,BRA,"Population, total",SP.POP.TOTL,2015,201675532.0
Barbados,BRB,"Population, total",SP.POP.TOTL,2015,278990.0
Brunei Darussalam,BRN,"Population, total",SP.POP.TOTL,2015,422212.0
Bhutan,BTN,"Population, total",SP.POP.TOTL,2015,740618.0
Botswana,BWA,"Population, total",SP.POP.TOTL,2015,2203273.0
Central African Republic,CAF,"Population, total",SP.POP.TOTL,2015,4629320.0
Canada,CAN,"Population, total",SP.POP.TOTL,2015,35704498.0
Switzerland,CHE,"Population, total",SP.POP.TOTL,2015,8282396.0
Chile,CHL,"Population, total",SP.POP.TOTL,2015,18047625.0
China,CHN,"Population, total",SP.POP.TOTL,2015,1379860000.0
Cote d'Ivoire,CIV,"Population, total",SP.POP.TOTL,2015,25246342.0
Cameroon,CMR,"Population, total",SP.POP.TOTL,2015,22763414.0
"Congo, Dem. Rep.",COD,"Population, total",SP.POP.TOTL,2015,81035531.0
"Congo, Rep.",COG,"Population, total",SP.POP.TOTL,2015,5097581.0
Colombia,COL,"Population, total",SP.POP.TOTL,2015,46969940.0
Comoros,COM,"Population, total",SP.POP.TOTL,2015,726682.0
Cabo Verde,CPV,"Population, total",SP.POP.TOTL,2015,512394.0
Costa Rica,CRI,"Population, total",SP.POP.TOTL,2015,4818038.0
Cuba,CUB,"Population, total",SP.POP.TOTL,2015,11275065.0
Curacao,CUW,"Population, total",SP.POP.TOTL,2015,157980.0
Cayman Islands,CYM,"Population, total",SP.POP.TOTL,2015,61642.0
Cyprus,CYP,"Population, total",SP.POP.TOTL,2015,1219502.0
Czechia,CZE,"Population, total",SP.POP.TOTL,2015,10546059.0
Germany,DEU,"Population, total",SP.POP.TOTL,2015,81686611.0
Djibouti,DJI,"Population, total",SP.POP.TOTL,2015,1020313.0
Dominica,DMA,"Population, total",SP.POP.TOTL,2015,70410.0
Denmark,DNK,"Population, total",SP.POP.TOTL,2015,5683483.0
Dominican Republic,DOM,"Population, total",SP.POP.TOTL,2015,10434829.0
Algeria,DZA,"Population, total",SP.POP.TOTL,2015,40019529.0
Ecuador,ECU,"Population, total",SP.POP.TOTL,2015,16266225.0
"Egypt, Arab Rep.",EGY,"Population, total",SP.POP.TOTL,2015,99597342.0
Eritrea,ERI,"Population, total",SP.POP.TOTL,2015,3105546.0
Spain,ESP,"Population, total",SP.POP.TOTL,2015,46422303.0
Estonia,EST,"Population, total",SP.POP.TOTL,2015,1315407.0
Ethiopia,ETH,"Population, total",SP.POP.TOTL,2015,103867135.0
Finland,FIN,"Population, total",SP.POP.TOTL,2015,5479531.0
Fiji,FJI,"Population, total",SP.POP.TOTL,2015,918578.0
France,FRA,"Population, total",SP.POP.TOTL,2015,66548272.0
Faroe Islands,FRO,"Population, total",SP.POP.TOTL,2015,48898.0
"Micronesia, Fed. Sts.",FSM,"Population, total",SP.POP.TOTL,2015,108716.0
Gabon,GAB,"Population, total",SP.POP.TOTL,2015,2040989.0
United Kingdom,GBR,"Population, total",SP.POP.TOTL,2015,65087000.0
Georgia,GEO,"Population, total",SP.POP.TOTL,2015,3725276.0
Ghana,GHA,"Population, total",SP.POP.TOTL,2015,28696068.0
Gibraltar,GIB,"Population, total",SP.POP.TOTL,2015,33193.0
Guinea,GIN,"Population, total",SP.POP.TOTL,2015,11767070.0
"Gambia, The",GMB,"Population, total",SP.POP.TOTL,2015,2224529.0
Guinea-Bissau,GNB,"Population, total",SP.POP.TOTL,2015,1786457.0
Equatorial Guinea,GNQ,"Population, total",SP.POP.TOTL,2015,1453923.0
Greece,GRC,"Population, total",SP.POP.TOTL,2015,10820883.0
Grenada,GRD,"Population, total",SP.POP.TOTL,2015,114676.0
Greenland,GRL,"Population, total",SP.POP.TOTL,2015,56114.0
Guatemala,GTM,"Population, total",SP.POP.TOTL,2015,15971743.0
Guam,GUM,"Population, total",SP.POP.TOTL,2015,164905.0
Guyana,GUY,"Population, total",SP.POP.TOTL,2015,758781.0
"Hong Kong SAR, China",HKG,"Population, total",SP.POP.TOTL,2015,7291300.0
Honduras,HND,"Population, total",SP.POP.TOTL,2015,9237305.0
Croatia,HRV,"Population, total",SP.POP.TOTL,2015,4151725.0
Haiti,HTI,"Population, total",SP.POP.TOTL,2015,10523242.0
Hungary,HUN,"Population, total",SP.POP.TOTL,2015,9797755.0
Indonesia,IDN,"Population, total",SP.POP.TOTL,2015,261799249.0
Isle of Man,IMN,"Population, total",SP.POP.TOTL,2015,83593.0
India,IND,"Population, total",SP.POP.TOTL,2015,1328024498.0
Ireland,IRL,"Population, total",SP.POP.TOTL,2015,4701957.0
"Iran, Islamic Rep.",IRN,"Population, total",SP.POP.TOTL,2015,82619362.0
Iraq,IRQ,"Population, total",SP.POP.TOTL,2015,37560535.0
Iceland,ISL,"Population, total",SP.POP.TOTL,2015,330815.0
Israel,ISR,"Population, total",SP.POP.TOTL,2015,8380100.0
Italy,ITA,"Population, total",SP.POP.TOTL,2015,60229605.0
Jamaica,JAM,"Population, total",SP.POP.TOTL,2015,2802534.0
Jordan,JOR,"Population, total",SP.POP.TOTL,2015,9544729.0
Japan,JPN,"Population, total",SP.POP.TOTL,2015,127141000.0
Kazakhstan,KAZ,"Population, total",SP.POP.TOTL,2015,18084169.0
Kenya,KEN,"Population, total",SP.POP.TOTL,2015,47088526.0
Kyrgyz Republic,KGZ,"Population, total",SP.POP.TOTL,2015,6040036.0
Cambodia,KHM,"Population, total",SP.POP.TOTL,2015,15623251.0
Kiribati,KIR,"Population, total",SP.POP.TOTL,2015,116815.0
St. Kitts and Nevis,KNA,"Population, total",SP.POP.TOTL,2015,47087.0
"Korea, Rep.",KOR,"Population, total",SP.POP.TOTL,2015,51014947.0
Kuwait,KWT,"Population, total",SP.POP.TOTL,2015,3834574.0
Lao PDR,LAO,"Population, total",SP.POP.TOTL,2015,6801645.0
Lebanon,LBN,"Population, total",SP.POP.TOTL,2015,6472469.0
Liberia,LBR,"Population, total",SP.POP.TOTL,2015,4659431.0
Libya,LBY,"Population, total",SP.POP.TOTL,2015,6531819.0
St. Lucia,LCA,"Population, total",SP.POP.TOTL,2015,174905.0
Liechtenstein,LIE,"Population, total",SP.POP.TOTL,2015,37494.0
Sri Lanka,LKA,"Population, total",SP.POP.TOTL,2015,20970000.0
Lesotho,LSO,"Population, total",SP.POP.TOTL,2015,2104611.0
Lithuania,LTU,"Population, total",SP.POP.TOTL,2015,2911109.0
Luxembourg,LUX,"Population, total",SP.POP.TOTL,2015,569604.0
Latvia,LVA,"Population, total",SP.POP.TOTL,2015,1977527.0
"Macao SAR, China",MAC,"Population, total",SP.POP.TOTL,2015,642900.0
St. Martin (French part),MAF,"Population, total",SP.POP.TOTL,2015,37369.0
Morocco,MAR,"Population, total",SP.POP.TOTL,2015,34607588.0
Monaco,MCO,"Population, total",SP.POP.TOTL,2015,36757.0
Moldova,MDA,"Population, total",SP.POP.TOTL,2015,2835978.0
Madagascar,MDG,"Population, total",SP.POP.TOTL,2015,25426702.0
Maldives,MDV,"Population, total",SP.POP.TOTL,2015,428154.0
Mexico,MEX,"Population, total",SP.POP.TOTL,2015,121072306.0
Marshall Islands,MHL,"Population, total",SP.POP.TOTL,2015,48800.0
North Macedonia,MKD,"Population, total",SP.POP.TOTL,2015,1912430.0
Mali,MLI,"Population, total",SP.POP.TOTL,2015,18593022.0
Malta,MLT,"Population, total",SP.POP.TOTL,2015,444220.0
Myanmar,MMR,"Population, total",SP.POP.TOTL,2015,51089056.0
Montenegro,MNE,"Population, total",SP.POP.TOTL,2015,624651.0
Mongolia,MNG,"Population, total",SP.POP.TOTL,2015,3026864.0
Northern Mariana Islands,MNP,"Population, total",SP.POP.TOTL,2015,51514.0
Mozambique,MOZ,"Population, total",SP.POP.TOTL,2015,26547572.0
Mauritania,MRT,"Population, total",SP.POP.TOTL,2015,3965959.0
Mauritius,MUS,"Population, total",SP.POP.TOTL,2015,1262879.0
Malawi,MWI,"Population, total",SP.POP.TOTL,2015,17085587.0
Malaysia,MYS,"Population, total",SP.POP.TOTL,2015,31232798.0
Namibia,NAM,"Population, total",SP.POP.TOTL,2015,2374300.0
New Caledonia,NCL,"Population, total",SP.POP.TOTL,2015,283168.0
Niger,NER,"Population, total",SP.POP.TOTL,2015,19939498.0
Nigeria,NGA,"Population, total",SP.POP.TOTL,2015,190671878.0
Nicaragua,NIC,"Population, total",SP.POP.TOTL,2015,6149417.0
Netherlands,NLD,"Population, total",SP.POP.TOTL,2015,16939923.0
Norway,NOR,"Population, total",SP.POP.TOTL,2015,5188607.0
Nepal,NPL,"Population, total",SP.POP.TOTL,2015,27823629.0
Nauru,NRU,"Population, total",SP.POP.TOTL,2015,10954.0
New Zealand,NZL,"Population, total",SP.POP.TOTL,2015,4609400.0
Oman,OMN,"Population, total",SP.POP.TOTL,2015,4184895.0
Pakistan,PAK,"Population, total",SP.POP.TOTL,2015,217290883.0
Panama,PAN,"Population, total",SP.POP.TOTL,2015,3960035.0
Peru,PER,"Population, total",SP.POP.TOTL,2015,30457600.0
Philippines,PHL,"Population, total",SP.POP.TOTL,2015,105312992.0
Palau,PLW,"Population, total",SP.POP.TOTL,2015,17770.0
Papua New Guinea,PNG,"Population, total",SP.POP.TOTL,2015,8743246.0
Poland,POL,"Population, total",SP.POP.TOTL,2015,37986412.0
Puerto Rico (US),PRI,"Population, total",SP.POP.TOTL,2015,3535167.0
"Korea, Dem. People's Rep.",PRK,"Population, total",SP.POP.TOTL,2015,25575350.0
Portugal,PRT,"Population, total",SP.POP.TOTL,2015,10358076.0
Paraguay,PRY,"Population, total",SP.POP.TOTL,2015,6159103.0
West Bank and Gaza,PSE,"Population, total",SP.POP.TOTL,2015,4270092.0
French Polynesia,PYF,"Population, total",SP.POP.TOTL,2015,277866.0
Qatar,QAT,"Population, total",SP.POP.TOTL,2015,2344557.0
Romania,ROU,"Population, total",SP.POP.TOTL,2015,19815616.0
Russian Federation,RUS,"Population, total",SP.POP.TOTL,2015,144640716.0
Rwanda,RWA,"Population, total",SP.POP.TOTL,2015,11640022.0
Saudi Arabia,SAU,"Population, total",SP.POP.TOTL,2015,29816382.0
Sudan,SDN,"Population, total",SP.POP.TOTL,2015,40024431.0
Senegal,SEN,"Population, total",SP.POP.TOTL,2015,14593331.0
Singapore,SGP,"Population, total",SP.POP.TOTL,2015,5535002.0
Solomon Islands,SLB,"Population, total",SP.POP.TOTL,2015,639415.0
Sierra Leone,SLE,"Population, total",SP.POP.TOTL,2015,7037655.0
El Salvador,SLV,"Population, total",SP.POP.TOTL,2015,6183676.0
San Marino,SMR,"Population, total",SP.POP.TOTL,2015,32897.0
"Somalia, Fed. Rep.",SOM,"Population, total",SP.POP.TOTL,2015,13806963.0
Serbia,SRB,"Population, total",SP.POP.TOTL,2015,7095383.0
South Sudan,SSD,"Population, total",SP.POP.TOTL,2015,11107561.0
Sao Tome and Principe,STP,"Population, total",SP.POP.TOTL,2015,200291.0
Suriname,SUR,"Population, total",SP.POP.TOTL,2015,581627.0
Slovak Republic,SVK,"Population, total",SP.POP.TOTL,2015,5423801.0
Slovenia,SVN,"Population, total",SP.POP.TOTL,2015,2063531.0
Sweden,SWE,"Population, total",SP.POP.TOTL,2015,9799186.0
Eswatini,SWZ,"Population, total",SP.POP.TOTL,2015,1142813.0
Sint Maarten (Dutch part),SXM,"Population, total",SP.POP.TOTL,2015,37471.0
Seychelles,SYC,"Population, total",SP.POP.TOTL,2015,93419.0
Syrian Arab Republic,SYR,"Population, total",SP.POP.TOTL,2015,19424618.0
Turks and Caicos Islands,TCA,"Population, total",SP.POP.TOTL,2015,36605.0
Chad,TCD,"Population, total",SP.POP.TOTL,2015,14647621.0
Togo,TGO,"Population, total",SP.POP.TOTL,2015,7071502.0
Thailand,THA,"Population, total",SP.POP.TOTL,2015,70540795.0
Tajikistan,TJK,"Population, total",SP.POP.TOTL,2015,8643840.0
Turkmenistan,TKM,"Population, total",SP.POP.TOTL,2015,6215770.0
Timor-Leste,TLS,"Population, total",SP.POP.TOTL,2015,1205131.0
Tonga,TON,"Population, total",SP.POP.TOTL,2015,106095.0
Trinidad and Tobago,TTO,"Population, total",SP.POP.TOTL,2015,1349667.0
Tunisia,TUN,"Population, total",SP.POP.TOTL,2015,11402264.0
Turkiye,TUR,"Population, total",SP.POP.TOTL,2015,78218479.0
Tuvalu,TUV,"Population, total",SP.POP.TOTL,2015,10963.0
Tanzania,TZA,"Population, total",SP.POP.TOTL,2015,52020962.0
Uganda,UGA,"Population, total",SP.POP.TOTL,2015,37531446.0
Ukraine,UKR,"Population, total",SP.POP.TOTL,2015,45784896.0
Uruguay,URY,"Population, total",SP.POP.TOTL,2015,3368017.0
United States,USA,"Population, total",SP.POP.TOTL,2015,321815121.0
Uzbekistan,UZB,"Population, total",SP.POP.TOTL,2015,30749346.0
St. Vincent and the Grenadines,VCT,"Population, total",SP.POP.TOTL,2015,106960.0
"Venezuela, RB",VEN,"Population, total",SP.POP.TOTL,2015,30573972.0
British Virgin Islands,VGB,"Population, total",SP.POP.TOTL,2015,34498.0
Virgin Islands (U.S.),VIR,"Population, total",SP.POP.TOTL,2015,107712.0
Viet Nam,VNM,"Population, total",SP.POP.TOTL,2015,92823254.0
Vanuatu,VUT,"Population, total",SP.POP.TOTL,2015,266101.0
Samoa,WSM,"Population, total",SP.POP.TOTL,2015,201782.0
Kosovo,XKX,"Population, total",SP.POP.TOTL,2015,1788274.0
"Yemen, Rep.",YEM,"Population, total",SP.POP.TOTL,2015,31159379.0
South Africa,ZAF,"Population, total",SP.POP.TOTL,2015,56723537.0
Zambia,ZMB,"Population, total",SP.POP.TOTL,2015,16399089.0
Zimbabwe,ZWE,"Population, total",SP.POP.TOTL,2015,14399013.0
Aruba,ABW,"Population, total",SP.POP.TOTL,2016,108727.0
Afghanistan,AFG,"Population, total",SP.POP.TOTL,2016,34700612.0
Angola,AGO,"Population, total",SP.POP.TOTL,2016,29183070.0
Albania,ALB,"Population, total",SP.POP.TOTL,2016,2689469.0
Andorra,AND,"Population, total",SP.POP.TOTL,2016,72181.0
United Arab Emirates,ARE,"Population, total",SP.POP.TOTL,2016,8935095.0
Argentina,ARG,"Population, total",SP.POP.TOTL,2016,43900313.0
Armenia,ARM,"Population, total",SP.POP.TOTL,2016,2992300.0
American Samoa,ASM,"Population, total",SP.POP.TOTL,2016,52245.0
Antigua and Barbuda,ATG,"Population, total",SP.POP.TOTL,2016,89969.0
Australia,AUS,"Population, total",SP.POP.TOTL,2016,24190907.0
Austria,AUT,"Population, total",SP.POP.TOTL,2016,8736668.0
Azerbaijan,AZE,"Population, total",SP.POP.TOTL,2016,9757812.0
Burundi,BDI,"Population, total",SP.POP.TOTL,2016,11239451.0
Belgium,BEL,"Population, total",SP.POP.TOTL,2016,11331422.0
Benin,BEN,"Population, total",SP.POP.TOTL,2016,11697842.0
Burkina Faso,BFA,"Population, total",SP.POP.TOTL,2016,19334856.0
Bangladesh,BGD,"Population, total",SP.POP.TOTL,2016,160811932.0
Bulgaria,BGR,"Population, total",SP.POP.TOTL,2016,6894139.0
Bahrain,BHR,"Population, total",SP.POP.TOTL,2016,1423726.0
"Bahamas, The",BHS,"Population, total",SP.POP.TOTL,2016,388055.0
Bosnia and Herzegovina,BIH,"Population, total",SP.POP.TOTL,2016,3473003.0
Belarus,BLR,"Population, total",SP.POP.TOTL,2016,9469379.0
Belize,BLZ,"Population, total",SP.POP.TOTL,2016,364705.0
Bermuda,BMU,"Population, total",SP.POP.TOTL,2016,63449.0
Bolivia,BOL,"Population, total",SP.POP.TOTL,2016,11180020.0
Brazil,BRA,"Population, total",SP.POP.TOTL,2016,203218114.0
Barbados,BRB,"Population, total",SP.POP.TOTL,2016,279598.0
Brunei Darussalam,BRN,"Population, total",SP.POP.TOTL,2016,427564.0
Bhutan,BTN,"Population, total",SP.POP.TOTL,2016,747866.0
Botswana,BWA,"Population, total",SP.POP.TOTL,2016,2234776.0
Central African Republic,CAF,"Population, total",SP.POP.TOTL,2016,4713663.0
Canada,CAN,"Population, total",SP.POP.TOTL,2016,36110803.0
Switzerland,CHE,"Population, total",SP.POP.TOTL,2016,8373338.0
Chile,CHL,"Population, total",SP.POP.TOTL,2016,18267221.0
China,CHN,"Population, total",SP.POP.TOTL,2016,1387790000.0
Cote d'Ivoire,CIV,"Population, total",SP.POP.TOTL,2016,25989405.0
Cameroon,CMR,"Population, total",SP.POP.TOTL,2016,23454161.0
"Congo, Dem. Rep.",COD,"Population, total",SP.POP.TOTL,2016,83956415.0
"Congo, Rep.",COG,"Population, total",SP.POP.TOTL,2016,5222536.0
Colombia,COL,"Population, total",SP.POP.TOTL,2016,47437512.0
Comoros,COM,"Population, total",SP.POP.TOTL,2016,741741.0
Cabo Verde,CPV,"Population, total",SP.POP.TOTL,2016,512554.0
Costa Rica,CRI,"Population, total",SP.POP.TOTL,2016,4866998.0
Cuba,CUB,"Population, total",SP.POP.TOTL,2016,11265612.0
Curacao,CUW,"Population, total",SP.POP.TOTL,2016,159664.0
Cayman Islands,CYM,"Population, total",SP.POP.TOTL,2016,63100.0
Cyprus,CYP,"Population, total",SP.POP.TOTL,2016,1237112.0
Czechia,CZE,"Population, total",SP.POP.TOTL,2016,10566332.0
Germany,DEU,"Population, total",SP.POP.TOTL,2016,82348669.0
Djibouti,DJI,"Population, total",SP.POP.TOTL,2016,1037653.0
Dominica,DMA,"Population, total",SP.POP.TOTL,2016,69606.0
Denmark,DNK,"Population, total",SP.POP.TOTL,2016,5728010.0
Dominican Republic,DOM,"Population, total",SP.POP.TOTL,2016,10551430.0
Algeria,DZA,"Population, total",SP.POP.TOTL,2016,40850721.0
Ecuador,ECU,"Population, total",SP.POP.TOTL,2016,16505139.0
"Egypt, Arab Rep.",EGY,"Population, total",SP.POP.TOTL,2016,101644589.0
Eritrea,ERI,"Population, total",SP.POP.TOTL,2016,3124698.0
Spain,ESP,"Population, total",SP.POP.TOTL,2016,46458139.0
Estonia,EST,"Population, total",SP.POP.TOTL,2016,1315790.0
Ethiopia,ETH,"Population, total",SP.POP.TOTL,2016,106718162.0
Finland,FIN,"Population, total",SP.POP.TOTL,2016,5495303.0
Fiji,FJI,"Population, total",SP.POP.TOTL,2016,919166.0
France,FRA,"Population, total",SP.POP.TOTL,2016,66724104.0
Faroe Islands,FRO,"Population, total",SP.POP.TOTL,2016,49463.0
"Micronesia, Fed. Sts.",FSM,"Population, total",SP.POP.TOTL,2016,109075.0
Gabon,GAB,"Population, total",SP.POP.TOTL,2016,2100306.0
United Kingdom,GBR,"Population, total",SP.POP.TOTL,2016,65606000.0
Georgia,GEO,"Population, total",SP.POP.TOTL,2016,3727505.0
Ghana,GHA,"Population, total",SP.POP.TOTL,2016,29356742.0
Gibraltar,GIB,"Population, total",SP.POP.TOTL,2016,33658.0
Guinea,GIN,"Population, total",SP.POP.TOTL,2016,12073030.0
"Gambia, The",GMB,"Population, total",SP.POP.TOTL,2016,2283769.0
Guinea-Bissau,GNB,"Population, total",SP.POP.TOTL,2016,1831893.0
Equatorial Guinea,GNQ,"Population, total",SP.POP.TOTL,2016,1508186.0
Greece,GRC,"Population, total",SP.POP.TOTL,2016,10775971.0
Grenada,GRD,"Population, total",SP.POP.TOTL,2016,115130.0
Greenland,GRL,"Population, total",SP.POP.TOTL,2016,56186.0
Guatemala,GTM,"Population, total",SP.POP.TOTL,2016,16268760.0
Guam,GUM,"Population, total",SP.POP.TOTL,2016,164233.0
Guyana,GUY,"Population, total",SP.POP.TOTL,2016,763548.0
"Hong Kong SAR, China",HKG,"Population, total",SP.POP.TOTL,2016,7336600.0
Honduras,HND,"Population, total",SP.POP.TOTL,2016,9412380.0
Croatia,HRV,"Population, total",SP.POP.TOTL,2016,4106867.0
Haiti,HTI,"Population, total",SP.POP.TOTL,2016,10671457.0
Hungary,HUN,"Population, total",SP.POP.TOTL,2016,9759755.0
Indonesia,IDN,"Population, total",SP.POP.TOTL,2016,264627418.0
Isle of Man,IMN,"Population, total",SP.POP.TOTL,2016,83466.0
India,IND,"Population, total",SP.POP.TOTL,2016,1343944296.0
Ireland,IRL,"Population, total",SP.POP.TOTL,2016,4762722.0
"Iran, Islamic Rep.",IRN,"Population, total",SP.POP.TOTL,2016,83812228.0
Iraq,IRQ,"Population, total",SP.POP.TOTL,2016,38469627.0
Iceland,ISL,"Population, total",SP.POP.TOTL,2016,335439.0
Israel,ISR,"Population, total",SP.POP.TOTL,2016,8546000.0
Italy,ITA,"Population, total",SP.POP.TOTL,2016,60115223.0
Jamaica,JAM,"Population, total",SP.POP.TOTL,2016,2809915.0
Jordan,JOR,"Population, total",SP.POP.TOTL,2016,10006367.0
Japan,JPN,"Population, total",SP.POP.TOTL,2016,127076000.0
Kazakhstan,KAZ,"Population, total",SP.POP.TOTL,2016,18363600.0
Kenya,KEN,"Population, total",SP.POP.TOTL,2016,48139687.0
Kyrgyz Republic,KGZ,"Population, total",SP.POP.TOTL,2016,6175338.0
Cambodia,KHM,"Population, total",SP.POP.TOTL,2016,15852803.0
Kiribati,KIR,"Population, total",SP.POP.TOTL,2016,118478.0
St. Kitts and Nevis,KNA,"Population, total",SP.POP.TOTL,2016,47075.0
"Korea, Rep.",KOR,"Population, total",SP.POP.TOTL,2016,51217803.0
Kuwait,KWT,"Population, total",SP.POP.TOTL,2016,4004096.0
Lao PDR,LAO,"Population, total",SP.POP.TOTL,2016,6908802.0
Lebanon,LBN,"Population, total",SP.POP.TOTL,2016,6323060.0
Liberia,LBR,"Population, total",SP.POP.TOTL,2016,4755608.0
Libya,LBY,"Population, total",SP.POP.TOTL,2016,6632126.0
St. Lucia,LCA,"Population, total",SP.POP.TOTL,2016,175646.0
Liechtenstein,LIE,"Population, total",SP.POP.TOTL,2016,37716.0
Sri Lanka,LKA,"Population, total",SP.POP.TOTL,2016,21209000.0
Lesotho,LSO,"Population, total",SP.POP.TOTL,2016,2130422.0
Lithuania,LTU,"Population, total",SP.POP.TOTL,2016,2877325.0
Luxembourg,LUX,"Population, total",SP.POP.TOTL,2016,582014.0
Latvia,LVA,"Population, total",SP.POP.TOTL,2016,1959537.0
"Macao SAR, China",MAC,"Population, total",SP.POP.TOTL,2016,652500.0
St. Martin (French part),MAF,"Population, total",SP.POP.TOTL,2016,37175.0
Morocco,MAR,"Population, total",SP.POP.TOTL,2016,35023457.0
Monaco,MCO,"Population, total",SP.POP.TOTL,2016,37276.0
Moldova,MDA,"Population, total",SP.POP.TOTL,2016,2803186.0
Madagascar,MDG,"Population, total",SP.POP.TOTL,2016,26099952.0
Maldives,MDV,"Population, total",SP.POP.TOTL,2016,443308.0
Mexico,MEX,"Population, total",SP.POP.TOTL,2016,122251351.0
Marshall Islands,MHL,"Population, total",SP.POP.TOTL,2016,47709.0
North Macedonia,MKD,"Population, total",SP.POP.TOTL,2016,1906313.0
Mali,MLI,"Population, total",SP.POP.TOTL,2016,19191289.0
Malta,MLT,"Population, total",SP.POP.TOTL,2016,454505.0
Myanmar,MMR,"Population, total",SP.POP.TOTL,2016,51495696.0
Montenegro,MNE,"Population, total",SP.POP.TOTL,2016,625353.0
Mongolia,MNG,"Population, total",SP.POP.TOTL,2016,3088856.0
Northern Mariana Islands,MNP,"Population, total",SP.POP.TOTL,2016,50773.0
Mozambique,MOZ,"Population, total",SP.POP.TOTL,2016,27337105.0
Mauritania,MRT,"Population, total",SP.POP.TOTL,2016,4086657.0
Mauritius,MUS,"Population, total",SP.POP.TOTL,2016,1263747.0
Malawi,MWI,"Population, total",SP.POP.TOTL,2016,17557739.0
Malaysia,MYS,"Population, total",SP.POP.TOTL,2016,31789685.0
Namibia,NAM,"Population, total",SP.POP.TOTL,2016,2439213.0
New Caledonia,NCL,"Population, total",SP.POP.TOTL,2016,283423.0
Niger,NER,"Population, total",SP.POP.TOTL,2016,20685753.0
Nigeria,NGA,"Population, total",SP.POP.TOTL,2016,195443700.0
Nicaragua,NIC,"Population, total",SP.POP.TOTL,2016,6232666.0
Netherlands,NLD,"Population, total",SP.POP.TOTL,2016,17030314.0
Norway,NOR,"Population, total",SP.POP.TOTL,2016,5234519.0
Nepal,NPL,"Population, total",SP.POP.TOTL,2016,27955462.0
Nauru,NRU,"Population, total",SP.POP.TOTL,2016,11150.0
New Zealand,NZL,"Population, total",SP.POP.TOTL,2016,4714100.0
Oman,OMN,"Population, total",SP.POP.TOTL,2016,4390877.0
Pakistan,PAK,"Population, total",SP.POP.TOTL,2016,220138869.0
Panama,PAN,"Population, total",SP.POP.TOTL,2016,4029086.0
Peru,PER,"Population, total",SP.POP.TOTL,2016,30866494.0
Philippines,PHL,"Population, total",SP.POP.TOTL,2016,106735719.0
Palau,PLW,"Population, total",SP.POP.TOTL,2016,17797.0
Papua New Guinea,PNG,"Population, total",SP.POP.TOTL,2016,8961718.0
Poland,POL,"Population, total",SP.POP.TOTL,2016,37970087.0
Puerto Rico (US),PRI,"Population, total",SP.POP.TOTL,2016,3480432.0
"Korea, Dem. People's Rep.",PRK,"Population, total",SP.POP.TOTL,2016,25698326.0
Portugal,PRT,"Population, total",SP.POP.TOTL,2016,10325452.0
Paraguay,PRY,"Population, total",SP.POP.TOTL,2016,6249126.0
West Bank and Gaza,PSE,"Population, total",SP.POP.TOTL,2016,4367088.0
French Polynesia,PYF,"Population, total",SP.POP.TOTL,2016,279178.0
Qatar,QAT,"Population, total",SP.POP.TOTL,2016,2477113.0
Romania,ROU,"Population, total",SP.POP.TOTL,2016,19702267.0
Russian Federation,RUS,"Population, total",SP.POP.TOTL,2016,145015460.0
Rwanda,RWA,"Population, total",SP.POP.TOTL,2016,11919183.0
Saudi Arabia,SAU,"Population, total",SP.POP.TOTL,2016,30954198.0
Sudan,SDN,"Population, total",SP.POP.TOTL,2016,41259892.0
Senegal,SEN,"Population, total",SP.POP.TOTL,2016,15034521.0
Singapore,SGP,"Population, total",SP.POP.TOTL,2016,5607283.0
Solomon Islands,SLB,"Population, total",SP.POP.TOTL,2016,662379.0
Sierra Leone,SLE,"Population, total",SP.POP.TOTL,2016,7205328.0
El Salvador,SLV,"Population, total",SP.POP.TOTL,2016,6200800.0
San Marino,SMR,"Population, total",SP.POP.TOTL,2016,33101.0
"Somalia, Fed. Rep.",SOM,"Population, total",SP.POP.TOTL,2016,14348740.0
Serbia,SRB,"Population, total",SP.POP.TOTL,2016,7058322.0
South Sudan,SSD,"Population, total",SP.POP.TOTL,2016,10830102.0
Sao Tome and Principe,STP,"Population, total",SP.POP.TOTL,2016,203689.0
Suriname,SUR,"Population, total",SP.POP.TOTL,2016,587757.0
Slovak Republic,SVK,"Population, total",SP.POP.TOTL,2016,5430798.0
Slovenia,SVN,"Population, total",SP.POP.TOTL,2016,2065042.0
Sweden,SWE,"Population, total",SP.POP.TOTL,2016,9923085.0
Eswatini,SWZ,"Population, total",SP.POP.TOTL,2016,1149507.0
Sint Maarten (Dutch part),SXM,"Population, total",SP.POP.TOTL,2016,38249.0
Seychelles,SYC,"Population, total",SP.POP.TOTL,2016,94677.0
Syrian Arab Republic,SYR,"Population, total",SP.POP.TOTL,2016,19193834.0
Turks and Caicos Islands,TCA,"Population, total",SP.POP.TOTL,2016,38315.0
Chad,TCD,"Population, total",SP.POP.TOTL,2016,15114655.0
Togo,TGO,"Population, total",SP.POP.TOTL,2016,7200884.0
Thailand,THA,"Population, total",SP.POP.TOTL,2016,70859841.0
Tajikistan,TJK,"Population, total",SP.POP.TOTL,2016,8865631.0
Turkmenistan,TKM,"Population, total",SP.POP.TOTL,2016,6360041.0
Timor-Leste,TLS,"Population, total",SP.POP.TOTL,2016,1228312.0
Tonga,TON,"Population, total",SP.POP.TOTL,2016,105524.0
Trinidad and Tobago,TTO,"Population, total",SP.POP.TOTL,2016,1353895.0
Tunisia,TUN,"Population, total",SP.POP.TOTL,2016,11528674.0
Turkiye,TUR,"Population, total",SP.POP.TOTL,2016,79277962.0
Tuvalu,TUV,"Population, total",SP.POP.TOTL,2016,10930.0
Tanzania,TZA,"Population, total",SP.POP.TOTL,2016,53824013.0
Uganda,UGA,"Population, total",SP.POP.TOTL,2016,38799152.0
Ukraine,UKR,"Population, total",SP.POP.TOTL,2016,45616832.0
Uruguay,URY,"Population, total",SP.POP.TOTL,2016,3379283.0
United States,USA,"Population, total",SP.POP.TOTL,2016,324353340.0
Uzbekistan,UZB,"Population, total",SP.POP.TOTL,2016,31284568.0
St. Vincent and the Grenadines,VCT,"Population, total",SP.POP.TOTL,2016,106349.0
"Venezuela, RB",VEN,"Population, total",SP.POP.TOTL,2016,30765720.0
British Virgin Islands,VGB,"Population, total",SP.POP.TOTL,2016,33878.0
Virgin Islands (U.S.),VIR,"Population, total",SP.POP.TOTL,2016,107516.0
Viet Nam,VNM,"Population, total",SP.POP.TOTL,2016,94000117.0
Vanuatu,VUT,"Population, total",SP.POP.TOTL,2016,272087.0
Samoa,WSM,"Population, total",SP.POP.TOTL,2016,203499.0
Kosovo,XKX,"Population, total",SP.POP.TOTL,2016,1777568.0
"Yemen, Rep.",YEM,"Population, total",SP.POP.TOTL,2016,32109010.0
South Africa,ZAF,"Population, total",SP.POP.TOTL,2016,57259551.0
Zambia,ZMB,"Population, total",SP.POP.TOTL,2016,16914423.0
Zimbabwe,ZWE,"Population, total",SP.POP.TOTL,2016,14600294.0
Aruba,ABW,"Population, total",SP.POP.TOTL,2017,108735.0
Afghanistan,AFG,"Population, total",SP.POP.TOTL,2017,35688935.0
Angola,AGO,"Population, total",SP.POP.TOTL,2017,30234839.0
Albania,ALB,"Population, total",SP.POP.TOTL,2017,2648285.0
Andorra,AND,"Population, total",SP.POP.TOTL,2017,73763.0
United Arab Emirates,ARE,"Population, total",SP.POP.TOTL,2017,9223225.0
Argentina,ARG,"Population, total",SP.POP.TOTL,2017,44288894.0
Armenia,ARM,"Population, total",SP.POP.TOTL,2017,2979400.0
American Samoa,ASM,"Population, total",SP.POP.TOTL,2017,51586.0
Antigua and Barbuda,ATG,"Population, total",SP.POP.TOTL,2017,90468.0
Australia,AUS,"Population, total",SP.POP.TOTL,2017,24592588.0
Austria,AUT,"Population, total",SP.POP.TOTL,2017,8797566.0
Azerbaijan,AZE,"Population, total",SP.POP.TOTL,2017,9854033.0
Burundi,BDI,"Population, total",SP.POP.TOTL,2017,11506762.0
Belgium,BEL,"Population, total",SP.POP.TOTL,2017,11375158.0
Benin,BEN,"Population, total",SP.POP.TOTL,2017,12039780.0
Burkina Faso,BFA,"Population, total",SP.POP.TOTL,2017,19894407.0
Bangladesh,BGD,"Population, total",SP.POP.TOTL,2017,162186147.0
Bulgaria,BGR,"Population, total",SP.POP.TOTL,2017,6803468.0
Bahrain,BHR,"Population, total",SP.POP.TOTL,2017,1501116.0
"Bahamas, The",BHS,"Population, total",SP.POP.TOTL,2017,390485.0
Bosnia and Herzegovina,BIH,"Population, total",SP.POP.TOTL,2017,3428682.0
Belarus,BLR,"Population, total",SP.POP.TOTL,2017,9458989.0
Belize,BLZ,"Population, total",SP.POP.TOTL,2017,373202.0
Bermuda,BMU,"Population, total",SP.POP.TOTL,2017,63578.0
Bolivia,BOL,"Population, total",SP.POP.TOTL,2017,11344587.0
Brazil,BRA,"Population, total",SP.POP.TOTL,2017,204703445.0
Barbados,BRB,"Population, total",SP.POP.TOTL,2017,280171.0
Brunei Darussalam,BRN,"Population, total",SP.POP.TOTL,2017,432772.0
Bhutan,BTN,"Population, total",SP.POP.TOTL,2017,754335.0
Botswana,BWA,"Population, total",SP.POP.TOTL,2017,2266747.0
Central African Republic,CAF,"Population, total",SP.POP.TOTL,2017,4793511.0
Canada,CAN,"Population, total",SP.POP.TOTL,2017,36545075.0
Switzerland,CHE,"Population, total",SP.POP.TOTL,2017,8451840.0
Chile,CHL,"Population, total",SP.POP.TOTL,2017,18558868.0
China,CHN,"Population, total",SP.POP.TOTL,2017,1396215000.0
Cote d'Ivoire,CIV,"Population, total",SP.POP.TOTL,2017,26733372.0
Cameroon,CMR,"Population, total",SP.POP.TOTL,2017,24128601.0
"Congo, Dem. Rep.",COD,"Population, total",SP.POP.TOTL,2017,87083398.0
"Congo, Rep.",COG,"Population, total",SP.POP.TOTL,2017,5351011.0
Colombia,COL,"Population, total",SP.POP.TOTL,2017,48131078.0
Comoros,COM,"Population, total",SP.POP.TOTL,2017,756669.0
Cabo Verde,CPV,"Population, total",SP.POP.TOTL,2017,512893.0
Costa Rica,CRI,"Population, total",SP.POP.TOTL,2017,4913177.0
Cuba,CUB,"Population, total",SP.POP.TOTL,2017,11247829.0
Curacao,CUW,"Population, total",SP.POP.TOTL,2017,160175.0
Cayman Islands,CYM,"Population, total",SP.POP.TOTL,2017,64535.0
Cyprus,CYP,"Population, total",SP.POP.TOTL,2017,1254275.0
Czechia,CZE,"Population, total",SP.POP.TOTL,2017,10594438.0
Germany,DEU,"Population, total",SP.POP.TOTL,2017,82657002.0
Djibouti,DJI,"Population, total",SP.POP.TOTL,2017,1054841.0
Dominica,DMA,"Population, total",SP.POP.TOTL,2017,68496.0
Denmark,DNK,"Population, total",SP.POP.TOTL,2017,5764980.0
Dominican Republic,DOM,"Population, total",SP.POP.TOTL,2017,10666843.0
Algeria,DZA,"Population, total",SP.POP.TOTL,2017,41689299.0
Ecuador,ECU,"Population, total",SP.POP.TOTL,2017,16759519.0
"Egypt, Arab Rep.",EGY,"Population, total",SP.POP.TOTL,2017,103696057.0
Eritrea,ERI,"Population, total",SP.POP.TOTL,2017,3150347.0
Spain,ESP,"Population, total",SP.POP.TOTL,2017,46571232.0
Estonia,EST,"Population, total",SP.POP.TOTL,2017,1317384.0
Ethiopia,ETH,"Population, total",SP.POP.TOTL,2017,109666481.0
Finland,FIN,"Population, total",SP.POP.TOTL,2017,5508214.0
Fiji,FJI,"Population, total",SP.POP.TOTL,2017,918759.0
France,FRA,"Population, total",SP.POP.TOTL,2017,66918020.0
Faroe Islands,FRO,"Population, total",SP.POP.TOTL,2017,50179.0
"Micronesia, Fed. Sts.",FSM,"Population, total",SP.POP.TOTL,2017,109481.0
Gabon,GAB,"Population, total",SP.POP.TOTL,2017,2156900.0
United Kingdom,GBR,"Population, total",SP.POP.TOTL,2017,65964000.0
Georgia,GEO,"Population, total",SP.POP.TOTL,2017,3728004.0
Ghana,GHA,"Population, total",SP.POP.TOTL,2017,30008354.0
Gibraltar,GIB,"Population, total",SP.POP.TOTL,2017,34245.0
Guinea,GIN,"Population, total",SP.POP.TOTL,2017,12385659.0
"Gambia, The",GMB,"Population, total",SP.POP.TOTL,2017,2342189.0
Guinea-Bissau,GNB,"Population, total",SP.POP.TOTL,2017,1877072.0
Equatorial Guinea,GNQ,"Population, total",SP.POP.TOTL,2017,1562396.0
Greece,GRC,"Population, total",SP.POP.TOTL,2017,10754679.0
Grenada,GRD,"Population, total",SP.POP.TOTL,2017,115438.0
Greenland,GRL,"Population, total",SP.POP.TOTL,2017,56172.0
Guatemala,GTM,"Population, total",SP.POP.TOTL,2017,16567357.0
Guam,GUM,"Population, total",SP.POP.TOTL,2017,163490.0
Guyana,GUY,"Population, total",SP.POP.TOTL,2017,768479.0
"Hong Kong SAR, China",HKG,"Population, total",SP.POP.TOTL,2017,7393200.0
Honduras,HND,"Population, total",SP.POP.TOTL,2017,9588137.0
Croatia,HRV,"Population, total",SP.POP.TOTL,2017,4041407.0
Haiti,HTI,"Population, total",SP.POP.TOTL,2017,10817754.0
Hungary,HUN,"Population, total",SP.POP.TOTL,2017,9726756.0
Indonesia,IDN,"Population, total",SP.POP.TOTL,2017,267346658.0
Isle of Man,IMN,"Population, total",SP.POP.TOTL,2017,83609.0
India,IND,"Population, total",SP.POP.TOTL,2017,1359657400.0
Ireland,IRL,"Population, total",SP.POP.TOTL,2017,4827445.0
"Iran, Islamic Rep.",IRN,"Population, total",SP.POP.TOTL,2017,85026754.0
Iraq,IRQ,"Population, total",SP.POP.TOTL,2017,39337353.0
Iceland,ISL,"Population, total",SP.POP.TOTL,2017,343400.0
Israel,ISR,"Population, total",SP.POP.TOTL,2017,8713300.0
Italy,ITA,"Population, total",SP.POP.TOTL,2017,60002252.0
Jamaica,JAM,"Population, total",SP.POP.TOTL,2017,2815764.0
Jordan,JOR,"Population, total",SP.POP.TOTL,2017,10234226.0
Japan,JPN,"Population, total",SP.POP.TOTL,2017,126972000.0
Kazakhstan,KAZ,"Population, total",SP.POP.TOTL,2017,18651931.0
Kenya,KEN,"Population, total",SP.POP.TOTL,2017,49197766.0
Kyrgyz Republic,KGZ,"Population, total",SP.POP.TOTL,2017,6306696.0
Cambodia,KHM,"Population, total",SP.POP.TOTL,2017,16073372.0
Kiribati,KIR,"Population, total",SP.POP.TOTL,2017,120275.0
St. Kitts and Nevis,KNA,"Population, total",SP.POP.TOTL,2017,47050.0
"Korea, Rep.",KOR,"Population, total",SP.POP.TOTL,2017,51361911.0
Kuwait,KWT,"Population, total",SP.POP.TOTL,2017,4154812.0
Lao PDR,LAO,"Population, total",SP.POP.TOTL,2017,7018147.0
Lebanon,LBN,"Population, total",SP.POP.TOTL,2017,6160128.0
Liberia,LBR,"Population, total",SP.POP.TOTL,2017,4848925.0
Libya,LBY,"Population, total",SP.POP.TOTL,2017,6738770.0
St. Lucia,LCA,"Population, total",SP.POP.TOTL,2017,176342.0
Liechtenstein,LIE,"Population, total",SP.POP.TOTL,2017,37962.0
Sri Lanka,LKA,"Population, total",SP.POP.TOTL,2017,21453000.0
Lesotho,LSO,"Population, total",SP.POP.TOTL,2017,2157110.0
Lithuania,LTU,"Population, total",SP.POP.TOTL,2017,2842639.0
Luxembourg,LUX,"Population, total",SP.POP.TOTL,2017,596336.0
Latvia,LVA,"Population, total",SP.POP.TOTL,2017,1942248.0
"Macao SAR, China",MAC,"Population, total",SP.POP.TOTL,2017,648400.0
St. Martin (French part),MAF,"Population, total",SP.POP.TOTL,2017,36837.0
Morocco,MAR,"Population, total",SP.POP.TOTL,2017,35446392.0
Monaco,MCO,"Population, total",SP.POP.TOTL,2017,37678.0
Moldova,MDA,"Population, total",SP.POP.TOTL,2017,2755189.0
Madagascar,MDG,"Population, total",SP.POP.TOTL,2017,26788375.0
Maldives,MDV,"Population, total",SP.POP.TOTL,2017,458287.0
Mexico,MEX,"Population, total",SP.POP.TOTL,2017,123400057.0
Marshall Islands,MHL,"Population, total",SP.POP.TOTL,2017,46529.0
North Macedonia,MKD,"Population, total",SP.POP.TOTL,2017,1898657.0
Mali,MLI,"Population, total",SP.POP.TOTL,2017,19813011.0
Malta,MLT,"Population, total",SP.POP.TOTL,2017,467106.0
Myanmar,MMR,"Population, total",SP.POP.TOTL,2017,51894938.0
Montenegro,MNE,"Population, total",SP.POP.TOTL,2017,625982.0
Mongolia,MNG,"Population, total",SP.POP.TOTL,2017,3148917.0
Northern Mariana Islands,MNP,"Population, total",SP.POP.TOTL,2017,49959.0
Mozambique,MOZ,"Population, total",SP.POP.TOTL,2017,28166393.0
Mauritania,MRT,"Population, total",SP.POP.TOTL,2017,4210600.0
Mauritius,MUS,"Population, total",SP.POP.TOTL,2017,1264887.0
Malawi,MWI,"Population, total",SP.POP.TOTL,2017,18039715.0
Malaysia,MYS,"Population, total",SP.POP.TOTL,2017,32355644.0
Namibia,NAM,"Population, total",SP.POP.TOTL,2017,2506853.0
New Caledonia,NCL,"Population, total",SP.POP.TOTL,2017,283546.0
Niger,NER,"Population, total",SP.POP.TOTL,2017,21435446.0
Nigeria,NGA,"Population, total",SP.POP.TOTL,2017,200254579.0
Nicaragua,NIC,"Population, total",SP.POP.TOTL,2017,6316231.0
Netherlands,NLD,"Population, total",SP.POP.TOTL,2017,17131296.0
Norway,NOR,"Population, total",SP.POP.TOTL,2017,5276968.0
Nepal,NPL,"Population, total",SP.POP.TOTL,2017,28011258.0
Nauru,NRU,"Population, total",SP.POP.TOTL,2017,11324.0
New Zealand,NZL,"Population, total",SP.POP.TOTL,2017,4813600.0
Oman,OMN,"Population, total",SP.POP.TOTL,2017,4537396.0
Pakistan,PAK,"Population, total",SP.POP.TOTL,2017,223273967.0
Panama,PAN,"Population, total",SP.POP.TOTL,2017,4098707.0
Peru,PER,"Population, total",SP.POP.TOTL,2017,31324637.0
Philippines,PHL,"Population, total",SP.POP.TOTL,2017,108119693.0
Palau,PLW,"Population, total",SP.POP.TOTL,2017,17812.0
Papua New Guinea,PNG,"Population, total",SP.POP.TOTL,2017,9178714.0
Poland,POL,"Population, total",SP.POP.TOTL,2017,37974826.0
Puerto Rico (US),PRI,"Population, total",SP.POP.TOTL,2017,3410837.0
"Korea, Dem. People's Rep.",PRK,"Population, total",SP.POP.TOTL,2017,25817709.0
Portugal,PRT,"Population, total",SP.POP.TOTL,2017,10300300.0
Paraguay,PRY,"Population, total",SP.POP.TOTL,2017,6338660.0
West Bank and Gaza,PSE,"Population, total",SP.POP.TOTL,2017,4454805.0
French Polynesia,PYF,"Population, total",SP.POP.TOTL,2017,280087.0
Qatar,QAT,"Population, total",SP.POP.TOTL,2017,2545820.0
Romania,ROU,"Population, total",SP.POP.TOTL,2017,19588715.0
Russian Federation,RUS,"Population, total",SP.POP.TOTL,2017,145293260.0
Rwanda,RWA,"Population, total",SP.POP.TOTL,2017,12202060.0
Saudi Arabia,SAU,"Population, total",SP.POP.TOTL,2017,30977355.0
Sudan,SDN,"Population, total",SP.POP.TOTL,2017,42714306.0
Senegal,SEN,"Population, total",SP.POP.TOTL,2017,15475002.0
Singapore,SGP,"Population, total",SP.POP.TOTL,2017,5612253.0
Solomon Islands,SLB,"Population, total",SP.POP.TOTL,2017,685672.0
Sierra Leone,SLE,"Population, total",SP.POP.TOTL,2017,7379299.0
El Salvador,SLV,"Population, total",SP.POP.TOTL,2017,6213533.0
San Marino,SMR,"Population, total",SP.POP.TOTL,2017,33825.0
"Somalia, Fed. Rep.",SOM,"Population, total",SP.POP.TOTL,2017,14916629.0
Serbia,SRB,"Population, total",SP.POP.TOTL,2017,7020858.0
South Sudan,SSD,"Population, total",SP.POP.TOTL,2017,10259154.0
Sao Tome and Principe,STP,"Population, total",SP.POP.TOTL,2017,206970.0
Suriname,SUR,"Population, total",SP.POP.TOTL,2017,593713.0
Slovak Republic,SVK,"Population, total",SP.POP.TOTL,2017,5439232.0
Slovenia,SVN,"Population, total",SP.POP.TOTL,2017,2066388.0
Sweden,SWE,"Population, total",SP.POP.TOTL,2017,10057698.0
Eswatini,SWZ,"Population, total",SP.POP.TOTL,2017,1158195.0
Sint Maarten (Dutch part),SXM,"Population, total",SP.POP.TOTL,2017,38996.0
Seychelles,SYC,"Population, total",SP.POP.TOTL,2017,95843.0
Syrian Arab Republic,SYR,"Population, total",SP.POP.TOTL,2017,19224668.0
Turks and Caicos Islands,TCA,"Population, total",SP.POP.TOTL,2017,39913.0
Chad,TCD,"Population, total",SP.POP.TOTL,2017,15622759.0
Togo,TGO,"Population, total",SP.POP.TOTL,2017,7324386.0
Thailand,THA,"Population, total",SP.POP.TOTL,2017,71160187.0
Tajikistan,TJK,"Population, total",SP.POP.TOTL,2017,9085946.0
Turkmenistan,TKM,"Population, total",SP.POP.TOTL,2017,6507061.0
Timor-Leste,TLS,"Population, total",SP.POP.TOTL,2017,1251703.0
Tonga,TON,"Population, total",SP.POP.TOTL,2017,105356.0
Trinidad and Tobago,TTO,"Population, total",SP.POP.TOTL,2017,1356633.0
Tunisia,TUN,"Population, total",SP.POP.TOTL,2017,11650498.0
Turkiye,TUR,"Population, total",SP.POP.TOTL,2017,80312698.0
Tuvalu,TUV,"Population, total",SP.POP.TOTL,2017,10869.0
Tanzania,TZA,"Population, total",SP.POP.TOTL,2017,55652890.0
Uganda,UGA,"Population, total",SP.POP.TOTL,2017,40177388.0
Ukraine,UKR,"Population, total",SP.POP.TOTL,2017,45436041.0
Uruguay,URY,"Population, total",SP.POP.TOTL,2017,3388438.0
United States,USA,"Population, total",SP.POP.TOTL,2017,326608609.0
Uzbekistan,UZB,"Population, total",SP.POP.TOTL,2017,31819178.0
St. Vincent and the Grenadines,VCT,"Population, total",SP.POP.TOTL,2017,105663.0
"Venezuela, RB",VEN,"Population, total",SP.POP.TOTL,2017,30565323.0
British Virgin Islands,VGB,"Population, total",SP.POP.TOTL,2017,32699.0
Virgin Islands (U.S.),VIR,"Population, total",SP.POP.TOTL,2017,107281.0
Viet Nam,VNM,"Population, total",SP.POP.TOTL,2017,95176977.0
Vanuatu,VUT,"Population, total",SP.POP.TOTL,2017,278507.0
Samoa,WSM,"Population, total",SP.POP.TOTL,2017,205415.0
Kosovo,XKX,"Population, total",SP.POP.TOTL,2017,1791019.0
"Yemen, Rep.",YEM,"Population, total",SP.POP.TOTL,2017,33090921.0
South Africa,ZAF,"Population, total",SP.POP.TOTL,2017,57635162.0
Zambia,ZMB,"Population, total",SP.POP.TOTL,2017,17441320.0
Zimbabwe,ZWE,"Population, total",SP.POP.TOTL,2017,14812482.0
Aruba,ABW,"Population, total",SP.POP.TOTL,2018,108908.0
Afghanistan,AFG,"Population, total",SP.POP.TOTL,2018,36743039.0
Angola,AGO,"Population, total",SP.POP.TOTL,2018,31297155.0
Albania,ALB,"Population, total",SP.POP.TOTL,2018,2607733.0
Andorra,AND,"Population, total",SP.POP.TOTL,2018,75162.0
United Arab Emirates,ARE,"Population, total",SP.POP.TOTL,2018,9346701.0
Argentina,ARG,"Population, total",SP.POP.TOTL,2018,44654882.0
Armenia,ARM,"Population, total",SP.POP.TOTL,2018,2969000.0
American Samoa,ASM,"Population, total",SP.POP.TOTL,2018,50908.0
Antigua and Barbuda,ATG,"Population, total",SP.POP.TOTL,2018,90926.0
Australia,AUS,"Population, total",SP.POP.TOTL,2018,24963258.0
Austria,AUT,"Population, total",SP.POP.TOTL,2018,8840521.0
Azerbaijan,AZE,"Population, total",SP.POP.TOTL,2018,9939771.0
Burundi,BDI,"Population, total",SP.POP.TOTL,2018,11859446.0
Belgium,BEL,"Population, total",SP.POP.TOTL,2018,11427054.0
Benin,BEN,"Population, total",SP.POP.TOTL,2018,12383347.0
Burkina Faso,BFA,"Population, total",SP.POP.TOTL,2018,20438288.0
Bangladesh,BGD,"Population, total",SP.POP.TOTL,2018,163523103.0
Bulgaria,BGR,"Population, total",SP.POP.TOTL,2018,6710798.0
Bahrain,BHR,"Population, total",SP.POP.TOTL,2018,1503091.0
"Bahamas, The",BHS,"Population, total",SP.POP.TOTL,2018,392717.0
Bosnia and Herzegovina,BIH,"Population, total",SP.POP.TOTL,2018,3387000.0
Belarus,BLR,"Population, total",SP.POP.TOTL,2018,9438785.0
Belize,BLZ,"Population, total",SP.POP.TOTL,2018,380226.0
Bermuda,BMU,"Population, total",SP.POP.TOTL,2018,63831.0
Bolivia,BOL,"Population, total",SP.POP.TOTL,2018,11508368.0
Brazil,BRA,"Population, total",SP.POP.TOTL,2018,206107261.0
Barbados,BRB,"Population, total",SP.POP.TOTL,2018,280711.0
Brunei Darussalam,BRN,"Population, total",SP.POP.TOTL,2018,437810.0
Bhutan,BTN,"Population, total",SP.POP.TOTL,2018,759759.0
Botswana,BWA,"Population, total",SP.POP.TOTL,2018,2299141.0
Central African Republic,CAF,"Population, total",SP.POP.TOTL,2018,4878657.0
Canada,CAN,"Population, total",SP.POP.TOTL,2018,37072620.0
Switzerland,CHE,"Population, total",SP.POP.TOTL,2018,8514329.0
Chile,CHL,"Population, total",SP.POP.TOTL,2018,18893191.0
China,CHN,"Population, total",SP.POP.TOTL,2018,1402760000.0
Cote d'Ivoire,CIV,"Population, total",SP.POP.TOTL,2018,27464173.0
Cameroon,CMR,"Population, total",SP.POP.TOTL,2018,24806383.0
"Congo, Dem. Rep.",COD,"Population, total",SP.POP.TOTL,2018,90047644.0
"Congo, Rep.",COG,"Population, total",SP.POP.TOTL,2018,5483118.0
Colombia,COL,"Population, total",SP.POP.TOTL,2018,49024465.0
Comoros,COM,"Population, total",SP.POP.TOTL,2018,771590.0
Cabo Verde,CPV,"Population, total",SP.POP.TOTL,2018,513415.0
Costa Rica,CRI,"Population, total",SP.POP.TOTL,2018,4957818.0
Cuba,CUB,"Population, total",SP.POP.TOTL,2018,11227118.0
Curacao,CUW,"Population, total",SP.POP.TOTL,2018,159336.0
Cayman Islands,CYM,"Population, total",SP.POP.TOTL,2018,65941.0
Cyprus,CYP,"Population, total",SP.POP.TOTL,2018,1270737.0
Czechia,CZE,"Population, total",SP.POP.TOTL,2018,10629928.0
Germany,DEU,"Population, total",SP.POP.TOTL,2018,82905782.0
Djibouti,DJI,"Population, total",SP.POP.TOTL,2018,1071882.0
Dominica,DMA,"Population, total",SP.POP.TOTL,2018,68174.0
Denmark,DNK,"Population, total",SP.POP.TOTL,2018,5793636.0
Dominican Republic,DOM,"Population, total",SP.POP.TOTL,2018,10782053.0
Algeria,DZA,"Population, total",SP.POP.TOTL,2018,42505035.0
Ecuador,ECU,"Population, total",SP.POP.TOTL,2018,17049547.0
"Egypt, Arab Rep.",EGY,"Population, total",SP.POP.TOTL,2018,105682094.0
Eritrea,ERI,"Population, total",SP.POP.TOTL,2018,3192760.0
Spain,ESP,"Population, total",SP.POP.TOTL,2018,46782011.0
Estonia,EST,"Population, total",SP.POP.TOTL,2018,1321977.0
Ethiopia,ETH,"Population, total",SP.POP.TOTL,2018,112664152.0
Finland,FIN,"Population, total",SP.POP.TOTL,2018,5515525.0
Fiji,FJI,"Population, total",SP.POP.TOTL,2018,917180.0
France,FRA,"Population, total",SP.POP.TOTL,2018,67158348.0
Faroe Islands,FRO,"Population, total",SP.POP.TOTL,2018,50997.0
"Micronesia, Fed. Sts.",FSM,"Population, total",SP.POP.TOTL,2018,109909.0
Gabon,GAB,"Population, total",SP.POP.TOTL,2018,2212318.0
United Kingdom,GBR,"Population, total",SP.POP.TOTL,2018,66287000.0
Georgia,GEO,"Population, total",SP.POP.TOTL,2018,3726549.0
Ghana,GHA,"Population, total",SP.POP.TOTL,2018,30637585.0
Gibraltar,GIB,"Population, total",SP.POP.TOTL,2018,34854.0
Guinea,GIN,"Population, total",SP.POP.TOTL,2018,12704774.0
"Gambia, The",GMB,"Population, total",SP.POP.TOTL,2018,2399632.0
Guinea-Bissau,GNB,"Population, total",SP.POP.TOTL,2018,1922168.0
Equatorial Guinea,GNQ,"Population, total",SP.POP.TOTL,2018,1616422.0
Greece,GRC,"Population, total",SP.POP.TOTL,2018,10732882.0
Grenada,GRD,"Population, total",SP.POP.TOTL,2018,115691.0
Greenland,GRL,"Population, total",SP.POP.TOTL,2018,56023.0
Guatemala,GTM,"Population, total",SP.POP.TOTL,2018,16845685.0
Guam,GUM,"Population, total",SP.POP.TOTL,2018,162679.0
Guyana,GUY,"Population, total",SP.POP.TOTL,2018,791556.0
"Hong Kong SAR, China",HKG,"Population, total",SP.POP.TOTL,2018,7452600.0
Honduras,HND,"Population, total",SP.POP.TOTL,2018,9765210.0
Croatia,HRV,"Population, total",SP.POP.TOTL,2018,3988775.0
Haiti,HTI,"Population, total",SP.POP.TOTL,2018,10962362.0
Hungary,HUN,"Population, total",SP.POP.TOTL,2018,9706964.0
Indonesia,IDN,"Population, total",SP.POP.TOTL,2018,269951846.0
Isle of Man,IMN,"Population, total",SP.POP.TOTL,2018,83805.0
India,IND,"Population, total",SP.POP.TOTL,2018,1374659064.0
Ireland,IRL,"Population, total",SP.POP.TOTL,2018,4898022.0
"Iran, Islamic Rep.",IRN,"Population, total",SP.POP.TOTL,2018,86117998.0
Iraq,IRQ,"Population, total",SP.POP.TOTL,2018,40265624.0
Iceland,ISL,"Population, total",SP.POP.TOTL,2018,352721.0
Israel,ISR,"Population, total",SP.POP.TOTL,2018,8882800.0
Italy,ITA,"Population, total",SP.POP.TOTL,2018,59877221.0
Jamaica,JAM,"Population, total",SP.POP.TOTL,2018,2820097.0
Jordan,JOR,"Population, total",SP.POP.TOTL,2018,10462306.0
Japan,JPN,"Population, total",SP.POP.TOTL,2018,126811000.0
Kazakhstan,KAZ,"Population, total",SP.POP.TOTL,2018,18932727.0
Kenya,KEN,"Population, total",SP.POP.TOTL,2018,50207107.0
Kyrgyz Republic,KGZ,"Population, total",SP.POP.TOTL,2018,6444079.0
Cambodia,KHM,"Population, total",SP.POP.TOTL,2018,16274522.0
Kiribati,KIR,"Population, total",SP.POP.TOTL,2018,122084.0
St. Kitts and Nevis,KNA,"Population, total",SP.POP.TOTL,2018,47008.0
"Korea, Rep.",KOR,"Population, total",SP.POP.TOTL,2018,51585058.0
Kuwait,KWT,"Population, total",SP.POP.TOTL,2018,4323515.0
Lao PDR,LAO,"Population, total",SP.POP.TOTL,2018,7128045.0
Lebanon,LBN,"Population, total",SP.POP.TOTL,2018,5984119.0
Liberia,LBR,"Population, total",SP.POP.TOTL,2018,4944726.0
Libya,LBY,"Population, total",SP.POP.TOTL,2018,6849055.0
St. Lucia,LCA,"Population, total",SP.POP.TOTL,2018,177017.0
Liechtenstein,LIE,"Population, total",SP.POP.TOTL,2018,38246.0
Sri Lanka,LKA,"Population, total",SP.POP.TOTL,2018,21670000.0
Lesotho,LSO,"Population, total",SP.POP.TOTL,2018,2183603.0
Lithuania,LTU,"Population, total",SP.POP.TOTL,2018,2819200.0
Luxembourg,LUX,"Population, total",SP.POP.TOTL,2018,607950.0
Latvia,LVA,"Population, total",SP.POP.TOTL,2018,1927174.0
"Macao SAR, China",MAC,"Population, total",SP.POP.TOTL,2018,658900.0
St. Martin (French part),MAF,"Population, total",SP.POP.TOTL,2018,36012.0
Morocco,MAR,"Population, total",SP.POP.TOTL,2018,35839760.0
Monaco,MCO,"Population, total",SP.POP.TOTL,2018,38154.0
Moldova,MDA,"Population, total",SP.POP.TOTL,2018,2707203.0
Madagascar,MDG,"Population, total",SP.POP.TOTL,2018,27494926.0
Maldives,MDV,"Population, total",SP.POP.TOTL,2018,473099.0
Mexico,MEX,"Population, total",SP.POP.TOTL,2018,124573711.0
Marshall Islands,MHL,"Population, total",SP.POP.TOTL,2018,45285.0
North Macedonia,MKD,"Population, total",SP.POP.TOTL,2018,1889051.0
Mali,MLI,"Population, total",SP.POP.TOTL,2018,20442030.0
Malta,MLT,"Population, total",SP.POP.TOTL,2018,483903.0
Myanmar,MMR,"Population, total",SP.POP.TOTL,2018,52272247.0
Montenegro,MNE,"Population, total",SP.POP.TOTL,2018,626438.0
Mongolia,MNG,"Population, total",SP.POP.TOTL,2018,3208189.0
Northern Mariana Islands,MNP,"Population, total",SP.POP.TOTL,2018,49077.0
Mozambique,MOZ,"Population, total",SP.POP.TOTL,2018,29018644.0
Mauritania,MRT,"Population, total",SP.POP.TOTL,2018,4337685.0
Mauritius,MUS,"Population, total",SP.POP.TOTL,2018,1265577.0
Malawi,MWI,"Population, total",SP.POP.TOTL,2018,18528081.0
Malaysia,MYS,"Population, total",SP.POP.TOTL,2018,32910967.0
Namibia,NAM,"Population, total",SP.POP.TOTL,2018,2577327.0
New Caledonia,NCL,"Population, total",SP.POP.TOTL,2018,283541.0
Niger,NER,"Population, total",SP.POP.TOTL,2018,22188069.0
Nigeria,NGA,"Population, total",SP.POP.TOTL,2018,204938755.0
Nicaragua,NIC,"Population, total",SP.POP.TOTL,2018,6400080.0
Netherlands,NLD,"Population, total",SP.POP.TOTL,2018,17231624.0
Norway,NOR,"Population, total",SP.POP.TOTL,2018,5311916.0
Nepal,NPL,"Population, total",SP.POP.TOTL,2018,28079689.0
Nauru,NRU,"Population, total",SP.POP.TOTL,2018,11477.0
New Zealand,NZL,"Population, total",SP.POP.TOTL,2018,4900600.0
Oman,OMN,"Population, total",SP.POP.TOTL,2018,4597877.0
Pakistan,PAK,"Population, total",SP.POP.TOTL,2018,226928892.0
Panama,PAN,"Population, total",SP.POP.TOTL,2018,4167860.0
Peru,PER,"Population, total",SP.POP.TOTL,2018,31897584.0
Philippines,PHL,"Population, total",SP.POP.TOTL,2018,109465287.0
Palau,PLW,"Population, total",SP.POP.TOTL,2018,17814.0
Papua New Guinea,PNG,"Population, total",SP.POP.TOTL,2018,9394513.0
Poland,POL,"Population, total",SP.POP.TOTL,2018,37974750.0
Puerto Rico (US),PRI,"Population, total",SP.POP.TOTL,2018,3290690.0
"Korea, Dem. People's Rep.",PRK,"Population, total",SP.POP.TOTL,2018,25931147.0
Portugal,PRT,"Population, total",SP.POP.TOTL,2018,10283822.0
Paraguay,PRY,"Population, total",SP.POP.TOTL,2018,6427382.0
West Bank and Gaza,PSE,"Population, total",SP.POP.TOTL,2018,4569087.0
French Polynesia,PYF,"Population, total",SP.POP.TOTL,2018,279815.0
Qatar,QAT,"Population, total",SP.POP.TOTL,2018,2580734.0
Romania,ROU,"Population, total",SP.POP.TOTL,2018,19473970.0
Russian Federation,RUS,"Population, total",SP.POP.TOTL,2018,145398106.0
Rwanda,RWA,"Population, total",SP.POP.TOTL,2018,12487996.0
Saudi Arabia,SAU,"Population, total",SP.POP.TOTL,2018,30196281.0
Sudan,SDN,"Population, total",SP.POP.TOTL,2018,44230596.0
Senegal,SEN,"Population, total",SP.POP.TOTL,2018,15914498.0
Singapore,SGP,"Population, total",SP.POP.TOTL,2018,5638676.0
Solomon Islands,SLB,"Population, total",SP.POP.TOTL,2018,709101.0
Sierra Leone,SLE,"Population, total",SP.POP.TOTL,2018,7554563.0
El Salvador,SLV,"Population, total",SP.POP.TOTL,2018,6219807.0
San Marino,SMR,"Population, total",SP.POP.TOTL,2018,34522.0
"Somalia, Fed. Rep.",SOM,"Population, total",SP.POP.TOTL,2018,15452487.0
Serbia,SRB,"Population, total",SP.POP.TOTL,2018,6982604.0
South Sudan,SSD,"Population, total",SP.POP.TOTL,2018,10122977.0
Sao Tome and Principe,STP,"Population, total",SP.POP.TOTL,2018,210187.0
Suriname,SUR,"Population, total",SP.POP.TOTL,2018,599513.0
Slovak Republic,SVK,"Population, total",SP.POP.TOTL,2018,5446771.0
Slovenia,SVN,"Population, total",SP.POP.TOTL,2018,2073894.0
Sweden,SWE,"Population, total",SP.POP.TOTL,2018,10175214.0
Eswatini,SWZ,"Population, total",SP.POP.TOTL,2018,1168929.0
Sint Maarten (Dutch part),SXM,"Population, total",SP.POP.TOTL,2018,39712.0
Seychelles,SYC,"Population, total",SP.POP.TOTL,2018,96762.0
Syrian Arab Republic,SYR,"Population, total",SP.POP.TOTL,2018,19577845.0
Turks and Caicos Islands,TCA,"Population, total",SP.POP.TOTL,2018,41559.0
Chad,TCD,"Population, total",SP.POP.TOTL,2018,16156531.0
Togo,TGO,"Population, total",SP.POP.TOTL,2018,7458206.0
Thailand,THA,"Population, total",SP.POP.TOTL,2018,71376079.0
Tajikistan,TJK,"Population, total",SP.POP.TOTL,2018,9307333.0
Turkmenistan,TKM,"Population, total",SP.POP.TOTL,2018,6655524.0
Timor-Leste,TLS,"Population, total",SP.POP.TOTL,2018,1275959.0
Tonga,TON,"Population, total",SP.POP.TOTL,2018,105567.0
Trinidad and Tobago,TTO,"Population, total",SP.POP.TOTL,2018,1359193.0
Tunisia,TUN,"Population, total",SP.POP.TOTL,2018,11765514.0
Turkiye,TUR,"Population, total",SP.POP.TOTL,2018,81407204.0
Tuvalu,TUV,"Population, total",SP.POP.TOTL,2018,10751.0
Tanzania,TZA,"Population, total",SP.POP.TOTL,2018,57437145.0
Uganda,UGA,"Population, total",SP.POP.TOTL,2018,41565831.0
Ukraine,UKR,"Population, total",SP.POP.TOTL,2018,45208907.0
Uruguay,URY,"Population, total",SP.POP.TOTL,2018,3394534.0
United States,USA,"Population, total",SP.POP.TOTL,2018,328529577.0
Uzbekistan,UZB,"Population, total",SP.POP.TOTL,2018,32373490.0
St. Vincent and the Grenadines,VCT,"Population, total",SP.POP.TOTL,2018,104926.0
"Venezuela, RB",VEN,"Population, total",SP.POP.TOTL,2018,29807592.0
British Virgin Islands,VGB,"Population, total",SP.POP.TOTL,2018,34657.0
Virgin Islands (U.S.),VIR,"Population, total",SP.POP.TOTL,2018,107001.0
Viet Nam,VNM,"Population, total",SP.POP.TOTL,2018,96237319.0
Vanuatu,VUT,"Population, total",SP.POP.TOTL,2018,285259.0
Samoa,WSM,"Population, total",SP.POP.TOTL,2018,207582.0
Kosovo,XKX,"Population, total",SP.POP.TOTL,2018,1797086.0
"Yemen, Rep.",YEM,"Population, total",SP.POP.TOTL,2018,34085182.0
South Africa,ZAF,"Population, total",SP.POP.TOTL,2018,58613001.0
Zambia,ZMB,"Population, total",SP.POP.TOTL,2018,17973569.0
Zimbabwe,ZWE,"Population, total",SP.POP.TOTL,2018,15034452.0
Aruba,ABW,"Population, total",SP.POP.TOTL,2019,109203.0
Afghanistan,AFG,"Population, total",SP.POP.TOTL,2019,37856121.0
Angola,AGO,"Population, total",SP.POP.TOTL,2019,32375632.0
Albania,ALB,"Population, total",SP.POP.TOTL,2019,2567801.0
Andorra,AND,"Population, total",SP.POP.TOTL,2019,76474.0
United Arab Emirates,ARE,"Population, total",SP.POP.TOTL,2019,9445785.0
Argentina,ARG,"Population, total",SP.POP.TOTL,2019,44973465.0
Armenia,ARM,"Population, total",SP.POP.TOTL,2019,2962500.0
American Samoa,ASM,"Population, total",SP.POP.TOTL,2019,50209.0
Antigua and Barbuda,ATG,"Population, total",SP.POP.TOTL,2019,91364.0
Australia,AUS,"Population, total",SP.POP.TOTL,2019,25334826.0
Austria,AUT,"Population, total",SP.POP.TOTL,2019,8879920.0
Azerbaijan,AZE,"Population, total",SP.POP.TOTL,2019,10024283.0
Burundi,BDI,"Population, total",SP.POP.TOTL,2019,12255336.0
Belgium,BEL,"Population, total",SP.POP.TOTL,2019,11488980.0
Benin,BEN,"Population, total",SP.POP.TOTL,2019,12726755.0
Burkina Faso,BFA,"Population, total",SP.POP.TOTL,2019,20961952.0
Bangladesh,BGD,"Population, total",SP.POP.TOTL,2019,164913055.0
Bulgaria,BGR,"Population, total",SP.POP.TOTL,2019,6616726.0
Bahrain,BHR,"Population, total",SP.POP.TOTL,2019,1483756.0
"Bahamas, The",BHS,"Population, total",SP.POP.TOTL,2019,394675.0
Bosnia and Herzegovina,BIH,"Population, total",SP.POP.TOTL,2019,3345533.0
Belarus,BLR,"Population, total",SP.POP.TOTL,2019,9419758.0
Belize,BLZ,"Population, total",SP.POP.TOTL,2019,385829.0
Bermuda,BMU,"Population, total",SP.POP.TOTL,2019,64107.0
Bolivia,BOL,"Population, total",SP.POP.TOTL,2019,11671386.0
Brazil,BRA,"Population, total",SP.POP.TOTL,2019,207455459.0
Barbados,BRB,"Population, total",SP.POP.TOTL,2019,281207.0
Brunei Darussalam,BRN,"Population, total",SP.POP.TOTL,2019,442680.0
Bhutan,BTN,"Population, total",SP.POP.TOTL,2019,764824.0
Botswana,BWA,"Population, total",SP.POP.TOTL,2019,2332083.0
Central African Republic,CAF,"Population, total",SP.POP.TOTL,2019,4944703.0
Canada,CAN,"Population, total",SP.POP.TOTL,2019,37618495.0
Switzerland,CHE,"Population, total",SP.POP.TOTL,2019,8575280.0
Chile,CHL,"Population, total",SP.POP.TOTL,2019,19197744.0
China,CHN,"Population, total",SP.POP.TOTL,2019,1407745000.0
Cote d'Ivoire,CIV,"Population, total",SP.POP.TOTL,2019,28193009.0
Cameroon,CMR,"Population, total",SP.POP.TOTL,2019,25506095.0
"Congo, Dem. Rep.",COD,"Population, total",SP.POP.TOTL,2019,92947442.0
"Congo, Rep.",COG,"Population, total",SP.POP.TOTL,2019,5616661.0
Colombia,COL,"Population, total",SP.POP.TOTL,2019,49907985.0
Comoros,COM,"Population, total",SP.POP.TOTL,2019,786578.0
Cabo Verde,CPV,"Population, total",SP.POP.TOTL,2019,514104.0
Costa Rica,CRI,"Population, total",SP.POP.TOTL,2019,4999553.0
Cuba,CUB,"Population, total",SP.POP.TOTL,2019,11202846.0
Curacao,CUW,"Population, total",SP.POP.TOTL,2019,157441.0
Cayman Islands,CYM,"Population, total",SP.POP.TOTL,2019,67327.0
Cyprus,CYP,"Population, total",SP.POP.TOTL,2019,1286671.0
Czechia,CZE,"Population, total",SP.POP.TOTL,2019,10671870.0
Germany,DEU,"Population, total",SP.POP.TOTL,2019,83092962.0
Djibouti,DJI,"Population, total",SP.POP.TOTL,2019,1088709.0
Dominica,DMA,"Population, total",SP.POP.TOTL,2019,67880.0
Denmark,DNK,"Population, total",SP.POP.TOTL,2019,5814422.0
Dominican Republic,DOM,"Population, total",SP.POP.TOTL,2019,10894043.0
Algeria,DZA,"Population, total",SP.POP.TOTL,2019,43294546.0
Ecuador,ECU,"Population, total",SP.POP.TOTL,2019,17340021.0
"Egypt, Arab Rep.",EGY,"Population, total",SP.POP.TOTL,2019,107553158.0
Eritrea,ERI,"Population, total",SP.POP.TOTL,2019,3240194.0
Spain,ESP,"Population, total",SP.POP.TOTL,2019,47118501.0
Estonia,EST,"Population, total",SP.POP.TOTL,2019,1326898.0
Ethiopia,ETH,"Population, total",SP.POP.TOTL,2019,115737383.0
Finland,FIN,"Population, total",SP.POP.TOTL,2019,5521606.0
Fiji,FJI,"Population, total",SP.POP.TOTL,2019,914899.0
France,FRA,"Population, total",SP.POP.TOTL,2019,67382061.0
Faroe Islands,FRO,"Population, total",SP.POP.TOTL,2019,51790.0
"Micronesia, Fed. Sts.",FSM,"Population, total",SP.POP.TOTL,2019,110282.0
Gabon,GAB,"Population, total",SP.POP.TOTL,2019,2267706.0
United Kingdom,GBR,"Population, total",SP.POP.TOTL,2019,66628000.0
Georgia,GEO,"Population, total",SP.POP.TOTL,2019,3720161.0
Ghana,GHA,"Population, total",SP.POP.TOTL,2019,31258945.0
Gibraltar,GIB,"Population, total",SP.POP.TOTL,2019,35494.0
Guinea,GIN,"Population, total",SP.POP.TOTL,2019,13034346.0
"Gambia, The",GMB,"Population, total",SP.POP.TOTL,2019,2456844.0
Guinea-Bissau,GNB,"Population, total",SP.POP.TOTL,2019,1967696.0
Equatorial Guinea,GNQ,"Population, total",SP.POP.TOTL,2019,1670177.0
Greece,GRC,"Population, total",SP.POP.TOTL,2019,10721582.0
Grenada,GRD,"Population, total",SP.POP.TOTL,2019,115981.0
Greenland,GRL,"Population, total",SP.POP.TOTL,2019,56225.0
Guatemala,GTM,"Population, total",SP.POP.TOTL,2019,17103803.0
Guam,GUM,"Population, total",SP.POP.TOTL,2019,161808.0
Guyana,GUY,"Population, total",SP.POP.TOTL,2019,807665.0
"Hong Kong SAR, China",HKG,"Population, total",SP.POP.TOTL,2019,7507900.0
Honduras,HND,"Population, total",SP.POP.TOTL,2019,9943633.0
Croatia,HRV,"Population, total",SP.POP.TOTL,2019,3949390.0
Haiti,HTI,"Population, total",SP.POP.TOTL,2019,11105163.0
Hungary,HUN,"Population, total",SP.POP.TOTL,2019,9694824.0
Indonesia,IDN,"Population, total",SP.POP.TOTL,2019,272489381.0
Isle of Man,IMN,"Population, total",SP.POP.TOTL,2019,83957.0
India,IND,"Population, total",SP.POP.TOTL,2019,1389030312.0
Ireland,IRL,"Population, total",SP.POP.TOTL,2019,4976456.0
"Iran, Islamic Rep.",IRN,"Population, total",SP.POP.TOTL,2019,87051648.0
Iraq,IRQ,"Population, total",SP.POP.TOTL,2019,41192171.0
Iceland,ISL,"Population, total",SP.POP.TOTL,2019,360563.0
Israel,ISR,"Population, total",SP.POP.TOTL,2019,9054000.0
Italy,ITA,"Population, total",SP.POP.TOTL,2019,59729081.0
Jamaica,JAM,"Population, total",SP.POP.TOTL,2019,2823271.0
Jordan,JOR,"Population, total",SP.POP.TOTL,2019,10671891.0
Japan,JPN,"Population, total",SP.POP.TOTL,2019,126633000.0
Kazakhstan,KAZ,"Population, total",SP.POP.TOTL,2019,19209555.0
Kenya,KEN,"Population, total",SP.POP.TOTL,2019,51202827.0
Kyrgyz Republic,KGZ,"Population, total",SP.POP.TOTL,2019,6590211.0
Cambodia,KHM,"Population, total",SP.POP.TOTL,2019,16481304.0
Kiribati,KIR,"Population, total",SP.POP.TOTL,2019,123921.0
St. Kitts and Nevis,KNA,"Population, total",SP.POP.TOTL,2019,46952.0
"Korea, Rep.",KOR,"Population, total",SP.POP.TOTL,2019,51764822.0
Kuwait,KWT,"Population, total",SP.POP.TOTL,2019,4442316.0
Lao PDR,LAO,"Population, total",SP.POP.TOTL,2019,7237636.0
Lebanon,LBN,"Population, total",SP.POP.TOTL,2019,5794594.0
Liberia,LBR,"Population, total",SP.POP.TOTL,2019,5043721.0
Libya,LBY,"Population, total",SP.POP.TOTL,2019,6951033.0
St. Lucia,LCA,"Population, total",SP.POP.TOTL,2019,177661.0
Liechtenstein,LIE,"Population, total",SP.POP.TOTL,2019,38563.0
Sri Lanka,LKA,"Population, total",SP.POP.TOTL,2019,21803000.0
Lesotho,LSO,"Population, total",SP.POP.TOTL,2019,2209405.0
Lithuania,LTU,"Population, total",SP.POP.TOTL,2019,2811089.0
Luxembourg,LUX,"Population, total",SP.POP.TOTL,2019,620001.0
Latvia,LVA,"Population, total",SP.POP.TOTL,2019,1913822.0
"Macao SAR, China",MAC,"Population, total",SP.POP.TOTL,2019,672000.0
St. Martin (French part),MAF,"Population, total",SP.POP.TOTL,2019,34267.0
Morocco,MAR,"Population, total",SP.POP.TOTL,2019,36210898.0
Monaco,MCO,"Population, total",SP.POP.TOTL,2019,38109.0
Moldova,MDA,"Population, total",SP.POP.TOTL,2019,2664224.0
Madagascar,MDG,"Population, total",SP.POP.TOTL,2019,28219554.0
Maldives,MDV,"Population, total",SP.POP.TOTL,2019,487731.0
Mexico,MEX,"Population, total",SP.POP.TOTL,2019,125762982.0
Marshall Islands,MHL,"Population, total",SP.POP.TOTL,2019,44007.0
North Macedonia,MKD,"Population, total",SP.POP.TOTL,2019,1876262.0
Mali,MLI,"Population, total",SP.POP.TOTL,2019,21068405.0
Malta,MLT,"Population, total",SP.POP.TOTL,2019,503912.0
Myanmar,MMR,"Population, total",SP.POP.TOTL,2019,52640713.0
Montenegro,MNE,"Population, total",SP.POP.TOTL,2019,626753.0
Mongolia,MNG,"Population, total",SP.POP.TOTL,2019,3267673.0
Northern Mariana Islands,MNP,"Population, total",SP.POP.TOTL,2019,48129.0
Mozambique,MOZ,"Population, total",SP.POP.TOTL,2019,29884380.0
Mauritania,MRT,"Population, total",SP.POP.TOTL,2019,4467708.0
Mauritius,MUS,"Population, total",SP.POP.TOTL,2019,1265985.0
Malawi,MWI,"Population, total",SP.POP.TOTL,2019,19025752.0
Malaysia,MYS,"Population, total",SP.POP.TOTL,2019,33440596.0
Namibia,NAM,"Population, total",SP.POP.TOTL,2019,2650494.0
New Caledonia,NCL,"Population, total",SP.POP.TOTL,2019,283606.0
Niger,NER,"Population, total",SP.POP.TOTL,2019,22947757.0
Nigeria,NGA,"Population, total",SP.POP.TOTL,2019,209485641.0
Nicaragua,NIC,"Population, total",SP.POP.TOTL,2019,6483657.0
Netherlands,NLD,"Population, total",SP.POP.TOTL,2019,17344874.0
Norway,NOR,"Population, total",SP.POP.TOTL,2019,5347896.0
Nepal,NPL,"Population, total",SP.POP.TOTL,2019,28414064.0
Nauru,NRU,"Population, total",SP.POP.TOTL,2019,11587.0
New Zealand,NZL,"Population, total",SP.POP.TOTL,2019,4970300.0
Oman,OMN,"Population, total",SP.POP.TOTL,2019,4591241.0
Pakistan,PAK,"Population, total",SP.POP.TOTL,2019,230800899.0
Panama,PAN,"Population, total",SP.POP.TOTL,2019,4234700.0
Peru,PER,"Population, total",SP.POP.TOTL,2019,32449303.0
Philippines,PHL,"Population, total",SP.POP.TOTL,2019,110804683.0
Palau,PLW,"Population, total",SP.POP.TOTL,2019,17798.0
Papua New Guinea,PNG,"Population, total",SP.POP.TOTL,2019,9609010.0
Poland,POL,"Population, total",SP.POP.TOTL,2019,37965475.0
Puerto Rico (US),PRI,"Population, total",SP.POP.TOTL,2019,3302691.0
"Korea, Dem. People's Rep.",PRK,"Population, total",SP.POP.TOTL,2019,26037632.0
Portugal,PRT,"Population, total",SP.POP.TOTL,2019,10286263.0
Paraguay,PRY,"Population, total",SP.POP.TOTL,2019,6515058.0
West Bank and Gaza,PSE,"Population, total",SP.POP.TOTL,2019,4685306.0
French Polynesia,PYF,"Population, total",SP.POP.TOTL,2019,279034.0
Qatar,QAT,"Population, total",SP.POP.TOTL,2019,2638657.0
Romania,ROU,"Population, total",SP.POP.TOTL,2019,19371648.0
Russian Federation,RUS,"Population, total",SP.POP.TOTL,2019,145453291.0
Rwanda,RWA,"Population, total",SP.POP.TOTL,2019,12776103.0
Saudi Arabia,SAU,"Population, total",SP.POP.TOTL,2019,30063799.0
Sudan,SDN,"Population, total",SP.POP.TOTL,2019,45548175.0
Senegal,SEN,"Population, total",SP.POP.TOTL,2019,16352922.0
Singapore,SGP,"Population, total",SP.POP.TOTL,2019,5703569.0
Solomon Islands,SLB,"Population, total",SP.POP.TOTL,2019,728147.0
Sierra Leone,SLE,"Population, total",SP.POP.TOTL,2019,7731991.0
El Salvador,SLV,"Population, total",SP.POP.TOTL,2019,6222318.0
San Marino,SMR,"Population, total",SP.POP.TOTL,2019,34663.0
"Somalia, Fed. Rep.",SOM,"Population, total",SP.POP.TOTL,2019,16030971.0
Serbia,SRB,"Population, total",SP.POP.TOTL,2019,6945235.0
South Sudan,SSD,"Population, total",SP.POP.TOTL,2019,10423384.0
Sao Tome and Principe,STP,"Population, total",SP.POP.TOTL,2019,213392.0
Suriname,SUR,"Population, total",SP.POP.TOTL,2019,605768.0
Slovak Republic,SVK,"Population, total",SP.POP.TOTL,2019,5454147.0
Slovenia,SVN,"Population, total",SP.POP.TOTL,2019,2088385.0
Sweden,SWE,"Population, total",SP.POP.TOTL,2019,10278887.0
Eswatini,SWZ,"Population, total",SP.POP.TOTL,2019,1179874.0
Sint Maarten (Dutch part),SXM,"Population, total",SP.POP.TOTL,2019,40385.0
Seychelles,SYC,"Population, total",SP.POP.TOTL,2019,97625.0
Syrian Arab Republic,SYR,"Population, total",SP.POP.TOTL,2019,20353534.0
Turks and Caicos Islands,TCA,"Population, total",SP.POP.TOTL,2019,43166.0
Chad,TCD,"Population, total",SP.POP.TOTL,2019,16685223.0
Togo,TGO,"Population, total",SP.POP.TOTL,2019,7619925.0
Thailand,THA,"Population, total",SP.POP.TOTL,2019,71522271.0
Tajikistan,TJK,"Population, total",SP.POP.TOTL,2019,9529966.0
Turkmenistan,TKM,"Population, total",SP.POP.TOTL,2019,6803944.0
Timor-Leste,TLS,"Population, total",SP.POP.TOTL,2019,1300945.0
Tonga,TON,"Population, total",SP.POP.TOTL,2019,105669.0
Trinidad and Tobago,TTO,"Population, total",SP.POP.TOTL,2019,1363985.0
Tunisia,TUN,"Population, total",SP.POP.TOTL,2019,11875081.0
Turkiye,TUR,"Population, total",SP.POP.TOTL,2019,82579440.0
Tuvalu,TUV,"Population, total",SP.POP.TOTL,2019,10581.0
Tanzania,TZA,"Population, total",SP.POP.TOTL,2019,59174891.0
Uganda,UGA,"Population, total",SP.POP.TOTL,2019,42999637.0
Ukraine,UKR,"Population, total",SP.POP.TOTL,2019,44957458.0
Uruguay,URY,"Population, total",SP.POP.TOTL,2019,3397206.0
United States,USA,"Population, total",SP.POP.TOTL,2019,330226227.0
Uzbekistan,UZB,"Population, total",SP.POP.TOTL,2019,32964701.0
St. Vincent and the Grenadines,VCT,"Population, total",SP.POP.TOTL,2019,104167.0
"Venezuela, RB",VEN,"Population, total",SP.POP.TOTL,2019,28938098.0
British Virgin Islands,VGB,"Population, total",SP.POP.TOTL,2019,36395.0
Virgin Islands (U.S.),VIR,"Population, total",SP.POP.TOTL,2019,106669.0
Viet Nam,VNM,"Population, total",SP.POP.TOTL,2019,97173776.0
Vanuatu,VUT,"Population, total",SP.POP.TOTL,2019,291985.0
Samoa,WSM,"Population, total",SP.POP.TOTL,2019,209780.0
Kosovo,XKX,"Population, total",SP.POP.TOTL,2019,1788891.0
"Yemen, Rep.",YEM,"Population, total",SP.POP.TOTL,2019,35111408.0
South Africa,ZAF,"Population, total",SP.POP.TOTL,2019,59587885.0
Zambia,ZMB,"Population, total",SP.POP.TOTL,2019,18513839.0
Zimbabwe,ZWE,"Population, total",SP.POP.TOTL,2019,15271368.0
Aruba,ABW,"Population, total",SP.POP.TOTL,2020,108587.0
Afghanistan,AFG,"Population, total",SP.POP.TOTL,2020,39068979.0
Angola,AGO,"Population, total",SP.POP.TOTL,2020,33451132.0
Albania,ALB,"Population, total",SP.POP.TOTL,2020,2528480.0
Andorra,AND,"Population, total",SP.POP.TOTL,2020,77380.0
United Arab Emirates,ARE,"Population, total",SP.POP.TOTL,2020,9401038.0
Argentina,ARG,"Population, total",SP.POP.TOTL,2020,45191965.0
Armenia,ARM,"Population, total",SP.POP.TOTL,2020,2961500.0
American Samoa,ASM,"Population, total",SP.POP.TOTL,2020,49761.0
Antigua and Barbuda,ATG,"Population, total",SP.POP.TOTL,2020,91846.0
Australia,AUS,"Population, total",SP.POP.TOTL,2020,25649248.0
Austria,AUT,"Population, total",SP.POP.TOTL,2020,8916864.0
Azerbaijan,AZE,"Population, total",SP.POP.TOTL,2020,10093121.0
Burundi,BDI,"Population, total",SP.POP.TOTL,2020,12617036.0
Belgium,BEL,"Population, total",SP.POP.TOTL,2020,11538604.0
Benin,BEN,"Population, total",SP.POP.TOTL,2020,13070169.0
Burkina Faso,BFA,"Population, total",SP.POP.TOTL,2020,21478690.0
Bangladesh,BGD,"Population, total",SP.POP.TOTL,2020,166298024.0
Bulgaria,BGR,"Population, total",SP.POP.TOTL,2020,6550696.0
Bahrain,BHR,"Population, total",SP.POP.TOTL,2020,1472204.0
"Bahamas, The",BHS,"Population, total",SP.POP.TOTL,2020,395863.0
Bosnia and Herzegovina,BIH,"Population, total",SP.POP.TOTL,2020,3299349.0
Belarus,BLR,"Population, total",SP.POP.TOTL,2020,9379952.0
Belize,BLZ,"Population, total",SP.POP.TOTL,2020,390812.0
Bermuda,BMU,"Population, total",SP.POP.TOTL,2020,64382.0
Bolivia,BOL,"Population, total",SP.POP.TOTL,2020,11816299.0
Brazil,BRA,"Population, total",SP.POP.TOTL,2020,208660842.0
Barbados,BRB,"Population, total",SP.POP.TOTL,2020,281698.0
Brunei Darussalam,BRN,"Population, total",SP.POP.TOTL,2020,447404.0
Bhutan,BTN,"Population, total",SP.POP.TOTL,2020,770006.0
Botswana,BWA,"Population, total",SP.POP.TOTL,2020,2365894.0
Central African Republic,CAF,"Population, total",SP.POP.TOTL,2020,5026628.0
Canada,CAN,"Population, total",SP.POP.TOTL,2020,38028638.0
Switzerland,CHE,"Population, total",SP.POP.TOTL,2020,8638167.0
Chile,CHL,"Population, total",SP.POP.TOTL,2020,19370624.0
China,CHN,"Population, total",SP.POP.TOTL,2020,1411100000.0
Cote d'Ivoire,CIV,"Population, total",SP.POP.TOTL,2020,28915449.0
Cameroon,CMR,"Population, total",SP.POP.TOTL,2020,26210558.0
"Congo, Dem. Rep.",COD,"Population, total",SP.POP.TOTL,2020,95989998.0
"Congo, Rep.",COG,"Population, total",SP.POP.TOTL,2020,5752791.0
Colombia,COL,"Population, total",SP.POP.TOTL,2020,50629997.0
Comoros,COM,"Population, total",SP.POP.TOTL,2020,802163.0
Cabo Verde,CPV,"Population, total",SP.POP.TOTL,2020,514679.0
Costa Rica,CRI,"Population, total",SP.POP.TOTL,2020,5034320.0
Cuba,CUB,"Population, total",SP.POP.TOTL,2020,11176354.0
Curacao,CUW,"Population, total",SP.POP.TOTL,2020,155482.0
Cayman Islands,CYM,"Population, total",SP.POP.TOTL,2020,68684.0
Cyprus,CYP,"Population, total",SP.POP.TOTL,2020,1302247.0
Czechia,CZE,"Population, total",SP.POP.TOTL,2020,10697858.0
Germany,DEU,"Population, total",SP.POP.TOTL,2020,83160871.0
Djibouti,DJI,"Population, total",SP.POP.TOTL,2020,1105188.0
Dominica,DMA,"Population, total",SP.POP.TOTL,2020,67573.0
Denmark,DNK,"Population, total",SP.POP.TOTL,2020,5831404.0
Dominican Republic,DOM,"Population, total",SP.POP.TOTL,2020,11008300.0
Algeria,DZA,"Population, total",SP.POP.TOTL,2020,44042091.0
Ecuador,ECU,"Population, total",SP.POP.TOTL,2020,17546065.0
"Egypt, Arab Rep.",EGY,"Population, total",SP.POP.TOTL,2020,109315124.0
Eritrea,ERI,"Population, total",SP.POP.TOTL,2020,3291271.0
Spain,ESP,"Population, total",SP.POP.TOTL,2020,47359424.0
Estonia,EST,"Population, total",SP.POP.TOTL,2020,1329522.0
Ethiopia,ETH,"Population, total",SP.POP.TOTL,2020,118917671.0
Finland,FIN,"Population, total",SP.POP.TOTL,2020,5529543.0
Fiji,FJI,"Population, total",SP.POP.TOTL,2020,914963.0
France,FRA,"Population, total",SP.POP.TOTL,2020,67601110.0
Faroe Islands,FRO,"Population, total",SP.POP.TOTL,2020,52561.0
"Micronesia, Fed. Sts.",FSM,"Population, total",SP.POP.TOTL,2020,110916.0
Gabon,GAB,"Population, total",SP.POP.TOTL,2020,2322539.0
United Kingdom,GBR,"Population, total",SP.POP.TOTL,2020,66740000.0
Georgia,GEO,"Population, total",SP.POP.TOTL,2020,3722716.0
Ghana,GHA,"Population, total",SP.POP.TOTL,2020,31887809.0
Gibraltar,GIB,"Population, total",SP.POP.TOTL,2020,36173.0
Guinea,GIN,"Population, total",SP.POP.TOTL,2020,13371183.0
"Gambia, The",GMB,"Population, total",SP.POP.TOTL,2020,2515733.0
Guinea-Bissau,GNB,"Population, total",SP.POP.TOTL,2020,2013255.0
Equatorial Guinea,GNQ,"Population, total",SP.POP.TOTL,2020,1716468.0
Greece,GRC,"Population, total",SP.POP.TOTL,2020,10698599.0
Grenada,GRD,"Population, total",SP.POP.TOTL,2020,116341.0
Greenland,GRL,"Population, total",SP.POP.TOTL,2020,56367.0
Guatemala,GTM,"Population, total",SP.POP.TOTL,2020,17357325.0
Guam,GUM,"Population, total",SP.POP.TOTL,2020,162158.0
Guyana,GUY,"Population, total",SP.POP.TOTL,2020,807481.0
"Hong Kong SAR, China",HKG,"Population, total",SP.POP.TOTL,2020,7481000.0
Honduras,HND,"Population, total",SP.POP.TOTL,2020,10119640.0
Croatia,HRV,"Population, total",SP.POP.TOTL,2020,3914206.0
Haiti,HTI,"Population, total",SP.POP.TOTL,2020,11243848.0
Hungary,HUN,"Population, total",SP.POP.TOTL,2020,9670419.0
Indonesia,IDN,"Population, total",SP.POP.TOTL,2020,274814866.0
Isle of Man,IMN,"Population, total",SP.POP.TOTL,2020,84064.0
India,IND,"Population, total",SP.POP.TOTL,2020,1402617695.0
Ireland,IRL,"Population, total",SP.POP.TOTL,2020,5039747.0
"Iran, Islamic Rep.",IRN,"Population, total",SP.POP.TOTL,2020,87723443.0
Iraq,IRQ,"Population, total",SP.POP.TOTL,2020,42116605.0
Iceland,ISL,"Population, total",SP.POP.TOTL,2020,366463.0
Israel,ISR,"Population, total",SP.POP.TOTL,2020,9215100.0
Italy,ITA,"Population, total",SP.POP.TOTL,2020,59438851.0
Jamaica,JAM,"Population, total",SP.POP.TOTL,2020,2830739.0
Jordan,JOR,"Population, total",SP.POP.TOTL,2020,10865228.0
Japan,JPN,"Population, total",SP.POP.TOTL,2020,126261000.0
Kazakhstan,KAZ,"Population, total",SP.POP.TOTL,2020,19482117.0
Kenya,KEN,"Population, total",SP.POP.TOTL,2020,52217334.0
Kyrgyz Republic,KGZ,"Population, total",SP.POP.TOTL,2020,6726596.0
Cambodia,KHM,"Population, total",SP.POP.TOTL,2020,16725474.0
Kiribati,KIR,"Population, total",SP.POP.TOTL,2020,126099.0
St. Kitts and Nevis,KNA,"Population, total",SP.POP.TOTL,2020,46870.0
"Korea, Rep.",KOR,"Population, total",SP.POP.TOTL,2020,51836239.0
Kuwait,KWT,"Population, total",SP.POP.TOTL,2020,4400267.0
Lao PDR,LAO,"Population, total",SP.POP.TOTL,2020,7346533.0
Lebanon,LBN,"Population, total",SP.POP.TOTL,2020,5702398.0
Liberia,LBR,"Population, total",SP.POP.TOTL,2020,5149463.0
Libya,LBY,"Population, total",SP.POP.TOTL,2020,7045399.0
St. Lucia,LCA,"Population, total",SP.POP.TOTL,2020,178250.0
Liechtenstein,LIE,"Population, total",SP.POP.TOTL,2020,38901.0
Sri Lanka,LKA,"Population, total",SP.POP.TOTL,2020,21919000.0
Lesotho,LSO,"Population, total",SP.POP.TOTL,2020,2235727.0
Lithuania,LTU,"Population, total",SP.POP.TOTL,2020,2810369.0
Luxembourg,LUX,"Population, total",SP.POP.TOTL,2020,630419.0
Latvia,LVA,"Population, total",SP.POP.TOTL,2020,1900449.0
"Macao SAR, China",MAC,"Population, total",SP.POP.TOTL,2020,685400.0
St. Martin (French part),MAF,"Population, total",SP.POP.TOTL,2020,31786.0
Morocco,MAR,"Population, total",SP.POP.TOTL,2020,36584208.0
Monaco,MCO,"Population, total",SP.POP.TOTL,2020,38050.0
Moldova,MDA,"Population, total",SP.POP.TOTL,2020,2635130.0
Madagascar,MDG,"Population, total",SP.POP.TOTL,2020,28953556.0
Maldives,MDV,"Population, total",SP.POP.TOTL,2020,502118.0
Mexico,MEX,"Population, total",SP.POP.TOTL,2020,126799054.0
Marshall Islands,MHL,"Population, total",SP.POP.TOTL,2020,42706.0
North Macedonia,MKD,"Population, total",SP.POP.TOTL,2020,1856124.0
Mali,MLI,"Population, total",SP.POP.TOTL,2020,21713836.0
Malta,MLT,"Population, total",SP.POP.TOTL,2020,515490.0
Myanmar,MMR,"Population, total",SP.POP.TOTL,2020,53016522.0
Montenegro,MNE,"Population, total",SP.POP.TOTL,2020,626590.0
Mongolia,MNG,"Population, total",SP.POP.TOTL,2020,3327204.0
Northern Mariana Islands,MNP,"Population, total",SP.POP.TOTL,2020,47528.0
Mozambique,MOZ,"Population, total",SP.POP.TOTL,2020,30783688.0
Mauritania,MRT,"Population, total",SP.POP.TOTL,2020,4600131.0
Mauritius,MUS,"Population, total",SP.POP.TOTL,2020,1266014.0
Malawi,MWI,"Population, total",SP.POP.TOTL,2020,19533888.0
Malaysia,MYS,"Population, total",SP.POP.TOTL,2020,33889558.0
Namibia,NAM,"Population, total",SP.POP.TOTL,2020,2728762.0
New Caledonia,NCL,"Population, total",SP.POP.TOTL,2020,284176.0
Niger,NER,"Population, total",SP.POP.TOTL,2020,23717613.0
Nigeria,NGA,"Population, total",SP.POP.TOTL,2020,213996181.0
Nicaragua,NIC,"Population, total",SP.POP.TOTL,2020,6565267.0
Netherlands,NLD,"Population, total",SP.POP.TOTL,2020,17441500.0
Norway,NOR,"Population, total",SP.POP.TOTL,2020,5379475.0
Nepal,NPL,"Population, total",SP.POP.TOTL,2020,28966574.0
Nauru,NRU,"Population, total",SP.POP.TOTL,2020,11643.0
New Zealand,NZL,"Population, total",SP.POP.TOTL,2020,5072400.0
Oman,OMN,"Population, total",SP.POP.TOTL,2020,4522497.0
Pakistan,PAK,"Population, total",SP.POP.TOTL,2020,235001746.0
Panama,PAN,"Population, total",SP.POP.TOTL,2020,4293261.0
Peru,PER,"Population, total",SP.POP.TOTL,2020,32838579.0
Philippines,PHL,"Population, total",SP.POP.TOTL,2020,112081264.0
Palau,PLW,"Population, total",SP.POP.TOTL,2020,17792.0
Papua New Guinea,PNG,"Population, total",SP.POP.TOTL,2020,9815746.0
Poland,POL,"Population, total",SP.POP.TOTL,2020,37515748.0
Puerto Rico (US),PRI,"Population, total",SP.POP.TOTL,2020,3281591.0
"Korea, Dem. People's Rep.",PRK,"Population, total",SP.POP.TOTL,2020,26136312.0
Portugal,PRT,"Population, total",SP.POP.TOTL,2020,10297081.0
Paraguay,PRY,"Population, total",SP.POP.TOTL,2020,6603739.0
West Bank and Gaza,PSE,"Population, total",SP.POP.TOTL,2020,4803269.0
French Polynesia,PYF,"Population, total",SP.POP.TOTL,2020,279209.0
Qatar,QAT,"Population, total",SP.POP.TOTL,2020,2794148.0
Romania,ROU,"Population, total",SP.POP.TOTL,2020,19265250.0
Russian Federation,RUS,"Population, total",SP.POP.TOTL,2020,145245148.0
Rwanda,RWA,"Population, total",SP.POP.TOTL,2020,13065837.0
Saudi Arabia,SAU,"Population, total",SP.POP.TOTL,2020,31552510.0
Sudan,SDN,"Population, total",SP.POP.TOTL,2020,46789231.0
Senegal,SEN,"Population, total",SP.POP.TOTL,2020,16789219.0
Singapore,SGP,"Population, total",SP.POP.TOTL,2020,5685807.0
Solomon Islands,SLB,"Population, total",SP.POP.TOTL,2020,744498.0
Sierra Leone,SLE,"Population, total",SP.POP.TOTL,2020,7912558.0
El Salvador,SLV,"Population, total",SP.POP.TOTL,2020,6234673.0
San Marino,SMR,"Population, total",SP.POP.TOTL,2020,34770.0
"Somalia, Fed. Rep.",SOM,"Population, total",SP.POP.TOTL,2020,16651191.0
Serbia,SRB,"Population, total",SP.POP.TOTL,2020,6899126.0
South Sudan,SSD,"Population, total",SP.POP.TOTL,2020,10698467.0
Sao Tome and Principe,STP,"Population, total",SP.POP.TOTL,2020,217435.0
Suriname,SUR,"Population, total",SP.POP.TOTL,2020,612317.0
Slovak Republic,SVK,"Population, total",SP.POP.TOTL,2020,5458827.0
Slovenia,SVN,"Population, total",SP.POP.TOTL,2020,2102419.0
Sweden,SWE,"Population, total",SP.POP.TOTL,2020,10353442.0
Eswatini,SWZ,"Population, total",SP.POP.TOTL,2020,1192729.0
Sint Maarten (Dutch part),SXM,"Population, total",SP.POP.TOTL,2020,41008.0
Seychelles,SYC,"Population, total",SP.POP.TOTL,2020,98462.0
Syrian Arab Republic,SYR,"Population, total",SP.POP.TOTL,2020,21049429.0
Turks and Caicos Islands,TCA,"Population, total",SP.POP.TOTL,2020,44386.0
Chad,TCD,"Population, total",SP.POP.TOTL,2020,17224679.0
Togo,TGO,"Population, total",SP.POP.TOTL,2020,7788054.0
Thailand,THA,"Population, total",SP.POP.TOTL,2020,71641484.0
Tajikistan,TJK,"Population, total",SP.POP.TOTL,2020,9749310.0
Turkmenistan,TKM,"Population, total",SP.POP.TOTL,2020,6949912.0
Timor-Leste,TLS,"Population, total",SP.POP.TOTL,2020,1326053.0
Tonga,TON,"Population, total",SP.POP.TOTL,2020,105704.0
Trinidad and Tobago,TTO,"Population, total",SP.POP.TOTL,2020,1366725.0
Tunisia,TUN,"Population, total",SP.POP.TOTL,2020,11974057.0
Turkiye,TUR,"Population, total",SP.POP.TOTL,2020,83384680.0
Tuvalu,TUV,"Population, total",SP.POP.TOTL,2020,10399.0
Tanzania,TZA,"Population, total",SP.POP.TOTL,2020,60972798.0
Uganda,UGA,"Population, total",SP.POP.TOTL,2020,44457152.0
Ukraine,UKR,"Population, total",SP.POP.TOTL,2020,44680014.0
Uruguay,URY,"Population, total",SP.POP.TOTL,2020,3398968.0
United States,USA,"Population, total",SP.POP.TOTL,2020,331578104.0
Uzbekistan,UZB,"Population, total",SP.POP.TOTL,2020,33586372.0
St. Vincent and the Grenadines,VCT,"Population, total",SP.POP.TOTL,2020,103526.0
"Venezuela, RB",VEN,"Population, total",SP.POP.TOTL,2020,28444077.0
British Virgin Islands,VGB,"Population, total",SP.POP.TOTL,2020,37135.0
Virgin Islands (U.S.),VIR,"Population, total",SP.POP.TOTL,2020,106290.0
Viet Nam,VNM,"Population, total",SP.POP.TOTL,2020,98079191.0
Vanuatu,VUT,"Population, total",SP.POP.TOTL,2020,298858.0
Samoa,WSM,"Population, total",SP.POP.TOTL,2020,211944.0
Kosovo,XKX,"Population, total",SP.POP.TOTL,2020,1790151.0
"Yemen, Rep.",YEM,"Population, total",SP.POP.TOTL,2020,36134863.0
South Africa,ZAF,"Population, total",SP.POP.TOTL,2020,60562381.0
Zambia,ZMB,"Population, total",SP.POP.TOTL,2020,19059395.0
Zimbabwe,ZWE,"Population, total",SP.POP.TOTL,2020,15526888.0
Aruba,ABW,"Population, total",SP.POP.TOTL,2021,107700.0
Afghanistan,AFG,"Population, total",SP.POP.TOTL,2021,40000412.0
Angola,AGO,"Population, total",SP.POP.TOTL,2021,34532429.0
Albania,ALB,"Population, total",SP.POP.TOTL,2021,2489762.0
Andorra,AND,"Population, total",SP.POP.TOTL,2021,78364.0
United Arab Emirates,ARE,"Population, total",SP.POP.TOTL,2021,9575152.0
Argentina,ARG,"Population, total",SP.POP.TOTL,2021,45312281.0
Armenia,ARM,"Population, total",SP.POP.TOTL,2021,2962300.0
American Samoa,ASM,"Population, total",SP.POP.TOTL,2021,49225.0
Antigua and Barbuda,ATG,"Population, total",SP.POP.TOTL,2021,92349.0
Australia,AUS,"Population, total",SP.POP.TOTL,2021,25685412.0
Austria,AUT,"Population, total",SP.POP.TOTL,2021,8955797.0
Azerbaijan,AZE,"Population, total",SP.POP.TOTL,2021,10137750.0
Burundi,BDI,"Population, total",SP.POP.TOTL,2021,12965481.0
Belgium,BEL,"Population, total",SP.POP.TOTL,2021,11586195.0
Benin,BEN,"Population, total",SP.POP.TOTL,2021,13413417.0
Burkina Faso,BFA,"Population, total",SP.POP.TOTL,2021,21995243.0
Bangladesh,BGD,"Population, total",SP.POP.TOTL,2021,167658854.0
Bulgaria,BGR,"Population, total",SP.POP.TOTL,2021,6507301.0
Bahrain,BHR,"Population, total",SP.POP.TOTL,2021,1504365.0
"Bahamas, The",BHS,"Population, total",SP.POP.TOTL,2021,396373.0
Bosnia and Herzegovina,BIH,"Population, total",SP.POP.TOTL,2021,3244907.0
Belarus,BLR,"Population, total",SP.POP.TOTL,2021,9302585.0
Belize,BLZ,"Population, total",SP.POP.TOTL,2021,395346.0
Bermuda,BMU,"Population, total",SP.POP.TOTL,2021,64648.0
Bolivia,BOL,"Population, total",SP.POP.TOTL,2021,11937360.0
Brazil,BRA,"Population, total",SP.POP.TOTL,2021,209550294.0
Barbados,BRB,"Population, total",SP.POP.TOTL,2021,282147.0
Brunei Darussalam,BRN,"Population, total",SP.POP.TOTL,2021,451721.0
Bhutan,BTN,"Population, total",SP.POP.TOTL,2021,775442.0
Botswana,BWA,"Population, total",SP.POP.TOTL,2021,2401441.0
Central African Republic,CAF,"Population, total",SP.POP.TOTL,2021,5112100.0
Canada,CAN,"Population, total",SP.POP.TOTL,2021,38239864.0
Switzerland,CHE,"Population, total",SP.POP.TOTL,2021,8704546.0
Chile,CHL,"Population, total",SP.POP.TOTL,2021,19456334.0
China,CHN,"Population, total",SP.POP.TOTL,2021,1412360000.0
Cote d'Ivoire,CIV,"Population, total",SP.POP.TOTL,2021,29639736.0
Cameroon,CMR,"Population, total",SP.POP.TOTL,2021,26915758.0
"Congo, Dem. Rep.",COD,"Population, total",SP.POP.TOTL,2021,99148932.0
"Congo, Rep.",COG,"Population, total",SP.POP.TOTL,2021,5892183.0
Colombia,COL,"Population, total",SP.POP.TOTL,2021,51188173.0
Comoros,COM,"Population, total",SP.POP.TOTL,2021,818174.0
Cabo Verde,CPV,"Population, total",SP.POP.TOTL,2021,516649.0
Costa Rica,CRI,"Population, total",SP.POP.TOTL,2021,5059988.0
Cuba,CUB,"Population, total",SP.POP.TOTL,2021,11122168.0
Curacao,CUW,"Population, total",SP.POP.TOTL,2021,153948.0
Cayman Islands,CYM,"Population, total",SP.POP.TOTL,2021,70108.0
Cyprus,CYP,"Population, total",SP.POP.TOTL,2021,1317309.0
Czechia,CZE,"Population, total",SP.POP.TOTL,2021,10505772.0
Germany,DEU,"Population, total",SP.POP.TOTL,2021,83196078.0
Djibouti,DJI,"Population, total",SP.POP.TOTL,2021,1121248.0
Dominica,DMA,"Population, total",SP.POP.TOTL,2021,67202.0
Denmark,DNK,"Population, total",SP.POP.TOTL,2021,5856733.0
Dominican Republic,DOM,"Population, total",SP.POP.TOTL,2021,11123476.0
Algeria,DZA,"Population, total",SP.POP.TOTL,2021,44761099.0
Ecuador,ECU,"Population, total",SP.POP.TOTL,2021,17682454.0
"Egypt, Arab Rep.",EGY,"Population, total",SP.POP.TOTL,2021,110957008.0
Eritrea,ERI,"Population, total",SP.POP.TOTL,2021,3350183.0
Spain,ESP,"Population, total",SP.POP.TOTL,2021,47443821.0
Estonia,EST,"Population, total",SP.POP.TOTL,2021,1330932.0
Ethiopia,ETH,"Population, total",SP.POP.TOTL,2021,122138588.0
Finland,FIN,"Population, total",SP.POP.TOTL,2021,5541017.0
Fiji,FJI,"Population, total",SP.POP.TOTL,2021,916711.0
France,FRA,"Population, total",SP.POP.TOTL,2021,67842811.0
Faroe Islands,FRO,"Population, total",SP.POP.TOTL,2021,53291.0
"Micronesia, Fed. Sts.",FSM,"Population, total",SP.POP.TOTL,2021,111624.0
Gabon,GAB,"Population, total",SP.POP.TOTL,2021,2376722.0
United Kingdom,GBR,"Population, total",SP.POP.TOTL,2021,66978000.0
Georgia,GEO,"Population, total",SP.POP.TOTL,2021,3708610.0
Ghana,GHA,"Population, total",SP.POP.TOTL,2021,32518665.0
Gibraltar,GIB,"Population, total",SP.POP.TOTL,2021,36858.0
Guinea,GIN,"Population, total",SP.POP.TOTL,2021,13710513.0
"Gambia, The",GMB,"Population, total",SP.POP.TOTL,2021,2576010.0
Guinea-Bissau,GNB,"Population, total",SP.POP.TOTL,2021,2058841.0
Equatorial Guinea,GNQ,"Population, total",SP.POP.TOTL,2021,1758786.0
Greece,GRC,"Population, total",SP.POP.TOTL,2021,10570130.0
Grenada,GRD,"Population, total",SP.POP.TOTL,2021,116688.0
Greenland,GRL,"Population, total",SP.POP.TOTL,2021,56653.0
Guatemala,GTM,"Population, total",SP.POP.TOTL,2021,17598650.0
Guam,GUM,"Population, total",SP.POP.TOTL,2021,163730.0
Guyana,GUY,"Population, total",SP.POP.TOTL,2021,815482.0
"Hong Kong SAR, China",HKG,"Population, total",SP.POP.TOTL,2021,7413100.0
Honduras,HND,"Population, total",SP.POP.TOTL,2021,10289877.0
Croatia,HRV,"Population, total",SP.POP.TOTL,2021,3878981.0
Haiti,HTI,"Population, total",SP.POP.TOTL,2021,11374586.0
Hungary,HUN,"Population, total",SP.POP.TOTL,2021,9630932.0
Indonesia,IDN,"Population, total",SP.POP.TOTL,2021,276758053.0
Isle of Man,IMN,"Population, total",SP.POP.TOTL,2021,84106.0
India,IND,"Population, total",SP.POP.TOTL,2021,1414203896.0
Ireland,IRL,"Population, total",SP.POP.TOTL,2021,5110585.0
"Iran, Islamic Rep.",IRN,"Population, total",SP.POP.TOTL,2021,88455488.0
Iraq,IRQ,"Population, total",SP.POP.TOTL,2021,43071211.0
Iceland,ISL,"Population, total",SP.POP.TOTL,2021,372520.0
Israel,ISR,"Population, total",SP.POP.TOTL,2021,9371400.0
Italy,ITA,"Population, total",SP.POP.TOTL,2021,59133173.0
Jamaica,JAM,"Population, total",SP.POP.TOTL,2021,2837682.0
Jordan,JOR,"Population, total",SP.POP.TOTL,2021,11066356.0
Japan,JPN,"Population, total",SP.POP.TOTL,2021,125681593.0
Kazakhstan,KAZ,"Population, total",SP.POP.TOTL,2021,19743603.0
Kenya,KEN,"Population, total",SP.POP.TOTL,2021,53219166.0
Kyrgyz Republic,KGZ,"Population, total",SP.POP.TOTL,2021,6851224.0
Cambodia,KHM,"Population, total",SP.POP.TOTL,2021,16974305.0
Kiribati,KIR,"Population, total",SP.POP.TOTL,2021,128377.0
St. Kitts and Nevis,KNA,"Population, total",SP.POP.TOTL,2021,46763.0
"Korea, Rep.",KOR,"Population, total",SP.POP.TOTL,2021,51769539.0
Kuwait,KWT,"Population, total",SP.POP.TOTL,2021,4360865.0
Lao PDR,LAO,"Population, total",SP.POP.TOTL,2021,7453194.0
Lebanon,LBN,"Population, total",SP.POP.TOTL,2021,5718122.0
Liberia,LBR,"Population, total",SP.POP.TOTL,2021,5259323.0
Libya,LBY,"Population, total",SP.POP.TOTL,2021,7135175.0
St. Lucia,LCA,"Population, total",SP.POP.TOTL,2021,178522.0
Liechtenstein,LIE,"Population, total",SP.POP.TOTL,2021,39182.0
Sri Lanka,LKA,"Population, total",SP.POP.TOTL,2021,22156000.0
Lesotho,LSO,"Population, total",SP.POP.TOTL,2021,2261542.0
Lithuania,LTU,"Population, total",SP.POP.TOTL,2021,2808380.0
Luxembourg,LUX,"Population, total",SP.POP.TOTL,2021,640064.0
Latvia,LVA,"Population, total",SP.POP.TOTL,2021,1884490.0
"Macao SAR, China",MAC,"Population, total",SP.POP.TOTL,2021,682500.0
St. Martin (French part),MAF,"Population, total",SP.POP.TOTL,2021,29961.0
Morocco,MAR,"Population, total",SP.POP.TOTL,2021,36954442.0
Monaco,MCO,"Population, total",SP.POP.TOTL,2021,38527.0
Moldova,MDA,"Population, total",SP.POP.TOTL,2021,2595809.0
Madagascar,MDG,"Population, total",SP.POP.TOTL,2021,29691083.0
Maldives,MDV,"Population, total",SP.POP.TOTL,2021,516154.0
Mexico,MEX,"Population, total",SP.POP.TOTL,2021,127648148.0
Marshall Islands,MHL,"Population, total",SP.POP.TOTL,2021,41367.0
North Macedonia,MKD,"Population, total",SP.POP.TOTL,2021,1837114.0
Mali,MLI,"Population, total",SP.POP.TOTL,2021,22388630.0
Malta,MLT,"Population, total",SP.POP.TOTL,2021,518150.0
Myanmar,MMR,"Population, total",SP.POP.TOTL,2021,53387102.0
Montenegro,MNE,"Population, total",SP.POP.TOTL,2021,625053.0
Mongolia,MNG,"Population, total",SP.POP.TOTL,2021,3383741.0
Northern Mariana Islands,MNP,"Population, total",SP.POP.TOTL,2021,46979.0
Mozambique,MOZ,"Population, total",SP.POP.TOTL,2021,31707800.0
Mauritania,MRT,"Population, total",SP.POP.TOTL,2021,4734874.0
Mauritius,MUS,"Population, total",SP.POP.TOTL,2021,1266334.0
Malawi,MWI,"Population, total",SP.POP.TOTL,2021,20047258.0
Malaysia,MYS,"Population, total",SP.POP.TOTL,2021,34282399.0
Namibia,NAM,"Population, total",SP.POP.TOTL,2021,2810548.0
New Caledonia,NCL,"Population, total",SP.POP.TOTL,2021,285214.0
Niger,NER,"Population, total",SP.POP.TOTL,2021,24502140.0
Nigeria,NGA,"Population, total",SP.POP.TOTL,2021,218529286.0
Nicaragua,NIC,"Population, total",SP.POP.TOTL,2021,6644741.0
Netherlands,NLD,"Population, total",SP.POP.TOTL,2021,17533044.0
Norway,NOR,"Population, total",SP.POP.TOTL,2021,5408320.0
Nepal,NPL,"Population, total",SP.POP.TOTL,2021,29475010.0
Nauru,NRU,"Population, total",SP.POP.TOTL,2021,11709.0
New Zealand,NZL,"Population, total",SP.POP.TOTL,2021,5084600.0
Oman,OMN,"Population, total",SP.POP.TOTL,2021,4500424.0
Pakistan,PAK,"Population, total",SP.POP.TOTL,2021,239477801.0
Panama,PAN,"Population, total",SP.POP.TOTL,2021,4345405.0
Peru,PER,"Population, total",SP.POP.TOTL,2021,33155882.0
Philippines,PHL,"Population, total",SP.POP.TOTL,2021,113100950.0
Palau,PLW,"Population, total",SP.POP.TOTL,2021,17783.0
Papua New Guinea,PNG,"Population, total",SP.POP.TOTL,2021,10012896.0
Poland,POL,"Population, total",SP.POP.TOTL,2021,36981559.0
Puerto Rico (US),PRI,"Population, total",SP.POP.TOTL,2021,3262731.0
"Korea, Dem. People's Rep.",PRK,"Population, total",SP.POP.TOTL,2021,26232534.0
Portugal,PRT,"Population, total",SP.POP.TOTL,2021,10361831.0
Paraguay,PRY,"Population, total",SP.POP.TOTL,2021,6684182.0
West Bank and Gaza,PSE,"Population, total",SP.POP.TOTL,2021,4922749.0
French Polynesia,PYF,"Population, total",SP.POP.TOTL,2021,279792.0
Qatar,QAT,"Population, total",SP.POP.TOTL,2021,2504910.0
Romania,ROU,"Population, total",SP.POP.TOTL,2021,19122059.0
Russian Federation,RUS,"Population, total",SP.POP.TOTL,2021,144746762.0
Rwanda,RWA,"Population, total",SP.POP.TOTL,2021,13355260.0
Saudi Arabia,SAU,"Population, total",SP.POP.TOTL,2021,30784383.0
Sudan,SDN,"Population, total",SP.POP.TOTL,2021,48066924.0
Senegal,SEN,"Population, total",SP.POP.TOTL,2021,17220867.0
Singapore,SGP,"Population, total",SP.POP.TOTL,2021,5453566.0
Solomon Islands,SLB,"Population, total",SP.POP.TOTL,2021,762591.0
Sierra Leone,SLE,"Population, total",SP.POP.TOTL,2021,8094602.0
El Salvador,SLV,"Population, total",SP.POP.TOTL,2021,6255782.0
San Marino,SMR,"Population, total",SP.POP.TOTL,2021,34252.0
"Somalia, Fed. Rep.",SOM,"Population, total",SP.POP.TOTL,2021,17271431.0
Serbia,SRB,"Population, total",SP.POP.TOTL,2021,6834326.0
South Sudan,SSD,"Population, total",SP.POP.TOTL,2021,10865780.0
Sao Tome and Principe,STP,"Population, total",SP.POP.TOTL,2021,221961.0
Suriname,SUR,"Population, total",SP.POP.TOTL,2021,617896.0
Slovak Republic,SVK,"Population, total",SP.POP.TOTL,2021,5447247.0
Slovenia,SVN,"Population, total",SP.POP.TOTL,2021,2108079.0
Sweden,SWE,"Population, total",SP.POP.TOTL,2021,10415811.0
Eswatini,SWZ,"Population, total",SP.POP.TOTL,2021,1206593.0
Sint Maarten (Dutch part),SXM,"Population, total",SP.POP.TOTL,2021,41571.0
Seychelles,SYC,"Population, total",SP.POP.TOTL,2021,99258.0
Syrian Arab Republic,SYR,"Population, total",SP.POP.TOTL,2021,21628839.0
Turks and Caicos Islands,TCA,"Population, total",SP.POP.TOTL,2021,45243.0
Chad,TCD,"Population, total",SP.POP.TOTL,2021,17828273.0
Togo,TGO,"Population, total",SP.POP.TOTL,2021,7936176.0
Thailand,THA,"Population, total",SP.POP.TOTL,2021,71727332.0
Tajikistan,TJK,"Population, total",SP.POP.TOTL,2021,9966908.0
Turkmenistan,TKM,"Population, total",SP.POP.TOTL,2021,7092043.0
Timor-Leste,TLS,"Population, total",SP.POP.TOTL,2021,1350139.0
Tonga,TON,"Population, total",SP.POP.TOTL,2021,105490.0
Trinidad and Tobago,TTO,"Population, total",SP.POP.TOTL,2021,1367558.0
Tunisia,TUN,"Population, total",SP.POP.TOTL,2021,12048622.0
Turkiye,TUR,"Population, total",SP.POP.TOTL,2021,84147318.0
Tuvalu,TUV,"Population, total",SP.POP.TOTL,2021,10194.0
Tanzania,TZA,"Population, total",SP.POP.TOTL,2021,62830412.0
Uganda,UGA,"Population, total",SP.POP.TOTL,2021,45910930.0
Ukraine,UKR,"Population, total",SP.POP.TOTL,2021,44298640.0
Uruguay,URY,"Population, total",SP.POP.TOTL,2021,3396695.0
United States,USA,"Population, total",SP.POP.TOTL,2021,332100166.0
Uzbekistan,UZB,"Population, total",SP.POP.TOTL,2021,34243696.0
St. Vincent and the Grenadines,VCT,"Population, total",SP.POP.TOTL,2021,102841.0
"Venezuela, RB",VEN,"Population, total",SP.POP.TOTL,2021,28237826.0
British Virgin Islands,VGB,"Population, total",SP.POP.TOTL,2021,37809.0
Virgin Islands (U.S.),VIR,"Population, total",SP.POP.TOTL,2021,105870.0
Viet Nam,VNM,"Population, total",SP.POP.TOTL,2021,98935098.0
Vanuatu,VUT,"Population, total",SP.POP.TOTL,2021,305868.0
Samoa,WSM,"Population, total",SP.POP.TOTL,2021,213779.0
Kosovo,XKX,"Population, total",SP.POP.TOTL,2021,1786079.0
"Yemen, Rep.",YEM,"Population, total",SP.POP.TOTL,2021,37140230.0
South Africa,ZAF,"Population, total",SP.POP.TOTL,2021,61502603.0
Zambia,ZMB,"Population, total",SP.POP.TOTL,2021,19603607.0
Zimbabwe,ZWE,"Population, total",SP.POP.TOTL,2021,15797210.0
Aruba,ABW,"Population, total",SP.POP.TOTL,2022,107310.0
Afghanistan,AFG,"Population, total",SP.POP.TOTL,2022,40578842.0
Angola,AGO,"Population, total",SP.POP.TOTL,2022,35635029.0
Albania,ALB,"Population, total",SP.POP.TOTL,2022,2451636.0
Andorra,AND,"Population, total",SP.POP.TOTL,2022,79705.0
United Arab Emirates,ARE,"Population, total",SP.POP.TOTL,2022,10074977.0
Argentina,ARG,"Population, total",SP.POP.TOTL,2022,45407904.0
Armenia,ARM,"Population, total",SP.POP.TOTL,2022,2969200.0
American Samoa,ASM,"Population, total",SP.POP.TOTL,2022,48342.0
Antigua and Barbuda,ATG,"Population, total",SP.POP.TOTL,2022,92840.0
Australia,AUS,"Population, total",SP.POP.TOTL,2022,26018721.0
Austria,AUT,"Population, total",SP.POP.TOTL,2022,9041851.0
Azerbaijan,AZE,"Population, total",SP.POP.TOTL,2022,10141756.0
Burundi,BDI,"Population, total",SP.POP.TOTL,2022,13321097.0
Belgium,BEL,"Population, total",SP.POP.TOTL,2022,11680210.0
Benin,BEN,"Population, total",SP.POP.TOTL,2022,13759501.0
Burkina Faso,BFA,"Population, total",SP.POP.TOTL,2022,22509038.0
Bangladesh,BGD,"Population, total",SP.POP.TOTL,2022,169384897.0
Bulgaria,BGR,"Population, total",SP.POP.TOTL,2022,6465097.0
Bahrain,BHR,"Population, total",SP.POP.TOTL,2022,1524693.0
"Bahamas, The",BHS,"Population, total",SP.POP.TOTL,2022,397538.0
Bosnia and Herzegovina,BIH,"Population, total",SP.POP.TOTL,2022,3204802.0
Belarus,BLR,"Population, total",SP.POP.TOTL,2022,9228071.0
Belize,BLZ,"Population, total",SP.POP.TOTL,2022,402733.0
Bermuda,BMU,"Population, total",SP.POP.TOTL,2022,64749.0
Bolivia,BOL,"Population, total",SP.POP.TOTL,2022,12077154.0
Brazil,BRA,"Population, total",SP.POP.TOTL,2022,210306415.0
Barbados,BRB,"Population, total",SP.POP.TOTL,2022,282318.0
Brunei Darussalam,BRN,"Population, total",SP.POP.TOTL,2022,455370.0
Bhutan,BTN,"Population, total",SP.POP.TOTL,2022,780914.0
Botswana,BWA,"Population, total",SP.POP.TOTL,2022,2439892.0
Central African Republic,CAF,"Population, total",SP.POP.TOTL,2022,5098039.0
Canada,CAN,"Population, total",SP.POP.TOTL,2022,38950132.0
Switzerland,CHE,"Population, total",SP.POP.TOTL,2022,8777088.0
Chile,CHL,"Population, total",SP.POP.TOTL,2022,19553036.0
China,CHN,"Population, total",SP.POP.TOTL,2022,1412175000.0
Cote d'Ivoire,CIV,"Population, total",SP.POP.TOTL,2022,30395002.0
Cameroon,CMR,"Population, total",SP.POP.TOTL,2022,27632771.0
"Congo, Dem. Rep.",COD,"Population, total",SP.POP.TOTL,2022,102396968.0
"Congo, Rep.",COG,"Population, total",SP.POP.TOTL,2022,6035104.0
Colombia,COL,"Population, total",SP.POP.TOTL,2022,51737944.0
Comoros,COM,"Population, total",SP.POP.TOTL,2022,834188.0
Cabo Verde,CPV,"Population, total",SP.POP.TOTL,2022,519741.0
Costa Rica,CRI,"Population, total",SP.POP.TOTL,2022,5081765.0
Cuba,CUB,"Population, total",SP.POP.TOTL,2022,11059820.0
Curacao,CUW,"Population, total",SP.POP.TOTL,2022,153321.0
Cayman Islands,CYM,"Population, total",SP.POP.TOTL,2022,71591.0
Cyprus,CYP,"Population, total",SP.POP.TOTL,2022,1331370.0
Czechia,CZE,"Population, total",SP.POP.TOTL,2022,10672118.0
Germany,DEU,"Population, total",SP.POP.TOTL,2022,83177813.0
Djibouti,DJI,"Population, total",SP.POP.TOTL,2022,1137096.0
Dominica,DMA,"Population, total",SP.POP.TOTL,2022,66826.0
Denmark,DNK,"Population, total",SP.POP.TOTL,2022,5903037.0
Dominican Republic,DOM,"Population, total",SP.POP.TOTL,2022,11230734.0
Algeria,DZA,"Population, total",SP.POP.TOTL,2022,45477389.0
Ecuador,ECU,"Population, total",SP.POP.TOTL,2022,17823897.0
"Egypt, Arab Rep.",EGY,"Population, total",SP.POP.TOTL,2022,112618250.0
Eritrea,ERI,"Population, total",SP.POP.TOTL,2022,3409447.0
Spain,ESP,"Population, total",SP.POP.TOTL,2022,47786102.0
Estonia,EST,"Population, total",SP.POP.TOTL,2022,1348840.0
Ethiopia,ETH,"Population, total",SP.POP.TOTL,2022,125384287.0
Finland,FIN,"Population, total",SP.POP.TOTL,2022,5556106.0
Fiji,FJI,"Population, total",SP.POP.TOTL,2022,919422.0
France,FRA,"Population, total",SP.POP.TOTL,2022,68184457.0
Faroe Islands,FRO,"Population, total",SP.POP.TOTL,2022,53903.0
"Micronesia, Fed. Sts.",FSM,"Population, total",SP.POP.TOTL,2022,112114.0
Gabon,GAB,"Population, total",SP.POP.TOTL,2022,2430747.0
United Kingdom,GBR,"Population, total",SP.POP.TOTL,2022,67636000.0
Georgia,GEO,"Population, total",SP.POP.TOTL,2022,3712502.0
Ghana,GHA,"Population, total",SP.POP.TOTL,2022,33149152.0
Gibraltar,GIB,"Population, total",SP.POP.TOTL,2022,37609.0
Guinea,GIN,"Population, total",SP.POP.TOTL,2022,14055137.0
"Gambia, The",GMB,"Population, total",SP.POP.TOTL,2022,2636470.0
Guinea-Bissau,GNB,"Population, total",SP.POP.TOTL,2022,2105529.0
Equatorial Guinea,GNQ,"Population, total",SP.POP.TOTL,2022,1803545.0
Greece,GRC,"Population, total",SP.POP.TOTL,2022,10437805.0
Grenada,GRD,"Population, total",SP.POP.TOTL,2022,116913.0
Greenland,GRL,"Population, total",SP.POP.TOTL,2022,56661.0
Guatemala,GTM,"Population, total",SP.POP.TOTL,2022,17847877.0
Guam,GUM,"Population, total",SP.POP.TOTL,2022,165180.0
Guyana,GUY,"Population, total",SP.POP.TOTL,2022,821637.0
"Hong Kong SAR, China",HKG,"Population, total",SP.POP.TOTL,2022,7346100.0
Honduras,HND,"Population, total",SP.POP.TOTL,2022,10463872.0
Croatia,HRV,"Population, total",SP.POP.TOTL,2022,3855641.0
Haiti,HTI,"Population, total",SP.POP.TOTL,2022,11503606.0
Hungary,HUN,"Population, total",SP.POP.TOTL,2022,9605074.0
Indonesia,IDN,"Population, total",SP.POP.TOTL,2022,278830529.0
Isle of Man,IMN,"Population, total",SP.POP.TOTL,2022,84132.0
India,IND,"Population, total",SP.POP.TOTL,2022,1425423212.0
Ireland,IRL,"Population, total",SP.POP.TOTL,2022,5212836.0
"Iran, Islamic Rep.",IRN,"Population, total",SP.POP.TOTL,2022,89524246.0
Iraq,IRQ,"Population, total",SP.POP.TOTL,2022,44070551.0
Iceland,ISL,"Population, total",SP.POP.TOTL,2022,382003.0
Israel,ISR,"Population, total",SP.POP.TOTL,2022,9557500.0
Italy,ITA,"Population, total",SP.POP.TOTL,2022,59013667.0
Jamaica,JAM,"Population, total",SP.POP.TOTL,2022,2839144.0
Jordan,JOR,"Population, total",SP.POP.TOTL,2022,11256263.0
Japan,JPN,"Population, total",SP.POP.TOTL,2022,125124989.0
Kazakhstan,KAZ,"Population, total",SP.POP.TOTL,2022,20034609.0
Kenya,KEN,"Population, total",SP.POP.TOTL,2022,54252461.0
Kyrgyz Republic,KGZ,"Population, total",SP.POP.TOTL,2022,6975220.0
Cambodia,KHM,"Population, total",SP.POP.TOTL,2022,17201724.0
Kiribati,KIR,"Population, total",SP.POP.TOTL,2022,130469.0
St. Kitts and Nevis,KNA,"Population, total",SP.POP.TOTL,2022,46709.0
"Korea, Rep.",KOR,"Population, total",SP.POP.TOTL,2022,51672569.0
Kuwait,KWT,"Population, total",SP.POP.TOTL,2022,4589643.0
Lao PDR,LAO,"Population, total",SP.POP.TOTL,2022,7559007.0
Lebanon,LBN,"Population, total",SP.POP.TOTL,2022,5744489.0
Liberia,LBR,"Population, total",SP.POP.TOTL,2022,5373294.0
Libya,LBY,"Population, total",SP.POP.TOTL,2022,7223805.0
St. Lucia,LCA,"Population, total",SP.POP.TOTL,2022,178781.0
Liechtenstein,LIE,"Population, total",SP.POP.TOTL,2022,39493.0
Sri Lanka,LKA,"Population, total",SP.POP.TOTL,2022,22181000.0
Lesotho,LSO,"Population, total",SP.POP.TOTL,2022,2286110.0
Lithuania,LTU,"Population, total",SP.POP.TOTL,2022,2831639.0
Luxembourg,LUX,"Population, total",SP.POP.TOTL,2022,653103.0
Latvia,LVA,"Population, total",SP.POP.TOTL,2022,1879383.0
"Macao SAR, China",MAC,"Population, total",SP.POP.TOTL,2022,677300.0
St. Martin (French part),MAF,"Population, total",SP.POP.TOTL,2022,28870.0
Morocco,MAR,"Population, total",SP.POP.TOTL,2022,37329064.0
Monaco,MCO,"Population, total",SP.POP.TOTL,2022,38931.0
Moldova,MDA,"Population, total",SP.POP.TOTL,2022,2528654.0
Madagascar,MDG,"Population, total",SP.POP.TOTL,2022,30437261.0
Maldives,MDV,"Population, total",SP.POP.TOTL,2022,524106.0
Mexico,MEX,"Population, total",SP.POP.TOTL,2022,128613117.0
Marshall Islands,MHL,"Population, total",SP.POP.TOTL,2022,40077.0
North Macedonia,MKD,"Population, total",SP.POP.TOTL,2022,1831712.0
Mali,MLI,"Population, total",SP.POP.TOTL,2022,23072640.0
Malta,MLT,"Population, total",SP.POP.TOTL,2022,531113.0
Myanmar,MMR,"Population, total",SP.POP.TOTL,2022,53756787.0
Montenegro,MNE,"Population, total",SP.POP.TOTL,2022,623591.0
Mongolia,MNG,"Population, total",SP.POP.TOTL,2022,3433748.0
Northern Mariana Islands,MNP,"Population, total",SP.POP.TOTL,2022,46078.0
Mozambique,MOZ,"Population, total",SP.POP.TOTL,2022,32656246.0
Mauritania,MRT,"Population, total",SP.POP.TOTL,2022,4875637.0
Mauritius,MUS,"Population, total",SP.POP.TOTL,2022,1262523.0
Malawi,MWI,"Population, total",SP.POP.TOTL,2022,20568728.0
Malaysia,MYS,"Population, total",SP.POP.TOTL,2022,34695493.0
Namibia,NAM,"Population, total",SP.POP.TOTL,2022,2889662.0
New Caledonia,NCL,"Population, total",SP.POP.TOTL,2022,287123.0
Niger,NER,"Population, total",SP.POP.TOTL,2022,25311973.0
Nigeria,NGA,"Population, total",SP.POP.TOTL,2022,223150896.0
Nicaragua,NIC,"Population, total",SP.POP.TOTL,2022,6730654.0
Netherlands,NLD,"Population, total",SP.POP.TOTL,2022,17700982.0
Norway,NOR,"Population, total",SP.POP.TOTL,2022,5457127.0
Nepal,NPL,"Population, total",SP.POP.TOTL,2022,29715436.0
Nauru,NRU,"Population, total",SP.POP.TOTL,2022,11801.0
New Zealand,NZL,"Population, total",SP.POP.TOTL,2022,5081700.0
Oman,OMN,"Population, total",SP.POP.TOTL,2022,4730226.0
Pakistan,PAK,"Population, total",SP.POP.TOTL,2022,243700667.0
Panama,PAN,"Population, total",SP.POP.TOTL,2022,4400773.0
Peru,PER,"Population, total",SP.POP.TOTL,2022,33475438.0
Philippines,PHL,"Population, total",SP.POP.TOTL,2022,113964338.0
Palau,PLW,"Population, total",SP.POP.TOTL,2022,17759.0
Papua New Guinea,PNG,"Population, total",SP.POP.TOTL,2022,10203169.0
Poland,POL,"Population, total",SP.POP.TOTL,2022,36821749.0
Puerto Rico (US),PRI,"Population, total",SP.POP.TOTL,2022,3220148.0
"Korea, Dem. People's Rep.",PRK,"Population, total",SP.POP.TOTL,2022,26328845.0
Portugal,PRT,"Population, total",SP.POP.TOTL,2022,10434332.0
Paraguay,PRY,"Population, total",SP.POP.TOTL,2022,6760464.0
West Bank and Gaza,PSE,"Population, total",SP.POP.TOTL,2022,5043612.0
French Polynesia,PYF,"Population, total",SP.POP.TOTL,2022,280378.0
Qatar,QAT,"Population, total",SP.POP.TOTL,2022,2657333.0
Romania,ROU,"Population, total",SP.POP.TOTL,2022,19048502.0
Russian Federation,RUS,"Population, total",SP.POP.TOTL,2022,144236933.0
Rwanda,RWA,"Population, total",SP.POP.TOTL,2022,13651030.0
Saudi Arabia,SAU,"Population, total",SP.POP.TOTL,2022,32175224.0
Sudan,SDN,"Population, total",SP.POP.TOTL,2022,49383346.0
Senegal,SEN,"Population, total",SP.POP.TOTL,2022,17651103.0
Singapore,SGP,"Population, total",SP.POP.TOTL,2022,5637022.0
Solomon Islands,SLB,"Population, total",SP.POP.TOTL,2022,781066.0
Sierra Leone,SLE,"Population, total",SP.POP.TOTL,2022,8276807.0
El Salvador,SLV,"Population, total",SP.POP.TOTL,2022,6280319.0
San Marino,SMR,"Population, total",SP.POP.TOTL,2022,33755.0
"Somalia, Fed. Rep.",SOM,"Population, total",SP.POP.TOTL,2022,17801897.0
Serbia,SRB,"Population, total",SP.POP.TOTL,2022,6664449.0
South Sudan,SSD,"Population, total",SP.POP.TOTL,2022,11021177.0
Sao Tome and Principe,STP,"Population, total",SP.POP.TOTL,2022,226305.0
Suriname,SUR,"Population, total",SP.POP.TOTL,2022,623164.0
Slovak Republic,SVK,"Population, total",SP.POP.TOTL,2022,5431752.0
Slovenia,SVN,"Population, total",SP.POP.TOTL,2022,2112076.0
Sweden,SWE,"Population, total",SP.POP.TOTL,2022,10486941.0
Eswatini,SWZ,"Population, total",SP.POP.TOTL,2022,1218917.0
Sint Maarten (Dutch part),SXM,"Population, total",SP.POP.TOTL,2022,42139.0
Seychelles,SYC,"Population, total",SP.POP.TOTL,2022,119878.0
Syrian Arab Republic,SYR,"Population, total",SP.POP.TOTL,2022,22462173.0
Turks and Caicos Islands,TCA,"Population, total",SP.POP.TOTL,2022,45847.0
Chad,TCD,"Population, total",SP.POP.TOTL,2022,18455316.0
Togo,TGO,"Population, total",SP.POP.TOTL,2022,8068616.0
Thailand,THA,"Population, total",SP.POP.TOTL,2022,71735329.0
Tajikistan,TJK,"Population, total",SP.POP.TOTL,2022,10182222.0
Turkmenistan,TKM,"Population, total",SP.POP.TOTL,2022,7230193.0
Timor-Leste,TLS,"Population, total",SP.POP.TOTL,2022,1369295.0
Tonga,TON,"Population, total",SP.POP.TOTL,2022,105042.0
Trinidad and Tobago,TTO,"Population, total",SP.POP.TOTL,2022,1365805.0
Tunisia,TUN,"Population, total",SP.POP.TOTL,2022,12119334.0
Turkiye,TUR,"Population, total",SP.POP.TOTL,2022,84979913.0
Tuvalu,TUV,"Population, total",SP.POP.TOTL,2022,9992.0
Tanzania,TZA,"Population, total",SP.POP.TOTL,2022,64711821.0
Uganda,UGA,"Population, total",SP.POP.TOTL,2022,47312719.0
Ukraine,UKR,"Population, total",SP.POP.TOTL,2022,41048766.0
Uruguay,URY,"Population, total",SP.POP.TOTL,2022,3390913.0
United States,USA,"Population, total",SP.POP.TOTL,2022,333996304.0
Uzbekistan,UZB,"Population, total",SP.POP.TOTL,2022,34938955.0
St. Vincent and the Grenadines,VCT,"Population, total",SP.POP.TOTL,2022,102046.0
"Venezuela, RB",VEN,"Population, total",SP.POP.TOTL,2022,28213017.0
British Virgin Islands,VGB,"Population, total",SP.POP.TOTL,2022,38319.0
Virgin Islands (U.S.),VIR,"Population, total",SP.POP.TOTL,2022,105413.0
Viet Nam,VNM,"Population, total",SP.POP.TOTL,2022,99680655.0
Vanuatu,VUT,"Population, total",SP.POP.TOTL,2022,313046.0
Samoa,WSM,"Population, total",SP.POP.TOTL,2022,215261.0
Kosovo,XKX,"Population, total",SP.POP.TOTL,2022,1768096.0
"Yemen, Rep.",YEM,"Population, total",SP.POP.TOTL,2022,38222876.0
South Africa,ZAF,"Population, total",SP.POP.TOTL,2022,62378410.0
Zambia,ZMB,"Population, total",SP.POP.TOTL,2022,20152938.0
Zimbabwe,ZWE,"Population, total",SP.POP.TOTL,2022,16069056.0
Aruba,ABW,"Population, total",SP.POP.TOTL,2023,107359.0
Afghanistan,AFG,"Population, total",SP.POP.TOTL,2023,41454761.0
Angola,AGO,"Population, total",SP.POP.TOTL,2023,36749906.0
Albania,ALB,"Population, total",SP.POP.TOTL,2023,2411658.0
Andorra,AND,"Population, total",SP.POP.TOTL,2023,80856.0
United Arab Emirates,ARE,"Population, total",SP.POP.TOTL,2023,10483751.0
Argentina,ARG,"Population, total",SP.POP.TOTL,2023,45538401.0
Armenia,ARM,"Population, total",SP.POP.TOTL,2023,2964300.0
American Samoa,ASM,"Population, total",SP.POP.TOTL,2023,47521.0
Antigua and Barbuda,ATG,"Population, total",SP.POP.TOTL,2023,93316.0
Australia,AUS,"Population, total",SP.POP.TOTL,2023,26659922.0
Austria,AUT,"Population, total",SP.POP.TOTL,2023,9131761.0
Azerbaijan,AZE,"Population, total",SP.POP.TOTL,2023,10153958.0
Burundi,BDI,"Population, total",SP.POP.TOTL,2023,13689450.0
Belgium,BEL,"Population, total",SP.POP.TOTL,2023,11779946.0
Benin,BEN,"Population, total",SP.POP.TOTL,2023,14111034.0
Burkina Faso,BFA,"Population, total",SP.POP.TOTL,2023,23025776.0
Bangladesh,BGD,"Population, total",SP.POP.TOTL,2023,171466990.0
Bulgaria,BGR,"Population, total",SP.POP.TOTL,2023,6446596.0
Bahrain,BHR,"Population, total",SP.POP.TOTL,2023,1577059.0
"Bahamas, The",BHS,"Population, total",SP.POP.TOTL,2023,399440.0
Bosnia and Herzegovina,BIH,"Population, total",SP.POP.TOTL,2023,3185073.0
Belarus,BLR,"Population, total",SP.POP.TOTL,2023,9178298.0
Belize,BLZ,"Population, total",SP.POP.TOTL,2023,411106.0
Bermuda,BMU,"Population, total",SP.POP.TOTL,2023,64698.0
Bolivia,BOL,"Population, total",SP.POP.TOTL,2023,12244159.0
Brazil,BRA,"Population, total",SP.POP.TOTL,2023,211140729.0
Barbados,BRB,"Population, total",SP.POP.TOTL,2023,282336.0
Brunei Darussalam,BRN,"Population, total",SP.POP.TOTL,2023,458949.0
Bhutan,BTN,"Population, total",SP.POP.TOTL,2023,786385.0
Botswana,BWA,"Population, total",SP.POP.TOTL,2023,2480244.0
Central African Republic,CAF,"Population, total",SP.POP.TOTL,2023,5152421.0
Canada,CAN,"Population, total",SP.POP.TOTL,2023,40049088.0
Switzerland,CHE,"Population, total",SP.POP.TOTL,2023,8888822.0
Chile,CHL,"Population, total",SP.POP.TOTL,2023,19658835.0
China,CHN,"Population, total",SP.POP.TOTL,2023,1410710000.0
Cote d'Ivoire,CIV,"Population, total",SP.POP.TOTL,2023,31165654.0
Cameroon,CMR,"Population, total",SP.POP.TOTL,2023,28372687.0
"Congo, Dem. Rep.",COD,"Population, total",SP.POP.TOTL,2023,105789731.0
"Congo, Rep.",COG,"Population, total",SP.POP.TOTL,2023,6182885.0
Colombia,COL,"Population, total",SP.POP.TOTL,2023,52321152.0
Comoros,COM,"Population, total",SP.POP.TOTL,2023,850387.0
Cabo Verde,CPV,"Population, total",SP.POP.TOTL,2023,522331.0
Costa Rica,CRI,"Population, total",SP.POP.TOTL,2023,5105525.0
Cuba,CUB,"Population, total",SP.POP.TOTL,2023,11019931.0
Curacao,CUW,"Population, total",SP.POP.TOTL,2023,154654.0
Cayman Islands,CYM,"Population, total",SP.POP.TOTL,2023,73038.0
Cyprus,CYP,"Population, total",SP.POP.TOTL,2023,1344976.0
Czechia,CZE,"Population, total",SP.POP.TOTL,2023,10864042.0
Germany,DEU,"Population, total",SP.POP.TOTL,2023,83287273.0
Djibouti,DJI,"Population, total",SP.POP.TOTL,2023,1152944.0
Dominica,DMA,"Population, total",SP.POP.TOTL,2023,66510.0
Denmark,DNK,"Population, total",SP.POP.TOTL,2023,5946952.0
Dominican Republic,DOM,"Population, total",SP.POP.TOTL,2023,11331265.0
Algeria,DZA,"Population, total",SP.POP.TOTL,2023,46164219.0
Ecuador,ECU,"Population, total",SP.POP.TOTL,2023,17980083.0
"Egypt, Arab Rep.",EGY,"Population, total",SP.POP.TOTL,2023,114535772.0
Eritrea,ERI,"Population, total",SP.POP.TOTL,2023,3470390.0
Spain,ESP,"Population, total",SP.POP.TOTL,2023,48352528.0
Estonia,EST,"Population, total",SP.POP.TOTL,2023,1370286.0
Ethiopia,ETH,"Population, total",SP.POP.TOTL,2023,128691692.0
Finland,FIN,"Population, total",SP.POP.TOTL,2023,5583911.0
Fiji,FJI,"Population, total",SP.POP.TOTL,2023,924145.0
France,FRA,"Population, total",SP.POP.TOTL,2023,68372286.0
Faroe Islands,FRO,"Population, total",SP.POP.TOTL,2023,54398.0
"Micronesia, Fed. Sts.",FSM,"Population, total",SP.POP.TOTL,2023,112630.0
Gabon,GAB,"Population, total",SP.POP.TOTL,2023,2484789.0
United Kingdom,GBR,"Population, total",SP.POP.TOTL,2023,68526000.0
Georgia,GEO,"Population, total",SP.POP.TOTL,2023,3715483.0
Ghana,GHA,"Population, total",SP.POP.TOTL,2023,33787914.0
Gibraltar,GIB,"Population, total",SP.POP.TOTL,2023,38471.0
Guinea,GIN,"Population, total",SP.POP.TOTL,2023,14405468.0
"Gambia, The",GMB,"Population, total",SP.POP.TOTL,2023,2697845.0
Guinea-Bissau,GNB,"Population, total",SP.POP.TOTL,2023,2153339.0
Equatorial Guinea,GNQ,"Population, total",SP.POP.TOTL,2023,1847549.0
Greece,GRC,"Population, total",SP.POP.TOTL,2023,10407351.0
Grenada,GRD,"Population, total",SP.POP.TOTL,2023,117081.0
Greenland,GRL,"Population, total",SP.POP.TOTL,2023,56865.0
Guatemala,GTM,"Population, total",SP.POP.TOTL,2023,18124838.0
Guam,GUM,"Population, total",SP.POP.TOTL,2023,166506.0
Guyana,GUY,"Population, total",SP.POP.TOTL,2023,826353.0
"Hong Kong SAR, China",HKG,"Population, total",SP.POP.TOTL,2023,7536100.0
Honduras,HND,"Population, total",SP.POP.TOTL,2023,10644851.0
Croatia,HRV,"Population, total",SP.POP.TOTL,2023,3859686.0
Haiti,HTI,"Population, total",SP.POP.TOTL,2023,11637398.0
Hungary,HUN,"Population, total",SP.POP.TOTL,2023,9592186.0
Indonesia,IDN,"Population, total",SP.POP.TOTL,2023,281190067.0
Isle of Man,IMN,"Population, total",SP.POP.TOTL,2023,84165.0
India,IND,"Population, total",SP.POP.TOTL,2023,1438069596.0
Ireland,IRL,"Population, total",SP.POP.TOTL,2023,5311538.0
"Iran, Islamic Rep.",IRN,"Population, total",SP.POP.TOTL,2023,90608707.0
Iraq,IRQ,"Population, total",SP.POP.TOTL,2023,45074049.0
Iceland,ISL,"Population, total",SP.POP.TOTL,2023,385663.0
Israel,ISR,"Population, total",SP.POP.TOTL,2023,9849000.0
Italy,ITA,"Population, total",SP.POP.TOTL,2023,58984216.0
Jamaica,JAM,"Population, total",SP.POP.TOTL,2023,2839786.0
Jordan,JOR,"Population, total",SP.POP.TOTL,2023,11439213.0
Japan,JPN,"Population, total",SP.POP.TOTL,2023,124516650.0
Kazakhstan,KAZ,"Population, total",SP.POP.TOTL,2023,20330104.0
Kenya,KEN,"Population, total",SP.POP.TOTL,2023,55339003.0
Kyrgyz Republic,KGZ,"Population, total",SP.POP.TOTL,2023,7099750.0
Cambodia,KHM,"Population, total",SP.POP.TOTL,2023,17423880.0
Kiribati,KIR,"Population, total",SP.POP.TOTL,2023,132530.0
St. Kitts and Nevis,KNA,"Population, total",SP.POP.TOTL,2023,46758.0
"Korea, Rep.",KOR,"Population, total",SP.POP.TOTL,2023,51712619.0
Kuwait,KWT,"Population, total",SP.POP.TOTL,2023,4853420.0
Lao PDR,LAO,"Population, total",SP.POP.TOTL,2023,7664993.0
Lebanon,LBN,"Population, total",SP.POP.TOTL,2023,5773493.0
Liberia,LBR,"Population, total",SP.POP.TOTL,2023,5493031.0
Libya,LBY,"Population, total",SP.POP.TOTL,2023,7305659.0
St. Lucia,LCA,"Population, total",SP.POP.TOTL,2023,179285.0
Liechtenstein,LIE,"Population, total",SP.POP.TOTL,2023,39846.0
Sri Lanka,LKA,"Population, total",SP.POP.TOTL,2023,22037000.0
Lesotho,LSO,"Population, total",SP.POP.TOTL,2023,2311472.0
Lithuania,LTU,"Population, total",SP.POP.TOTL,2023,2871585.0
Luxembourg,LUX,"Population, total",SP.POP.TOTL,2023,666430.0
Latvia,LVA,"Population, total",SP.POP.TOTL,2023,1883710.0
"Macao SAR, China",MAC,"Population, total",SP.POP.TOTL,2023,678800.0
St. Martin (French part),MAF,"Population, total",SP.POP.TOTL,2023,27515.0
Morocco,MAR,"Population, total",SP.POP.TOTL,2023,37712505.0
Monaco,MCO,"Population, total",SP.POP.TOTL,2023,38956.0
Moldova,MDA,"Population, total",SP.POP.TOTL,2023,2457783.0
Madagascar,MDG,"Population, total",SP.POP.TOTL,2023,31195932.0
Maldives,MDV,"Population, total",SP.POP.TOTL,2023,525994.0
Mexico,MEX,"Population, total",SP.POP.TOTL,2023,129739759.0
Marshall Islands,MHL,"Population, total",SP.POP.TOTL,2023,38827.0
North Macedonia,MKD,"Population, total",SP.POP.TOTL,2023,1827816.0
Mali,MLI,"Population, total",SP.POP.TOTL,2023,23769127.0
Malta,MLT,"Population, total",SP.POP.TOTL,2023,552747.0
Myanmar,MMR,"Population, total",SP.POP.TOTL,2023,54133798.0
Montenegro,MNE,"Population, total",SP.POP.TOTL,2023,623529.0
Mongolia,MNG,"Population, total",SP.POP.TOTL,2023,3481145.0
Northern Mariana Islands,MNP,"Population, total",SP.POP.TOTL,2023,45143.0
Mozambique,MOZ,"Population, total",SP.POP.TOTL,2023,33635160.0
Mauritania,MRT,"Population, total",SP.POP.TOTL,2023,5022441.0
Mauritius,MUS,"Population, total",SP.POP.TOTL,2023,1248647.0
Malawi,MWI,"Population, total",SP.POP.TOTL,2023,21104482.0
Malaysia,MYS,"Population, total",SP.POP.TOTL,2023,35126298.0
Namibia,NAM,"Population, total",SP.POP.TOTL,2023,2963095.0
New Caledonia,NCL,"Population, total",SP.POP.TOTL,2023,289870.0
Niger,NER,"Population, total",SP.POP.TOTL,2023,26159867.0
Nigeria,NGA,"Population, total",SP.POP.TOTL,2023,227882945.0
Nicaragua,NIC,"Population, total",SP.POP.TOTL,2023,6823613.0
Netherlands,NLD,"Population, total",SP.POP.TOTL,2023,17877117.0
Norway,NOR,"Population, total",SP.POP.TOTL,2023,5519601.0
Nepal,NPL,"Population, total",SP.POP.TOTL,2023,29694614.0
Nauru,NRU,"Population, total",SP.POP.TOTL,2023,11875.0
New Zealand,NZL,"Population, total",SP.POP.TOTL,2023,5200000.0
Oman,OMN,"Population, total",SP.POP.TOTL,2023,5049269.0
Pakistan,PAK,"Population, total",SP.POP.TOTL,2023,247504495.0
Panama,PAN,"Population, total",SP.POP.TOTL,2023,4458759.0
Peru,PER,"Population, total",SP.POP.TOTL,2023,33845617.0
Philippines,PHL,"Population, total",SP.POP.TOTL,2023,114891199.0
Palau,PLW,"Population, total",SP.POP.TOTL,2023,17727.0
Papua New Guinea,PNG,"Population, total",SP.POP.TOTL,2023,10389635.0
Poland,POL,"Population, total",SP.POP.TOTL,2023,36687353.0
Puerto Rico (US),PRI,"Population, total",SP.POP.TOTL,2023,3203794.0
"Korea, Dem. People's Rep.",PRK,"Population, total",SP.POP.TOTL,2023,26418204.0
Portugal,PRT,"Population, total",SP.POP.TOTL,2023,10578174.0
Paraguay,PRY,"Population, total",SP.POP.TOTL,2023,6844146.0
West Bank and Gaza,PSE,"Population, total",SP.POP.TOTL,2023,5165775.0
French Polynesia,PYF,"Population, total",SP.POP.TOTL,2023,281118.0
Qatar,QAT,"Population, total",SP.POP.TOTL,2023,2656032.0
Romania,ROU,"Population, total",SP.POP.TOTL,2023,19061062.0
Russian Federation,RUS,"Population, total",SP.POP.TOTL,2023,143826130.0
Rwanda,RWA,"Population, total",SP.POP.TOTL,2023,13954471.0
Saudi Arabia,SAU,"Population, total",SP.POP.TOTL,2023,33702731.0
Sudan,SDN,"Population, total",SP.POP.TOTL,2023,50042791.0
Senegal,SEN,"Population, total",SP.POP.TOTL,2023,18077573.0
Singapore,SGP,"Population, total",SP.POP.TOTL,2023,5917648.0
Solomon Islands,SLB,"Population, total",SP.POP.TOTL,2023,800005.0
Sierra Leone,SLE,"Population, total",SP.POP.TOTL,2023,8460512.0
El Salvador,SLV,"Population, total",SP.POP.TOTL,2023,6309624.0
San Marino,SMR,"Population, total",SP.POP.TOTL,2023,33860.0
"Somalia, Fed. Rep.",SOM,"Population, total",SP.POP.TOTL,2023,18358615.0
Serbia,SRB,"Population, total",SP.POP.TOTL,2023,6623183.0
South Sudan,SSD,"Population, total",SP.POP.TOTL,2023,11483374.0
Sao Tome and Principe,STP,"Population, total",SP.POP.TOTL,2023,230871.0
Suriname,SUR,"Population, total",SP.POP.TOTL,2023,628886.0
Slovak Republic,SVK,"Population, total",SP.POP.TOTL,2023,5426740.0
Slovenia,SVN,"Population, total",SP.POP.TOTL,2023,2120461.0
Sweden,SWE,"Population, total",SP.POP.TOTL,2023,10536632.0
Eswatini,SWZ,"Population, total",SP.POP.TOTL,2023,1230506.0
Sint Maarten (Dutch part),SXM,"Population, total",SP.POP.TOTL,2023,42749.0
Seychelles,SYC,"Population, total",SP.POP.TOTL,2023,119773.0
Syrian Arab Republic,SYR,"Population, total",SP.POP.TOTL,2023,23594623.0
Turks and Caicos Islands,TCA,"Population, total",SP.POP.TOTL,2023,46198.0
Chad,TCD,"Population, total",SP.POP.TOTL,2023,19319064.0
Togo,TGO,"Population, total",SP.POP.TOTL,2023,8223850.0
Thailand,THA,"Population, total",SP.POP.TOTL,2023,71702435.0
Tajikistan,TJK,"Population, total",SP.POP.TOTL,2023,10389799.0
Turkmenistan,TKM,"Population, total",SP.POP.TOTL,2023,7364438.0
Timor-Leste,TLS,"Population, total",SP.POP.TOTL,2023,1384286.0
Tonga,TON,"Population, total",SP.POP.TOTL,2023,104597.0
Trinidad and Tobago,TTO,"Population, total",SP.POP.TOTL,2023,1367510.0
Tunisia,TUN,"Population, total",SP.POP.TOTL,2023,12200431.0
Turkiye,TUR,"Population, total",SP.POP.TOTL,2023,85325965.0
Tuvalu,TUV,"Population, total",SP.POP.TOTL,2023,9816.0
Tanzania,TZA,"Population, total",SP.POP.TOTL,2023,66617606.0
Uganda,UGA,"Population, total",SP.POP.TOTL,2023,48656601.0
Ukraine,UKR,"Population, total",SP.POP.TOTL,2023,37732836.0
Uruguay,URY,"Population, total",SP.POP.TOTL,2023,3388081.0
United States,USA,"Population, total",SP.POP.TOTL,2023,336755052.0
Uzbekistan,UZB,"Population, total",SP.POP.TOTL,2023,35652307.0
St. Vincent and the Grenadines,VCT,"Population, total",SP.POP.TOTL,2023,101323.0
"Venezuela, RB",VEN,"Population, total",SP.POP.TOTL,2023,28300854.0
British Virgin Islands,VGB,"Population, total",SP.POP.TOTL,2023,38985.0
Virgin Islands (U.S.),VIR,"Population, total",SP.POP.TOTL,2023,104917.0
Viet Nam,VNM,"Population, total",SP.POP.TOTL,2023,100352192.0
Vanuatu,VUT,"Population, total",SP.POP.TOTL,2023,320409.0
Samoa,WSM,"Population, total",SP.POP.TOTL,2023,216663.0
Kosovo,XKX,"Population, total",SP.POP.TOTL,2023,1682668.0
"Yemen, Rep.",YEM,"Population, total",SP.POP.TOTL,2023,39390799.0
South Africa,ZAF,"Population, total",SP.POP.TOTL,2023,63212384.0
Zambia,ZMB,"Population, total",SP.POP.TOTL,2023,20723965.0
Zimbabwe,ZWE,"Population, total",SP.POP.TOTL,2023,16340822.0
Aruba,ABW,"Population, total",SP.POP.TOTL,2024,107995.0
Afghanistan,AFG,"Population, total",SP.POP.TOTL,2024,42647492.0
Angola,AGO,"Population, total",SP.POP.TOTL,2024,37885849.0
Albania,ALB,"Population, total",SP.POP.TOTL,2024,2377128.0
Andorra,AND,"Population, total",SP.POP.TOTL,2024,81938.0
United Arab Emirates,ARE,"Population, total",SP.POP.TOTL,2024,10986400.0
Argentina,ARG,"Population, total",SP.POP.TOTL,2024,45696159.0
Armenia,ARM,"Population, total",SP.POP.TOTL,2024,3033500.0
American Samoa,ASM,"Population, total",SP.POP.TOTL,2024,46765.0
Antigua and Barbuda,ATG,"Population, total",SP.POP.TOTL,2024,93772.0
Australia,AUS,"Population, total",SP.POP.TOTL,2024,27194286.0
Austria,AUT,"Population, total",SP.POP.TOTL,2024,9177982.0
Azerbaijan,AZE,"Population, total",SP.POP.TOTL,2024,10202830.0
Burundi,BDI,"Population, total",SP.POP.TOTL,2024,14047786.0
Belgium,BEL,"Population, total",SP.POP.TOTL,2024,11858610.0
Benin,BEN,"Population, total",SP.POP.TOTL,2024,14462724.0
Burkina Faso,BFA,"Population, total",SP.POP.TOTL,2024,23548781.0
Bangladesh,BGD,"Population, total",SP.POP.TOTL,2024,173562364.0
Bulgaria,BGR,"Population, total",SP.POP.TOTL,2024,6441421.0
Bahrain,BHR,"Population, total",SP.POP.TOTL,2024,1588670.0
"Bahamas, The",BHS,"Population, total",SP.POP.TOTL,2024,401283.0
Bosnia and Herzegovina,BIH,"Population, total",SP.POP.TOTL,2024,3164253.0
Belarus,BLR,"Population, total",SP.POP.TOTL,2024,9132629.0
Belize,BLZ,"Population, total",SP.POP.TOTL,2024,417072.0
Bermuda,BMU,"Population, total",SP.POP.TOTL,2024,64636.0
Bolivia,BOL,"Population, total",SP.POP.TOTL,2024,12413315.0
Brazil,BRA,"Population, total",SP.POP.TOTL,2024,211998573.0
Barbados,BRB,"Population, total",SP.POP.TOTL,2024,282467.0
Brunei Darussalam,BRN,"Population, total",SP.POP.TOTL,2024,462721.0
Bhutan,BTN,"Population, total",SP.POP.TOTL,2024,791524.0
Botswana,BWA,"Population, total",SP.POP.TOTL,2024,2521139.0
Central African Republic,CAF,"Population, total",SP.POP.TOTL,2024,5330690.0
Canada,CAN,"Population, total",SP.POP.TOTL,2024,41262329.0
Switzerland,CHE,"Population, total",SP.POP.TOTL,2024,9005582.0
Chile,CHL,"Population, total",SP.POP.TOTL,2024,19764771.0
China,CHN,"Population, total",SP.POP.TOTL,2024,1408975000.0
Cote d'Ivoire,CIV,"Population, total",SP.POP.TOTL,2024,31934230.0
Cameroon,CMR,"Population, total",SP.POP.TOTL,2024,29123744.0
"Congo, Dem. Rep.",COD,"Population, total",SP.POP.TOTL,2024,109276265.0
"Congo, Rep.",COG,"Population, total",SP.POP.TOTL,2024,6332961.0
Colombia,COL,"Population, total",SP.POP.TOTL,2024,52886363.0
Comoros,COM,"Population, total",SP.POP.TOTL,2024,866628.0
Cabo Verde,CPV,"Population, total",SP.POP.TOTL,2024,524877.0
Costa Rica,CRI,"Population, total",SP.POP.TOTL,2024,5129910.0
Cuba,CUB,"Population, total",SP.POP.TOTL,2024,10979783.0
Curacao,CUW,"Population, total",SP.POP.TOTL,2024,155967.0
Cayman Islands,CYM,"Population, total",SP.POP.TOTL,2024,74457.0
Cyprus,CYP,"Population, total",SP.POP.TOTL,2024,1358282.0
Czechia,CZE,"Population, total",SP.POP.TOTL,2024,10905028.0
Germany,DEU,"Population, total",SP.POP.TOTL,2024,83516593.0
Djibouti,DJI,"Population, total",SP.POP.TOTL,2024,1168722.0
Dominica,DMA,"Population, total",SP.POP.TOTL,2024,66205.0
Denmark,DNK,"Population, total",SP.POP.TOTL,2024,5976992.0
Dominican Republic,DOM,"Population, total",SP.POP.TOTL,2024,11427557.0
Algeria,DZA,"Population, total",SP.POP.TOTL,2024,46814308.0
Ecuador,ECU,"Population, total",SP.POP.TOTL,2024,18135478.0
"Egypt, Arab Rep.",EGY,"Population, total",SP.POP.TOTL,2024,116538258.0
Eritrea,ERI,"Population, total",SP.POP.TOTL,2024,3535603.0
Spain,ESP,"Population, total",SP.POP.TOTL,2024,48848840.0
Estonia,EST,"Population, total",SP.POP.TOTL,2024,1372341.0
Ethiopia,ETH,"Population, total",SP.POP.TOTL,2024,132059767.0
Finland,FIN,"Population, total",SP.POP.TOTL,2024,5619911.0
Fiji,FJI,"Population, total",SP.POP.TOTL,2024,928784.0
France,FRA,"Population, total",SP.POP.TOTL,2024,68551653.0
Faroe Islands,FRO,"Population, total",SP.POP.TOTL,2024,54640.0
"Micronesia, Fed. Sts.",FSM,"Population, total",SP.POP.TOTL,2024,113160.0
Gabon,GAB,"Population, total",SP.POP.TOTL,2024,2538952.0
United Kingdom,GBR,"Population, total",SP.POP.TOTL,2024,69281000.0
Georgia,GEO,"Population, total",SP.POP.TOTL,2024,3812518.0
Ghana,GHA,"Population, total",SP.POP.TOTL,2024,34427414.0
Gibraltar,GIB,"Population, total",SP.POP.TOTL,2024,39329.0
Guinea,GIN,"Population, total",SP.POP.TOTL,2024,14754785.0
"Gambia, The",GMB,"Population, total",SP.POP.TOTL,2024,2759988.0
Guinea-Bissau,GNB,"Population, total",SP.POP.TOTL,2024,2201352.0
Equatorial Guinea,GNQ,"Population, total",SP.POP.TOTL,2024,1892516.0
Greece,GRC,"Population, total",SP.POP.TOTL,2024,10405134.0
Grenada,GRD,"Population, total",SP.POP.TOTL,2024,117207.0
Greenland,GRL,"Population, total",SP.POP.TOTL,2024,56836.0
Guatemala,GTM,"Population, total",SP.POP.TOTL,2024,18406359.0
Guam,GUM,"Population, total",SP.POP.TOTL,2024,167777.0
Guyana,GUY,"Population, total",SP.POP.TOTL,2024,831087.0
"Hong Kong SAR, China",HKG,"Population, total",SP.POP.TOTL,2024,7524100.0
Honduras,HND,"Population, total",SP.POP.TOTL,2024,10825703.0
Croatia,HRV,"Population, total",SP.POP.TOTL,2024,3866200.0
Haiti,HTI,"Population, total",SP.POP.TOTL,2024,11772557.0
Hungary,HUN,"Population, total",SP.POP.TOTL,2024,9562065.0
Indonesia,IDN,"Population, total",SP.POP.TOTL,2024,283487931.0
Isle of Man,IMN,"Population, total",SP.POP.TOTL,2024,84160.0
India,IND,"Population, total",SP.POP.TOTL,2024,1450935791.0
Ireland,IRL,"Population, total",SP.POP.TOTL,2024,5395790.0
"Iran, Islamic Rep.",IRN,"Population, total",SP.POP.TOTL,2024,91567738.0
Iraq,IRQ,"Population, total",SP.POP.TOTL,2024,46042015.0
Iceland,ISL,"Population, total",SP.POP.TOTL,2024,386506.0
Israel,ISR,"Population, total",SP.POP.TOTL,2024,10002200.0
Italy,ITA,"Population, total",SP.POP.TOTL,2024,58952704.0
Jamaica,JAM,"Population, total",SP.POP.TOTL,2024,2839175.0
Jordan,JOR,"Population, total",SP.POP.TOTL,2024,11552876.0
Japan,JPN,"Population, total",SP.POP.TOTL,2024,123975371.0
Kazakhstan,KAZ,"Population, total",SP.POP.TOTL,2024,20592571.0
Kenya,KEN,"Population, total",SP.POP.TOTL,2024,56432944.0
Kyrgyz Republic,KGZ,"Population, total",SP.POP.TOTL,2024,7221868.0
Cambodia,KHM,"Population, total",SP.POP.TOTL,2024,17638801.0
Kiribati,KIR,"Population, total",SP.POP.TOTL,2024,134518.0
St. Kitts and Nevis,KNA,"Population, total",SP.POP.TOTL,2024,46843.0
"Korea, Rep.",KOR,"Population, total",SP.POP.TOTL,2024,51751065.0
Kuwait,KWT,"Population, total",SP.POP.TOTL,2024,4897263.0
Lao PDR,LAO,"Population, total",SP.POP.TOTL,2024,7769819.0
Lebanon,LBN,"Population, total",SP.POP.TOTL,2024,5805962.0
Liberia,LBR,"Population, total",SP.POP.TOTL,2024,5612817.0
Libya,LBY,"Population, total",SP.POP.TOTL,2024,7381023.0
St. Lucia,LCA,"Population, total",SP.POP.TOTL,2024,179744.0
Liechtenstein,LIE,"Population, total",SP.POP.TOTL,2024,40450.0
Sri Lanka,LKA,"Population, total",SP.POP.TOTL,2024,21916000.0
Lesotho,LSO,"Population, total",SP.POP.TOTL,2024,2337423.0
Lithuania,LTU,"Population, total",SP.POP.TOTL,2024,2888278.0
Luxembourg,LUX,"Population, total",SP.POP.TOTL,2024,677012.0
Latvia,LVA,"Population, total",SP.POP.TOTL,2024,1866124.0
"Macao SAR, China",MAC,"Population, total",SP.POP.TOTL,2024,687000.0
St. Martin (French part),MAF,"Population, total",SP.POP.TOTL,2024,26129.0
Morocco,MAR,"Population, total",SP.POP.TOTL,2024,38081173.0
Monaco,MCO,"Population, total",SP.POP.TOTL,2024,38631.0
Moldova,MDA,"Population, total",SP.POP.TOTL,2024,2402306.0
Madagascar,MDG,"Population, total",SP.POP.TOTL,2024,31964956.0
Maldives,MDV,"Population, total",SP.POP.TOTL,2024,527799.0
Mexico,MEX,"Population, total",SP.POP.TOTL,2024,130861007.0
Marshall Islands,MHL,"Population, total",SP.POP.TOTL,2024,37548.0
North Macedonia,MKD,"Population, total",SP.POP.TOTL,2024,1824359.0
Mali,MLI,"Population, total",SP.POP.TOTL,2024,24478595.0
Malta,MLT,"Population, total",SP.POP.TOTL,2024,568847.0
Myanmar,MMR,"Population, total",SP.POP.TOTL,2024,54500091.0
Montenegro,MNE,"Population, total",SP.POP.TOTL,2024,623525.0
Mongolia,MNG,"Population, total",SP.POP.TOTL,2024,3524788.0
Northern Mariana Islands,MNP,"Population, total",SP.POP.TOTL,2024,44278.0
Mozambique,MOZ,"Population, total",SP.POP.TOTL,2024,34631766.0
Mauritania,MRT,"Population, total",SP.POP.TOTL,2024,5169395.0
Mauritius,MUS,"Population, total",SP.POP.TOTL,2024,1245779.0
Malawi,MWI,"Population, total",SP.POP.TOTL,2024,21655286.0
Malaysia,MYS,"Population, total",SP.POP.TOTL,2024,35557673.0
Namibia,NAM,"Population, total",SP.POP.TOTL,2024,3030131.0
New Caledonia,NCL,"Population, total",SP.POP.TOTL,2024,292639.0
Niger,NER,"Population, total",SP.POP.TOTL,2024,27032412.0
Nigeria,NGA,"Population, total",SP.POP.TOTL,2024,232679478.0
Nicaragua,NIC,"Population, total",SP.POP.TOTL,2024,6916140.0
Netherlands,NLD,"Population, total",SP.POP.TOTL,2024,17993485.0
Norway,NOR,"Population, total",SP.POP.TOTL,2024,5572279.0
Nepal,NPL,"Population, total",SP.POP.TOTL,2024,29651054.0
Nauru,NRU,"Population, total",SP.POP.TOTL,2024,11947.0
New Zealand,NZL,"Population, total",SP.POP.TOTL,2024,5290000.0
Oman,OMN,"Population, total",SP.POP.TOTL,2024,5281538.0
Pakistan,PAK,"Population, total",SP.POP.TOTL,2024,251269164.0
Panama,PAN,"Population, total",SP.POP.TOTL,2024,4515577.0
Peru,PER,"Population, total",SP.POP.TOTL,2024,34217848.0
Philippines,PHL,"Population, total",SP.POP.TOTL,2024,115843670.0
Palau,PLW,"Population, total",SP.POP.TOTL,2024,17695.0
Papua New Guinea,PNG,"Population, total",SP.POP.TOTL,2024,10576502.0
Poland,POL,"Population, total",SP.POP.TOTL,2024,36559233.0
Puerto Rico (US),PRI,"Population, total",SP.POP.TOTL,2024,3202521.0
"Korea, Dem. People's Rep.",PRK,"Population, total",SP.POP.TOTL,2024,26498823.0
Portugal,PRT,"Population, total",SP.POP.TOTL,2024,10694681.0
Paraguay,PRY,"Population, total",SP.POP.TOTL,2024,6929153.0
West Bank and Gaza,PSE,"Population, total",SP.POP.TOTL,2024,5289152.0
French Polynesia,PYF,"Population, total",SP.POP.TOTL,2024,281807.0
Qatar,QAT,"Population, total",SP.POP.TOTL,2024,2857822.0
Romania,ROU,"Population, total",SP.POP.TOTL,2024,19051804.0
Russian Federation,RUS,"Population, total",SP.POP.TOTL,2024,143669648.0
Rwanda,RWA,"Population, total",SP.POP.TOTL,2024,14256567.0
Saudi Arabia,SAU,"Population, total",SP.POP.TOTL,2024,35300280.0
Sudan,SDN,"Population, total",SP.POP.TOTL,2024,50448963.0
Senegal,SEN,"Population, total",SP.POP.TOTL,2024,18501984.0
Singapore,SGP,"Population, total",SP.POP.TOTL,2024,6036860.0
Solomon Islands,SLB,"Population, total",SP.POP.TOTL,2024,819198.0
Sierra Leone,SLE,"Population, total",SP.POP.TOTL,2024,8642022.0
El Salvador,SLV,"Population, total",SP.POP.TOTL,2024,6338193.0
San Marino,SMR,"Population, total",SP.POP.TOTL,2024,33977.0
"Somalia, Fed. Rep.",SOM,"Population, total",SP.POP.TOTL,2024,19009151.0
Serbia,SRB,"Population, total",SP.POP.TOTL,2024,6586476.0
South Sudan,SSD,"Population, total",SP.POP.TOTL,2024,11943408.0
Sao Tome and Principe,STP,"Population, total",SP.POP.TOTL,2024,235536.0
Suriname,SUR,"Population, total",SP.POP.TOTL,2024,634431.0
Slovak Republic,SVK,"Population, total",SP.POP.TOTL,2024,5422069.0
Slovenia,SVN,"Population, total",SP.POP.TOTL,2024,2127400.0
Sweden,SWE,"Population, total",SP.POP.TOTL,2024,10569709.0
Eswatini,SWZ,"Population, total",SP.POP.TOTL,2024,1242822.0
Sint Maarten (Dutch part),SXM,"Population, total",SP.POP.TOTL,2024,43350.0
Seychelles,SYC,"Population, total",SP.POP.TOTL,2024,121354.0
Syrian Arab Republic,SYR,"Population, total",SP.POP.TOTL,2024,24672760.0
Turks and Caicos Islands,TCA,"Population, total",SP.POP.TOTL,2024,46535.0
Chad,TCD,"Population, total",SP.POP.TOTL,2024,20299123.0
Togo,TGO,"Population, total",SP.POP.TOTL,2024,8406558.0
Thailand,THA,"Population, total",SP.POP.TOTL,2024,71668011.0
Tajikistan,TJK,"Population, total",SP.POP.TOTL,2024,10590927.0
Turkmenistan,TKM,"Population, total",SP.POP.TOTL,2024,7494498.0
Timor-Leste,TLS,"Population, total",SP.POP.TOTL,2024,1400638.0
Tonga,TON,"Population, total",SP.POP.TOTL,2024,104175.0
Trinidad and Tobago,TTO,"Population, total",SP.POP.TOTL,2024,1368333.0
Tunisia,TUN,"Population, total",SP.POP.TOTL,2024,12277109.0
Turkiye,TUR,"Population, total",SP.POP.TOTL,2024,85518661.0
Tuvalu,TUV,"Population, total",SP.POP.TOTL,2024,9646.0
Tanzania,TZA,"Population, total",SP.POP.TOTL,2024,68560157.0
Uganda,UGA,"Population, total",SP.POP.TOTL,2024,50015092.0
Ukraine,UKR,"Population, total",SP.POP.TOTL,2024,37860221.0
Uruguay,URY,"Population, total",SP.POP.TOTL,2024,3386588.0
United States,USA,"Population, total",SP.POP.TOTL,2024,340003797.0
Uzbekistan,UZB,"Population, total",SP.POP.TOTL,2024,36361859.0
St. Vincent and the Grenadines,VCT,"Population, total",SP.POP.TOTL,2024,100616.0
"Venezuela, RB",VEN,"Population, total",SP.POP.TOTL,2024,28405543.0
British Virgin Islands,VGB,"Population, total",SP.POP.TOTL,2024,39471.0
Virgin Islands (U.S.),VIR,"Population, total",SP.POP.TOTL,2024,104377.0
Viet Nam,VNM,"Population, total",SP.POP.TOTL,2024,100987686.0
Vanuatu,VUT,"Population, total",SP.POP.TOTL,2024,327777.0
Samoa,WSM,"Population, total",SP.POP.TOTL,2024,218019.0
Kosovo,XKX,"Population, total",SP.POP.TOTL,2024,1594353.0
"Yemen, Rep.",YEM,"Population, total",SP.POP.TOTL,2024,40583164.0
South Africa,ZAF,"Population, total",SP.POP.TOTL,2024,64007187.0
Zambia,ZMB,"Population, total",SP.POP.TOTL,2024,21314956.0
Zimbabwe,ZWE,"Population, total",SP.POP.TOTL,2024,16634373.0
