Country,Powertrain,Mode,Year,Parameter,Scenario,Forecasted_Sales,Lower_Bound,Upper_Bound
Australia,BEV,2 and 3 wheelers,2025,EV sales,Base Case,9313.74,8518.44,10413.08
Australia,BEV,2 and 3 wheelers,2025,EV sales,High Growth,10413.08,9313.74,11975.04
Australia,BEV,2 and 3 wheelers,2025,EV sales,Low Growth,8518.44,7240.67,9313.74
Australia,BEV,2 and 3 wheelers,2026,EV sales,Base Case,12096.92,10119.21,15121.14
Australia,BEV,2 and 3 wheelers,2026,EV sales,High Growth,15121.14,12096.92,17389.32
Australia,BEV,2 and 3 wheelers,2026,EV sales,Low Growth,10119.21,8601.33,12096.92
Australia,BEV,2 and 3 wheelers,2027,EV sales,Base Case,15579.86,11919.87,21773.52
Australia,BEV,2 and 3 wheelers,2027,EV sales,High Growth,21773.52,15579.86,25039.55
Australia,BEV,2 and 3 wheelers,2027,EV sales,Low Growth,11919.87,10131.89,15579.86
Australia,BEV,2 and 3 wheelers,2028,EV sales,Base Case,19959.37,13966.61,31186.52
Australia,BEV,2 and 3 wheelers,2028,EV sales,High Growth,31186.52,19959.37,35864.5
Australia,BEV,2 and 3 wheelers,2028,EV sales,Low Growth,13966.61,11871.62,19959.37
Australia,BEV,2 and 3 wheelers,2029,EV sales,Base Case,25501.13,16320.72,44548.64
Australia,BEV,2 and 3 wheelers,2029,EV sales,High Growth,44548.64,25501.13,51230.94
Australia,BEV,2 and 3 wheelers,2029,EV sales,Low Growth,16320.72,13872.61,25501.13
Australia,BEV,2 and 3 wheelers,2030,EV sales,Base Case,32563.79,19061.23,63601.15
Australia,BEV,2 and 3 wheelers,2030,EV sales,High Growth,63601.15,32563.79,73141.32
Australia,BEV,2 and 3 wheelers,2030,EV sales,Low Growth,19061.23,16202.04,32563.79
Australia,BEV,Cars,2025,EV sales,Base Case,123777.88,113208.5,138387.88
Australia,BEV,Cars,2025,EV sales,High Growth,138387.88,123777.88,159146.06
Australia,BEV,Cars,2025,EV sales,Low Growth,113208.5,96227.23,123777.88
Australia,BEV,Cars,2026,EV sales,Base Case,162710.21,136108.98,203387.76
Australia,BEV,Cars,2026,EV sales,High Growth,203387.76,162710.21,233895.92
Australia,BEV,Cars,2026,EV sales,Low Growth,136108.98,115692.64,162710.21
Australia,BEV,Cars,2027,EV sales,Base Case,211245.65,161620.24,295224.77
Australia,BEV,Cars,2027,EV sales,High Growth,295224.77,211245.65,339508.49
Australia,BEV,Cars,2027,EV sales,Low Growth,161620.24,137377.21,211245.65
Australia,BEV,Cars,2028,EV sales,Base Case,272017.81,190344.93,425027.83
Australia,BEV,Cars,2028,EV sales,High Growth,425027.83,272017.81,488782.0
Australia,BEV,Cars,2028,EV sales,Low Growth,190344.93,161793.19,272017.81
Australia,BEV,Cars,2029,EV sales,Base Case,348582.04,223092.51,608947.77
Australia,BEV,Cars,2029,EV sales,High Growth,608947.77,348582.04,700289.93
Australia,BEV,Cars,2029,EV sales,Low Growth,223092.51,189628.63,348582.04
Australia,BEV,Cars,2030,EV sales,Base Case,445738.08,260912.99,870582.18
Australia,BEV,Cars,2030,EV sales,High Growth,870582.18,445738.08,1001169.51
Australia,BEV,Cars,2030,EV sales,Low Growth,260912.99,221776.04,445738.08
Australia,FCEV,Cars,2025,EV sales,Base Case,21.6,19.76,24.15
Australia,FCEV,Cars,2025,EV sales,High Growth,24.15,21.6,27.77
Australia,FCEV,Cars,2025,EV sales,Low Growth,19.76,16.79,21.6
Australia,FCEV,Cars,2026,EV sales,Base Case,21.6,18.07,27.0
Australia,FCEV,Cars,2026,EV sales,High Growth,27.0,21.6,31.05
Australia,FCEV,Cars,2026,EV sales,Low Growth,18.07,15.36,21.6
Australia,FCEV,Cars,2027,EV sales,Base Case,21.6,16.53,30.19
Australia,FCEV,Cars,2027,EV sales,High Growth,30.19,21.6,34.71
Australia,FCEV,Cars,2027,EV sales,Low Growth,16.53,14.05,21.6
Australia,FCEV,Cars,2028,EV sales,Base Case,21.6,15.11,33.75
Australia,FCEV,Cars,2028,EV sales,High Growth,33.75,21.6,38.81
Australia,FCEV,Cars,2028,EV sales,Low Growth,15.11,12.85,21.6
Australia,FCEV,Cars,2029,EV sales,Base Case,21.6,13.82,37.73
Australia,FCEV,Cars,2029,EV sales,High Growth,37.73,21.6,43.39
Australia,FCEV,Cars,2029,EV sales,Low Growth,13.82,11.75,21.6
Australia,FCEV,Cars,2030,EV sales,Base Case,21.6,12.64,42.19
Australia,FCEV,Cars,2030,EV sales,High Growth,42.19,21.6,48.52
Australia,FCEV,Cars,2030,EV sales,Low Growth,12.64,10.75,21.6
Australia,PHEV,Cars,2025,EV sales,Base Case,25829.25,23623.7,28877.98
Australia,PHEV,Cars,2025,EV sales,High Growth,28877.98,25829.25,33209.68
Australia,PHEV,Cars,2025,EV sales,Low Growth,23623.7,20080.14,25829.25
Australia,PHEV,Cars,2026,EV sales,Base Case,34052.09,28484.97,42565.11
Australia,PHEV,Cars,2026,EV sales,High Growth,42565.11,34052.09,48949.88
Australia,PHEV,Cars,2026,EV sales,Low Growth,28484.97,24212.22,34052.09
Australia,PHEV,Cars,2027,EV sales,Base Case,44411.79,33978.66,62067.36
Australia,PHEV,Cars,2027,EV sales,High Growth,62067.36,44411.79,71377.47
Australia,PHEV,Cars,2027,EV sales,Low Growth,33978.66,28881.86,44411.79
Australia,PHEV,Cars,2028,EV sales,Base Case,57516.11,40247.0,89868.92
Australia,PHEV,Cars,2028,EV sales,High Growth,89868.92,57516.11,103349.26
Australia,PHEV,Cars,2028,EV sales,Low Growth,40247.0,34209.95,57516.11
Australia,PHEV,Cars,2029,EV sales,Base Case,74185.52,47478.73,129596.76
Australia,PHEV,Cars,2029,EV sales,High Growth,129596.76,74185.52,149036.28
Australia,PHEV,Cars,2029,EV sales,Low Growth,47478.73,40356.92,74185.52
Australia,PHEV,Cars,2030,EV sales,Base Case,95527.64,55917.15,186577.42
Australia,PHEV,Cars,2030,EV sales,High Growth,186577.42,95527.64,214564.04
Australia,PHEV,Cars,2030,EV sales,Low Growth,55917.15,47529.58,95527.64
Austria,BEV,2 and 3 wheelers,2025,EV sales,Base Case,4040.57,3695.54,4517.49
Austria,BEV,2 and 3 wheelers,2025,EV sales,High Growth,4517.49,4040.57,5195.11
Austria,BEV,2 and 3 wheelers,2025,EV sales,Low Growth,3695.54,3141.21,4040.57
Austria,BEV,2 and 3 wheelers,2026,EV sales,Base Case,4662.14,3899.93,5827.67
Austria,BEV,2 and 3 wheelers,2026,EV sales,High Growth,5827.67,4662.14,6701.82
Austria,BEV,2 and 3 wheelers,2026,EV sales,Low Growth,3899.93,3314.94,4662.14
Austria,BEV,2 and 3 wheelers,2027,EV sales,Base Case,5423.29,4149.26,7579.28
Austria,BEV,2 and 3 wheelers,2027,EV sales,High Growth,7579.28,5423.29,8716.17
Austria,BEV,2 and 3 wheelers,2027,EV sales,Low Growth,4149.26,3526.87,5423.29
Austria,BEV,2 and 3 wheelers,2028,EV sales,Base Case,6369.1,4456.79,9951.72
Austria,BEV,2 and 3 wheelers,2028,EV sales,High Growth,9951.72,6369.1,11444.48
Austria,BEV,2 and 3 wheelers,2028,EV sales,Low Growth,4456.79,3788.27,6369.1
Austria,BEV,2 and 3 wheelers,2029,EV sales,Base Case,7556.93,4836.43,13201.41
Austria,BEV,2 and 3 wheelers,2029,EV sales,High Growth,13201.41,7556.93,15181.62
Austria,BEV,2 and 3 wheelers,2029,EV sales,Low Growth,4836.43,4110.97,7556.93
Austria,BEV,2 and 3 wheelers,2030,EV sales,Base Case,9059.77,5303.14,17694.86
Austria,BEV,2 and 3 wheelers,2030,EV sales,High Growth,17694.86,9059.77,20349.08
Austria,BEV,2 and 3 wheelers,2030,EV sales,Low Growth,5303.14,4507.67,9059.77
Austria,BEV,Cars,2025,EV sales,Base Case,61316.12,56080.35,68553.51
Austria,BEV,Cars,2025,EV sales,High Growth,68553.51,61316.12,78836.54
Austria,BEV,Cars,2025,EV sales,Low Growth,56080.35,47668.29,61316.12
Austria,BEV,Cars,2026,EV sales,Base Case,77682.03,64981.92,97102.53
Austria,BEV,Cars,2026,EV sales,High Growth,97102.53,77682.03,111667.91
Austria,BEV,Cars,2026,EV sales,Low Growth,64981.92,55234.63,77682.03
Austria,BEV,Cars,2027,EV sales,Base Case,98257.48,75175.03,137319.0
Austria,BEV,Cars,2027,EV sales,High Growth,137319.0,98257.48,157916.85
Austria,BEV,Cars,2027,EV sales,Low Growth,75175.03,63898.78,98257.48
Austria,BEV,Cars,2028,EV sales,Base Case,124344.81,87010.5,194288.77
Austria,BEV,Cars,2028,EV sales,High Growth,194288.77,124344.81,223432.09
Austria,BEV,Cars,2028,EV sales,Low Growth,87010.5,73958.92,124344.81
Austria,BEV,Cars,2029,EV sales,Base Case,157702.17,100929.39,275494.35
Austria,BEV,Cars,2029,EV sales,High Growth,275494.35,157702.17,316818.5
Austria,BEV,Cars,2029,EV sales,Low Growth,100929.39,85789.98,157702.17
Austria,BEV,Cars,2030,EV sales,Base Case,200703.03,117481.61,391998.11
Austria,BEV,Cars,2030,EV sales,High Growth,391998.11,200703.03,450797.83
Austria,BEV,Cars,2030,EV sales,Low Growth,117481.61,99859.37,200703.03
Austria,FCEV,Cars,2025,EV sales,Base Case,0.9,0.82,1.01
Austria,FCEV,Cars,2025,EV sales,High Growth,1.01,0.9,1.16
Austria,FCEV,Cars,2025,EV sales,Low Growth,0.82,0.7,0.9
Austria,FCEV,Cars,2026,EV sales,Base Case,0.9,0.75,1.12
Austria,FCEV,Cars,2026,EV sales,High Growth,1.12,0.9,1.29
Austria,FCEV,Cars,2026,EV sales,Low Growth,0.75,0.64,0.9
Austria,FCEV,Cars,2027,EV sales,Base Case,0.9,0.69,1.26
Austria,FCEV,Cars,2027,EV sales,High Growth,1.26,0.9,1.45
Austria,FCEV,Cars,2027,EV sales,Low Growth,0.69,0.59,0.9
Austria,FCEV,Cars,2028,EV sales,Base Case,0.9,0.63,1.41
Austria,FCEV,Cars,2028,EV sales,High Growth,1.41,0.9,1.62
Austria,FCEV,Cars,2028,EV sales,Low Growth,0.63,0.54,0.9
Austria,FCEV,Cars,2029,EV sales,Base Case,0.9,0.58,1.57
Austria,FCEV,Cars,2029,EV sales,High Growth,1.57,0.9,1.81
Austria,FCEV,Cars,2029,EV sales,Low Growth,0.58,0.49,0.9
Austria,FCEV,Cars,2030,EV sales,Base Case,0.9,0.53,1.76
Austria,FCEV,Cars,2030,EV sales,High Growth,1.76,0.9,2.02
Austria,FCEV,Cars,2030,EV sales,Low Growth,0.53,0.45,0.9
Austria,PHEV,Cars,2025,EV sales,Base Case,23012.14,21047.14,25728.35
Austria,PHEV,Cars,2025,EV sales,High Growth,25728.35,23012.14,29587.61
Austria,PHEV,Cars,2025,EV sales,Low Growth,21047.14,17890.07,23012.14
Austria,PHEV,Cars,2026,EV sales,Base Case,29056.16,24305.82,36320.2
Austria,PHEV,Cars,2026,EV sales,High Growth,36320.2,29056.16,41768.23
Austria,PHEV,Cars,2026,EV sales,Low Growth,24305.82,20659.95,29056.16
Austria,PHEV,Cars,2027,EV sales,Base Case,36665.9,28052.42,51242.15
Austria,PHEV,Cars,2027,EV sales,High Growth,51242.15,36665.9,58928.48
Austria,PHEV,Cars,2027,EV sales,Low Growth,28052.42,23844.56,36665.9
Austria,PHEV,Cars,2028,EV sales,Base Case,46333.34,32421.84,72395.85
Austria,PHEV,Cars,2028,EV sales,High Growth,72395.85,46333.34,83255.23
Austria,PHEV,Cars,2028,EV sales,Low Growth,32421.84,27558.56,46333.34
Austria,PHEV,Cars,2029,EV sales,Base Case,58722.68,37582.52,102584.3
Austria,PHEV,Cars,2029,EV sales,High Growth,102584.3,58722.68,117971.95
Austria,PHEV,Cars,2029,EV sales,Low Growth,37582.52,31945.14,58722.68
Austria,PHEV,Cars,2030,EV sales,Base Case,74730.56,43743.57,145958.13
Austria,PHEV,Cars,2030,EV sales,High Growth,145958.13,74730.56,167851.85
Austria,PHEV,Cars,2030,EV sales,Low Growth,43743.57,37182.03,74730.56
Belgium,BEV,2 and 3 wheelers,2025,EV sales,Base Case,3988.01,3647.48,4458.73
Belgium,BEV,2 and 3 wheelers,2025,EV sales,High Growth,4458.73,3988.01,5127.54
Belgium,BEV,2 and 3 wheelers,2025,EV sales,Low Growth,3647.48,3100.35,3988.01
Belgium,BEV,2 and 3 wheelers,2026,EV sales,Base Case,4526.28,3786.29,5657.86
Belgium,BEV,2 and 3 wheelers,2026,EV sales,High Growth,5657.86,4526.28,6506.53
Belgium,BEV,2 and 3 wheelers,2026,EV sales,Low Growth,3786.29,3218.35,4526.28
Belgium,BEV,2 and 3 wheelers,2027,EV sales,Base Case,5252.77,4018.8,7340.98
Belgium,BEV,2 and 3 wheelers,2027,EV sales,High Growth,7340.98,5252.77,8442.12
Belgium,BEV,2 and 3 wheelers,2027,EV sales,Low Growth,4018.8,3415.98,5252.77
Belgium,BEV,2 and 3 wheelers,2028,EV sales,Base Case,6259.19,4379.88,9779.98
Belgium,BEV,2 and 3 wheelers,2028,EV sales,High Growth,9779.98,6259.19,11246.98
Belgium,BEV,2 and 3 wheelers,2028,EV sales,Low Growth,4379.88,3722.9,6259.19
Belgium,BEV,2 and 3 wheelers,2029,EV sales,Base Case,7668.64,4907.93,13396.56
Belgium,BEV,2 and 3 wheelers,2029,EV sales,High Growth,13396.56,7668.64,15406.05
Belgium,BEV,2 and 3 wheelers,2029,EV sales,Low Growth,4907.93,4171.74,7668.64
Belgium,BEV,2 and 3 wheelers,2030,EV sales,Base Case,9953.15,5826.08,19439.75
Belgium,BEV,2 and 3 wheelers,2030,EV sales,High Growth,19439.75,9953.15,22355.72
Belgium,BEV,2 and 3 wheelers,2030,EV sales,Low Growth,5826.08,4952.17,9953.15
Belgium,BEV,Buses,2025,EV sales,Base Case,262.49,240.08,293.48
Belgium,BEV,Buses,2025,EV sales,High Growth,293.48,262.49,337.5
Belgium,BEV,Buses,2025,EV sales,Low Growth,240.08,204.07,262.49
Belgium,BEV,Buses,2026,EV sales,Base Case,332.44,278.09,415.55
Belgium,BEV,Buses,2026,EV sales,High Growth,415.55,332.44,477.88
Belgium,BEV,Buses,2026,EV sales,Low Growth,278.09,236.38,332.44
Belgium,BEV,Buses,2027,EV sales,Base Case,419.81,321.19,586.71
Belgium,BEV,Buses,2027,EV sales,High Growth,586.71,419.81,674.71
Belgium,BEV,Buses,2027,EV sales,Low Growth,321.19,273.01,419.81
Belgium,BEV,Buses,2028,EV sales,Base Case,530.12,370.95,828.31
Belgium,BEV,Buses,2028,EV sales,High Growth,828.31,530.12,952.56
Belgium,BEV,Buses,2028,EV sales,Low Growth,370.95,315.31,530.12
Belgium,BEV,Buses,2029,EV sales,Base Case,670.77,429.3,1171.79
Belgium,BEV,Buses,2029,EV sales,High Growth,1171.79,670.77,1347.56
Belgium,BEV,Buses,2029,EV sales,Low Growth,429.3,364.9,670.77
Belgium,BEV,Buses,2030,EV sales,Base Case,851.8,498.6,1663.68
Belgium,BEV,Buses,2030,EV sales,High Growth,1663.68,851.8,1913.23
Belgium,BEV,Buses,2030,EV sales,Low Growth,498.6,423.81,851.8
Belgium,BEV,Cars,2025,EV sales,Base Case,167468.52,153168.4,187235.5
Belgium,BEV,Cars,2025,EV sales,High Growth,187235.5,167468.52,215320.83
Belgium,BEV,Cars,2025,EV sales,Low Growth,153168.4,130193.14,167468.52
Belgium,BEV,Cars,2026,EV sales,Base Case,220529.37,184475.38,275661.71
Belgium,BEV,Cars,2026,EV sales,High Growth,275661.71,220529.37,317010.96
Belgium,BEV,Cars,2026,EV sales,Low Growth,184475.38,156804.07,220529.37
Belgium,BEV,Cars,2027,EV sales,Base Case,287024.92,219597.6,401129.52
Belgium,BEV,Cars,2027,EV sales,High Growth,401129.52,287024.92,461298.95
Belgium,BEV,Cars,2027,EV sales,Low Growth,219597.6,186657.96,287024.92
Belgium,BEV,Cars,2028,EV sales,Base Case,370717.46,259410.18,579246.03
Belgium,BEV,Cars,2028,EV sales,High Growth,579246.03,370717.46,666132.94
Belgium,BEV,Cars,2028,EV sales,Low Growth,259410.18,220498.66,370717.46
Belgium,BEV,Cars,2029,EV sales,Base Case,476686.07,305079.09,832736.3
Belgium,BEV,Cars,2029,EV sales,High Growth,832736.3,476686.07,957646.75
Belgium,BEV,Cars,2029,EV sales,Low Growth,305079.09,259317.22,476686.07
Belgium,BEV,Cars,2030,EV sales,Base Case,611787.51,358110.11,1194897.49
Belgium,BEV,Cars,2030,EV sales,High Growth,1194897.49,611787.51,1374132.11
Belgium,BEV,Cars,2030,EV sales,Low Growth,358110.11,304393.59,611787.51
Belgium,BEV,Vans,2025,EV sales,Base Case,3032.83,2773.85,3390.8
Belgium,BEV,Vans,2025,EV sales,High Growth,3390.8,3032.83,3899.42
Belgium,BEV,Vans,2025,EV sales,Low Growth,2773.85,2357.78,3032.83
Belgium,BEV,Vans,2026,EV sales,Base Case,3887.85,3252.23,4859.81
Belgium,BEV,Vans,2026,EV sales,High Growth,4859.81,3887.85,5588.79
Belgium,BEV,Vans,2026,EV sales,Low Growth,3252.23,2764.4,3887.85
Belgium,BEV,Vans,2027,EV sales,Base Case,4947.86,3785.52,6914.85
Belgium,BEV,Vans,2027,EV sales,High Growth,6914.85,4947.86,7952.08
Belgium,BEV,Vans,2027,EV sales,Low Growth,3785.52,3217.69,4947.86
Belgium,BEV,Vans,2028,EV sales,Base Case,6270.75,4387.97,9798.04
Belgium,BEV,Vans,2028,EV sales,High Growth,9798.04,6270.75,11267.75
Belgium,BEV,Vans,2028,EV sales,Low Growth,4387.97,3729.77,6270.75
Belgium,BEV,Vans,2029,EV sales,Base Case,7934.63,5078.17,13861.24
Belgium,BEV,Vans,2029,EV sales,High Growth,13861.24,7934.63,15940.42
Belgium,BEV,Vans,2029,EV sales,Low Growth,5078.17,4316.44,7934.63
Belgium,BEV,Vans,2030,EV sales,Base Case,10045.02,5879.86,19619.18
Belgium,BEV,Vans,2030,EV sales,High Growth,19619.18,10045.02,22562.06
Belgium,BEV,Vans,2030,EV sales,Low Growth,5879.86,4997.88,10045.02
Belgium,FCEV,Cars,2025,EV sales,Base Case,3.13,2.87,3.5
Belgium,FCEV,Cars,2025,EV sales,High Growth,3.5,3.13,4.03
Belgium,FCEV,Cars,2025,EV sales,Low Growth,2.87,2.44,3.13
Belgium,FCEV,Cars,2026,EV sales,Base Case,2.7,2.26,3.38
Belgium,FCEV,Cars,2026,EV sales,High Growth,3.38,2.7,3.88
Belgium,FCEV,Cars,2026,EV sales,Low Growth,2.26,1.92,2.7
Belgium,FCEV,Cars,2027,EV sales,Base Case,2.7,2.07,3.77
Belgium,FCEV,Cars,2027,EV sales,High Growth,3.77,2.7,4.34
Belgium,FCEV,Cars,2027,EV sales,Low Growth,2.07,1.76,2.7
Belgium,FCEV,Cars,2028,EV sales,Base Case,2.7,1.89,4.22
Belgium,FCEV,Cars,2028,EV sales,High Growth,4.22,2.7,4.85
Belgium,FCEV,Cars,2028,EV sales,Low Growth,1.89,1.61,2.7
Belgium,FCEV,Cars,2029,EV sales,Base Case,2.7,1.73,4.72
Belgium,FCEV,Cars,2029,EV sales,High Growth,4.72,2.7,5.42
Belgium,FCEV,Cars,2029,EV sales,Low Growth,1.73,1.47,2.7
Belgium,FCEV,Cars,2030,EV sales,Base Case,2.7,1.58,5.27
Belgium,FCEV,Cars,2030,EV sales,High Growth,5.27,2.7,6.06
Belgium,FCEV,Cars,2030,EV sales,Low Growth,1.58,1.34,2.7
Belgium,PHEV,Buses,2025,EV sales,Base Case,116.31,106.38,130.04
Belgium,PHEV,Buses,2025,EV sales,High Growth,130.04,116.31,149.55
Belgium,PHEV,Buses,2025,EV sales,Low Growth,106.38,90.42,116.31
Belgium,PHEV,Buses,2026,EV sales,Base Case,150.84,126.18,188.55
Belgium,PHEV,Buses,2026,EV sales,High Growth,188.55,150.84,216.84
Belgium,PHEV,Buses,2026,EV sales,Low Growth,126.18,107.25,150.84
Belgium,PHEV,Buses,2027,EV sales,Base Case,194.21,148.59,271.42
Belgium,PHEV,Buses,2027,EV sales,High Growth,271.42,194.21,312.13
Belgium,PHEV,Buses,2027,EV sales,Low Growth,148.59,126.3,194.21
Belgium,PHEV,Buses,2028,EV sales,Base Case,248.99,174.23,389.05
Belgium,PHEV,Buses,2028,EV sales,High Growth,389.05,248.99,447.41
Belgium,PHEV,Buses,2028,EV sales,Low Growth,174.23,148.1,248.99
Belgium,PHEV,Buses,2029,EV sales,Base Case,318.67,203.95,556.69
Belgium,PHEV,Buses,2029,EV sales,High Growth,556.69,318.67,640.19
Belgium,PHEV,Buses,2029,EV sales,Low Growth,203.95,173.35,318.67
Belgium,PHEV,Buses,2030,EV sales,Base Case,407.92,238.78,796.73
Belgium,PHEV,Buses,2030,EV sales,High Growth,796.73,407.92,916.23
Belgium,PHEV,Buses,2030,EV sales,Low Growth,238.78,202.96,407.92
Belgium,PHEV,Cars,2025,EV sales,Base Case,98850.46,90409.63,110518.17
Belgium,PHEV,Cars,2025,EV sales,High Growth,110518.17,98850.46,127095.9
Belgium,PHEV,Cars,2025,EV sales,Low Growth,90409.63,76848.18,98850.46
Belgium,PHEV,Cars,2026,EV sales,Base Case,124790.46,104388.67,155988.08
Belgium,PHEV,Cars,2026,EV sales,High Growth,155988.08,124790.46,179386.29
Belgium,PHEV,Cars,2026,EV sales,Low Growth,104388.67,88730.37,124790.46
Belgium,PHEV,Cars,2027,EV sales,Base Case,157147.41,120230.66,219620.19
Belgium,PHEV,Cars,2027,EV sales,High Growth,219620.19,157147.41,252563.21
Belgium,PHEV,Cars,2027,EV sales,Low Growth,120230.66,102196.06,157147.41
Belgium,PHEV,Cars,2028,EV sales,Base Case,197860.33,138453.11,309156.77
Belgium,PHEV,Cars,2028,EV sales,High Growth,309156.77,197860.33,355530.28
Belgium,PHEV,Cars,2028,EV sales,Low Growth,138453.11,117685.14,197860.33
Belgium,PHEV,Cars,2029,EV sales,Base Case,249546.9,159710.02,435940.49
Belgium,PHEV,Cars,2029,EV sales,High Growth,435940.49,249546.9,501331.57
Belgium,PHEV,Cars,2029,EV sales,Low Growth,159710.02,135753.51,249546.9
Belgium,PHEV,Cars,2030,EV sales,Base Case,315740.98,184819.13,616681.6
Belgium,PHEV,Cars,2030,EV sales,High Growth,616681.6,315740.98,709183.84
Belgium,PHEV,Cars,2030,EV sales,Low Growth,184819.13,157096.26,315740.98
Belgium,PHEV,Vans,2025,EV sales,Base Case,235.91,215.77,263.76
Belgium,PHEV,Vans,2025,EV sales,High Growth,263.76,235.91,303.32
Belgium,PHEV,Vans,2025,EV sales,Low Growth,215.77,183.4,235.91
Belgium,PHEV,Vans,2026,EV sales,Base Case,311.98,260.98,389.98
Belgium,PHEV,Vans,2026,EV sales,High Growth,389.98,311.98,448.48
Belgium,PHEV,Vans,2026,EV sales,Low Growth,260.98,221.83,311.98
Belgium,PHEV,Vans,2027,EV sales,Base Case,408.17,312.28,570.44
Belgium,PHEV,Vans,2027,EV sales,High Growth,570.44,408.17,656.0
Belgium,PHEV,Vans,2027,EV sales,Low Growth,312.28,265.44,408.17
Belgium,PHEV,Vans,2028,EV sales,Base Case,530.26,371.05,828.53
Belgium,PHEV,Vans,2028,EV sales,High Growth,828.53,530.26,952.81
Belgium,PHEV,Vans,2028,EV sales,Low Growth,371.05,315.39,530.26
Belgium,PHEV,Vans,2029,EV sales,Base Case,686.07,439.08,1198.51
Belgium,PHEV,Vans,2029,EV sales,High Growth,1198.51,686.07,1378.29
Belgium,PHEV,Vans,2029,EV sales,Low Growth,439.08,373.22,686.07
Belgium,PHEV,Vans,2030,EV sales,Base Case,886.14,518.71,1730.75
Belgium,PHEV,Vans,2030,EV sales,High Growth,1730.75,886.14,1990.36
Belgium,PHEV,Vans,2030,EV sales,Low Growth,518.71,440.9,886.14
Brazil,BEV,2 and 3 wheelers,2025,EV sales,Base Case,4914.57,4494.91,5494.65
Brazil,BEV,2 and 3 wheelers,2025,EV sales,High Growth,5494.65,4914.57,6318.85
Brazil,BEV,2 and 3 wheelers,2025,EV sales,Low Growth,4494.91,3820.68,4914.57
Brazil,BEV,2 and 3 wheelers,2026,EV sales,Base Case,6105.28,5107.14,7631.6
Brazil,BEV,2 and 3 wheelers,2026,EV sales,High Growth,7631.6,6105.28,8776.34
Brazil,BEV,2 and 3 wheelers,2026,EV sales,Low Growth,5107.14,4341.07,6105.28
Brazil,BEV,2 and 3 wheelers,2027,EV sales,Base Case,7542.94,5770.97,10541.58
Brazil,BEV,2 and 3 wheelers,2027,EV sales,High Growth,10541.58,7542.94,12122.81
Brazil,BEV,2 and 3 wheelers,2027,EV sales,Low Growth,5770.97,4905.32,7542.94
Brazil,BEV,2 and 3 wheelers,2028,EV sales,Base Case,9293.6,6503.21,14521.25
Brazil,BEV,2 and 3 wheelers,2028,EV sales,High Growth,14521.25,9293.6,16699.44
Brazil,BEV,2 and 3 wheelers,2028,EV sales,Low Growth,6503.21,5527.73,9293.6
Brazil,BEV,2 and 3 wheelers,2029,EV sales,Base Case,11443.61,7323.91,19991.17
Brazil,BEV,2 and 3 wheelers,2029,EV sales,High Growth,19991.17,11443.61,22989.84
Brazil,BEV,2 and 3 wheelers,2029,EV sales,Low Growth,7323.91,6225.33,11443.61
Brazil,BEV,2 and 3 wheelers,2030,EV sales,Base Case,14105.8,8256.84,27550.39
Brazil,BEV,2 and 3 wheelers,2030,EV sales,High Growth,27550.39,14105.8,31682.95
Brazil,BEV,2 and 3 wheelers,2030,EV sales,Low Growth,8256.84,7018.31,14105.8
Brazil,BEV,Cars,2025,EV sales,Base Case,73854.33,67547.92,82571.66
Brazil,BEV,Cars,2025,EV sales,High Growth,82571.66,73854.33,94957.4
Brazil,BEV,Cars,2025,EV sales,Low Growth,67547.92,57415.73,73854.33
Brazil,BEV,Cars,2026,EV sales,Base Case,98814.38,82659.38,123517.98
Brazil,BEV,Cars,2026,EV sales,High Growth,123517.98,98814.38,142045.68
Brazil,BEV,Cars,2026,EV sales,Low Growth,82659.38,70260.47,98814.38
Brazil,BEV,Cars,2027,EV sales,Base Case,130238.66,99643.25,182014.06
Brazil,BEV,Cars,2027,EV sales,High Growth,182014.06,130238.66,209316.17
Brazil,BEV,Cars,2027,EV sales,Low Growth,99643.25,84696.76,130238.66
Brazil,BEV,Cars,2028,EV sales,Base Case,169921.48,118902.85,265502.31
Brazil,BEV,Cars,2028,EV sales,High Growth,265502.31,169921.48,305327.66
Brazil,BEV,Cars,2028,EV sales,Low Growth,118902.85,101067.42,169921.48
Brazil,BEV,Cars,2029,EV sales,Base Case,220285.17,140982.51,384822.36
Brazil,BEV,Cars,2029,EV sales,High Growth,384822.36,220285.17,442545.72
Brazil,BEV,Cars,2029,EV sales,Low Growth,140982.51,119835.13,220285.17
Brazil,BEV,Cars,2030,EV sales,Base Case,284599.89,166590.68,555859.16
Brazil,BEV,Cars,2030,EV sales,High Growth,555859.16,284599.89,639238.04
Brazil,BEV,Cars,2030,EV sales,Low Growth,166590.68,141602.08,284599.89
Brazil,BEV,Vans,2025,EV sales,Base Case,2673.07,2444.82,2988.58
Brazil,BEV,Vans,2025,EV sales,High Growth,2988.58,2673.07,3436.87
Brazil,BEV,Vans,2025,EV sales,Low Growth,2444.82,2078.09,2673.07
Brazil,BEV,Vans,2026,EV sales,Base Case,3562.59,2980.14,4453.23
Brazil,BEV,Vans,2026,EV sales,High Growth,4453.23,3562.59,5121.22
Brazil,BEV,Vans,2026,EV sales,Low Growth,2980.14,2533.12,3562.59
Brazil,BEV,Vans,2027,EV sales,Base Case,4681.05,3581.39,6541.97
Brazil,BEV,Vans,2027,EV sales,High Growth,6541.97,4681.05,7523.27
Brazil,BEV,Vans,2027,EV sales,Low Growth,3581.39,3044.18,4681.05
Brazil,BEV,Vans,2028,EV sales,Base Case,6092.14,4262.99,9518.98
Brazil,BEV,Vans,2028,EV sales,High Growth,9518.98,6092.14,10946.82
Brazil,BEV,Vans,2028,EV sales,Low Growth,4262.99,3623.54,6092.14
Brazil,BEV,Vans,2029,EV sales,Base Case,7881.81,5044.36,13768.95
Brazil,BEV,Vans,2029,EV sales,High Growth,13768.95,7881.81,15834.29
Brazil,BEV,Vans,2029,EV sales,Low Growth,5044.36,4287.7,7881.81
Brazil,BEV,Vans,2030,EV sales,Base Case,10166.08,5950.72,19855.63
Brazil,BEV,Vans,2030,EV sales,High Growth,19855.63,10166.08,22833.98
Brazil,BEV,Vans,2030,EV sales,Low Growth,5950.72,5058.11,10166.08
Brazil,PHEV,Cars,2025,EV sales,Base Case,78286.53,71601.65,87527.0
Brazil,PHEV,Cars,2025,EV sales,High Growth,87527.0,78286.53,100656.05
Brazil,PHEV,Cars,2025,EV sales,Low Growth,71601.65,60861.4,78286.53
Brazil,PHEV,Cars,2026,EV sales,Base Case,103975.08,86976.36,129968.85
Brazil,PHEV,Cars,2026,EV sales,High Growth,129968.85,103975.08,149464.17
Brazil,PHEV,Cars,2026,EV sales,Low Growth,86976.36,73929.91,103975.08
Brazil,PHEV,Cars,2027,EV sales,Base Case,136223.15,104221.88,190377.64
Brazil,PHEV,Cars,2027,EV sales,High Growth,190377.64,136223.15,218934.28
Brazil,PHEV,Cars,2027,EV sales,Low Growth,104221.88,88588.6,136223.15
Brazil,PHEV,Cars,2028,EV sales,Base Case,176854.0,123753.89,276334.37
Brazil,PHEV,Cars,2028,EV sales,High Growth,276334.37,176854.0,317784.53
Brazil,PHEV,Cars,2028,EV sales,Low Growth,123753.89,105190.81,176854.0
Brazil,PHEV,Cars,2029,EV sales,Base Case,228329.03,146130.58,398874.4
Brazil,PHEV,Cars,2029,EV sales,High Growth,398874.4,228329.03,458705.56
Brazil,PHEV,Cars,2029,EV sales,Low Growth,146130.58,124210.99,228329.03
Brazil,PHEV,Cars,2030,EV sales,Base Case,293971.13,172076.14,574162.37
Brazil,PHEV,Cars,2030,EV sales,High Growth,574162.37,293971.13,660286.73
Brazil,PHEV,Cars,2030,EV sales,Low Growth,172076.14,146264.72,293971.13
Bulgaria,BEV,Cars,2025,EV sales,Base Case,2361.75,2160.08,2640.52
Bulgaria,BEV,Cars,2025,EV sales,High Growth,2640.52,2361.75,3036.6
Bulgaria,BEV,Cars,2025,EV sales,Low Growth,2160.08,1836.07,2361.75
Bulgaria,BEV,Cars,2026,EV sales,Base Case,3073.31,2570.86,3841.64
Bulgaria,BEV,Cars,2026,EV sales,High Growth,3841.64,3073.31,4417.89
Bulgaria,BEV,Cars,2026,EV sales,Low Growth,2570.86,2185.23,3073.31
Bulgaria,BEV,Cars,2027,EV sales,Base Case,3960.31,3029.96,5534.7
Bulgaria,BEV,Cars,2027,EV sales,High Growth,5534.7,3960.31,6364.9
Bulgaria,BEV,Cars,2027,EV sales,Low Growth,3029.96,2575.47,3960.31
Bulgaria,BEV,Cars,2028,EV sales,Base Case,5071.94,3549.1,7924.9
Bulgaria,BEV,Cars,2028,EV sales,High Growth,7924.9,5071.94,9113.64
Bulgaria,BEV,Cars,2028,EV sales,Low Growth,3549.1,3016.73,5071.94
Bulgaria,BEV,Cars,2029,EV sales,Base Case,6474.62,4143.76,11310.7
Bulgaria,BEV,Cars,2029,EV sales,High Growth,11310.7,6474.62,13007.3
Bulgaria,BEV,Cars,2029,EV sales,Low Growth,4143.76,3522.19,6474.62
Bulgaria,BEV,Cars,2030,EV sales,Base Case,8258.03,4833.84,16128.96
Bulgaria,BEV,Cars,2030,EV sales,High Growth,16128.96,8258.03,18548.3
Bulgaria,BEV,Cars,2030,EV sales,Low Growth,4833.84,4108.76,8258.03
Bulgaria,PHEV,Cars,2025,EV sales,Base Case,612.89,560.56,685.24
Bulgaria,PHEV,Cars,2025,EV sales,High Growth,685.24,612.89,788.02
Bulgaria,PHEV,Cars,2025,EV sales,Low Growth,560.56,476.47,612.89
Bulgaria,PHEV,Cars,2026,EV sales,Base Case,806.75,674.85,1008.43
Bulgaria,PHEV,Cars,2026,EV sales,High Growth,1008.43,806.75,1159.7
Bulgaria,PHEV,Cars,2026,EV sales,Low Growth,674.85,573.63,806.75
Bulgaria,PHEV,Cars,2027,EV sales,Base Case,1049.74,803.14,1467.06
Bulgaria,PHEV,Cars,2027,EV sales,High Growth,1467.06,1049.74,1687.12
Bulgaria,PHEV,Cars,2027,EV sales,Low Growth,803.14,682.67,1049.74
Bulgaria,PHEV,Cars,2028,EV sales,Base Case,1355.47,948.5,2117.93
Bulgaria,PHEV,Cars,2028,EV sales,High Growth,2117.93,1355.47,2435.62
Bulgaria,PHEV,Cars,2028,EV sales,Low Growth,948.5,806.22,1355.47
Bulgaria,PHEV,Cars,2029,EV sales,Base Case,1742.31,1115.08,3043.69
Bulgaria,PHEV,Cars,2029,EV sales,High Growth,3043.69,1742.31,3500.25
Bulgaria,PHEV,Cars,2029,EV sales,Low Growth,1115.08,947.82,1742.31
Bulgaria,PHEV,Cars,2030,EV sales,Base Case,2235.04,1308.28,4365.32
Bulgaria,PHEV,Cars,2030,EV sales,High Growth,4365.32,2235.04,5020.11
Bulgaria,PHEV,Cars,2030,EV sales,Low Growth,1308.28,1112.04,2235.04
Canada,BEV,2 and 3 wheelers,2025,EV sales,Base Case,204.47,187.01,228.61
Canada,BEV,2 and 3 wheelers,2025,EV sales,High Growth,228.61,204.47,262.9
Canada,BEV,2 and 3 wheelers,2025,EV sales,Low Growth,187.01,158.96,204.47
Canada,BEV,2 and 3 wheelers,2026,EV sales,Base Case,241.69,202.17,302.11
Canada,BEV,2 and 3 wheelers,2026,EV sales,High Growth,302.11,241.69,347.42
Canada,BEV,2 and 3 wheelers,2026,EV sales,Low Growth,202.17,171.85,241.69
Canada,BEV,2 and 3 wheelers,2027,EV sales,Base Case,287.22,219.75,401.4
Canada,BEV,2 and 3 wheelers,2027,EV sales,High Growth,401.4,287.22,461.61
Canada,BEV,2 and 3 wheelers,2027,EV sales,Low Growth,219.75,186.78,287.22
Canada,BEV,2 and 3 wheelers,2028,EV sales,Base Case,343.56,240.4,536.81
Canada,BEV,2 and 3 wheelers,2028,EV sales,High Growth,536.81,343.56,617.33
Canada,BEV,2 and 3 wheelers,2028,EV sales,Low Growth,240.4,204.34,343.56
Canada,BEV,2 and 3 wheelers,2029,EV sales,Base Case,413.88,264.88,723.02
Canada,BEV,2 and 3 wheelers,2029,EV sales,High Growth,723.02,413.88,831.47
Canada,BEV,2 and 3 wheelers,2029,EV sales,Low Growth,264.88,225.15,413.88
Canada,BEV,2 and 3 wheelers,2030,EV sales,Base Case,502.29,294.01,981.03
Canada,BEV,2 and 3 wheelers,2030,EV sales,High Growth,981.03,502.29,1128.18
Canada,BEV,2 and 3 wheelers,2030,EV sales,Low Growth,294.01,249.91,502.29
Canada,BEV,Buses,2025,EV sales,Base Case,424.12,387.9,474.18
Canada,BEV,Buses,2025,EV sales,High Growth,474.18,424.12,545.31
Canada,BEV,Buses,2025,EV sales,Low Growth,387.9,329.72,424.12
Canada,BEV,Buses,2026,EV sales,Base Case,528.87,442.41,661.09
Canada,BEV,Buses,2026,EV sales,High Growth,661.09,528.87,760.25
Canada,BEV,Buses,2026,EV sales,Low Growth,442.41,376.04,528.87
Canada,BEV,Buses,2027,EV sales,Base Case,655.43,501.46,915.99
Canada,BEV,Buses,2027,EV sales,High Growth,915.99,655.43,1053.39
Canada,BEV,Buses,2027,EV sales,Low Growth,501.46,426.24,655.43
Canada,BEV,Buses,2028,EV sales,Base Case,809.87,566.71,1265.43
Canada,BEV,Buses,2028,EV sales,High Growth,1265.43,809.87,1455.24
Canada,BEV,Buses,2028,EV sales,Low Growth,566.71,481.7,809.87
Canada,BEV,Buses,2029,EV sales,Base Case,1000.41,640.26,1747.65
Canada,BEV,Buses,2029,EV sales,High Growth,1747.65,1000.41,2009.79
Canada,BEV,Buses,2029,EV sales,Low Growth,640.26,544.22,1000.41
Canada,BEV,Buses,2030,EV sales,Base Case,1238.12,724.73,2418.19
Canada,BEV,Buses,2030,EV sales,High Growth,2418.19,1238.12,2780.92
Canada,BEV,Buses,2030,EV sales,Low Growth,724.73,616.02,1238.12
Canada,BEV,Cars,2025,EV sales,Base Case,241098.75,220511.35,269556.59
Canada,BEV,Cars,2025,EV sales,High Growth,269556.59,241098.75,309990.08
Canada,BEV,Cars,2025,EV sales,Low Growth,220511.35,187434.65,241098.75
Canada,BEV,Cars,2026,EV sales,Base Case,313021.72,261846.31,391277.15
Canada,BEV,Cars,2026,EV sales,High Growth,391277.15,313021.72,449968.72
Canada,BEV,Cars,2026,EV sales,Low Growth,261846.31,222569.36,313021.72
Canada,BEV,Cars,2027,EV sales,Base Case,403603.56,308789.82,564053.12
Canada,BEV,Cars,2027,EV sales,High Growth,564053.12,403603.56,648661.08
Canada,BEV,Cars,2027,EV sales,Low Growth,308789.82,262471.34,403603.56
Canada,BEV,Cars,2028,EV sales,Base Case,518342.98,362711.4,809910.91
Canada,BEV,Cars,2028,EV sales,High Growth,809910.91,518342.98,931397.54
Canada,BEV,Cars,2028,EV sales,Low Growth,362711.4,308304.69,518342.98
Canada,BEV,Cars,2029,EV sales,Base Case,664663.26,425384.49,1161118.94
Canada,BEV,Cars,2029,EV sales,High Growth,1161118.94,664663.26,1335286.78
Canada,BEV,Cars,2029,EV sales,Low Growth,425384.49,361576.82,664663.26
Canada,BEV,Cars,2030,EV sales,Base Case,852585.82,499061.51,1665206.68
Canada,BEV,Cars,2030,EV sales,High Growth,1665206.68,852585.82,1914987.68
Canada,BEV,Cars,2030,EV sales,Low Growth,499061.51,424202.28,852585.82
Canada,BEV,Trucks,2025,EV sales,Base Case,2799.56,2560.5,3130.0
Canada,BEV,Trucks,2025,EV sales,High Growth,3130.0,2799.56,3599.5
Canada,BEV,Trucks,2025,EV sales,Low Growth,2560.5,2176.43,2799.56
Canada,BEV,Trucks,2026,EV sales,Base Case,3700.95,3095.89,4626.19
Canada,BEV,Trucks,2026,EV sales,High Growth,4626.19,3700.95,5320.12
Canada,BEV,Trucks,2026,EV sales,Low Growth,3095.89,2631.51,3700.95
Canada,BEV,Trucks,2027,EV sales,Base Case,4819.39,3687.23,6735.3
Canada,BEV,Trucks,2027,EV sales,High Growth,6735.3,4819.39,7745.59
Canada,BEV,Trucks,2027,EV sales,Low Growth,3687.23,3134.14,4819.39
Canada,BEV,Trucks,2028,EV sales,Base Case,6212.73,4347.37,9707.4
Canada,BEV,Trucks,2028,EV sales,High Growth,9707.4,6212.73,11163.5
Canada,BEV,Trucks,2028,EV sales,Low Growth,4347.37,3695.27,6212.73
Canada,BEV,Trucks,2029,EV sales,Base Case,7959.14,5093.85,13904.04
Canada,BEV,Trucks,2029,EV sales,High Growth,13904.04,7959.14,15989.64
Canada,BEV,Trucks,2029,EV sales,Low Growth,5093.85,4329.77,7959.14
Canada,BEV,Trucks,2030,EV sales,Base Case,10164.08,5949.55,19851.72
Canada,BEV,Trucks,2030,EV sales,High Growth,19851.72,10164.08,22829.48
Canada,BEV,Trucks,2030,EV sales,Low Growth,5949.55,5057.12,10164.08
Canada,BEV,Vans,2025,EV sales,Base Case,14950.42,13673.8,16715.08
Canada,BEV,Vans,2025,EV sales,High Growth,16715.08,14950.42,19222.34
Canada,BEV,Vans,2025,EV sales,Low Growth,13673.8,11622.73,14950.42
Canada,BEV,Vans,2026,EV sales,Base Case,19513.58,16323.34,24391.97
Canada,BEV,Vans,2026,EV sales,High Growth,24391.97,19513.58,28050.77
Canada,BEV,Vans,2026,EV sales,Low Growth,16323.34,13874.84,19513.58
Canada,BEV,Vans,2027,EV sales,Base Case,25204.17,19283.26,35223.9
Canada,BEV,Vans,2027,EV sales,High Growth,35223.9,25204.17,40507.49
Canada,BEV,Vans,2027,EV sales,Low Growth,19283.26,16390.77,25204.17
Canada,BEV,Vans,2028,EV sales,Base Case,32340.54,22630.35,50532.1
Canada,BEV,Vans,2028,EV sales,High Growth,50532.1,32340.54,58111.91
Canada,BEV,Vans,2028,EV sales,Low Growth,22630.35,19235.8,32340.54
Canada,BEV,Vans,2029,EV sales,Base Case,41352.46,26465.58,72239.78
Canada,BEV,Vans,2029,EV sales,High Growth,72239.78,41352.46,83075.75
Canada,BEV,Vans,2029,EV sales,Low Growth,26465.58,22495.74,41352.46
Canada,BEV,Vans,2030,EV sales,Base Case,52820.12,30918.28,103164.29
Canada,BEV,Vans,2030,EV sales,High Growth,103164.29,52820.12,118638.93
Canada,BEV,Vans,2030,EV sales,Low Growth,30918.28,26280.54,52820.12
Canada,FCEV,Cars,2025,EV sales,Base Case,18.0,16.46,20.12
Canada,FCEV,Cars,2025,EV sales,High Growth,20.12,18.0,23.14
Canada,FCEV,Cars,2025,EV sales,Low Growth,16.46,13.99,18.0
Canada,FCEV,Cars,2026,EV sales,Base Case,18.0,15.06,22.5
Canada,FCEV,Cars,2026,EV sales,High Growth,22.5,18.0,25.87
Canada,FCEV,Cars,2026,EV sales,Low Growth,15.06,12.8,18.0
Canada,FCEV,Cars,2027,EV sales,Base Case,18.0,13.77,25.16
Canada,FCEV,Cars,2027,EV sales,High Growth,25.16,18.0,28.93
Canada,FCEV,Cars,2027,EV sales,Low Growth,13.77,11.71,18.0
Canada,FCEV,Cars,2028,EV sales,Base Case,18.0,12.6,28.12
Canada,FCEV,Cars,2028,EV sales,High Growth,28.12,18.0,32.34
Canada,FCEV,Cars,2028,EV sales,Low Growth,12.6,10.71,18.0
Canada,FCEV,Cars,2029,EV sales,Base Case,18.0,11.52,31.44
Canada,FCEV,Cars,2029,EV sales,High Growth,31.44,18.0,36.16
Canada,FCEV,Cars,2029,EV sales,Low Growth,11.52,9.79,18.0
Canada,FCEV,Cars,2030,EV sales,Base Case,18.0,10.54,35.16
Canada,FCEV,Cars,2030,EV sales,High Growth,35.16,18.0,40.43
Canada,FCEV,Cars,2030,EV sales,Low Growth,10.54,8.96,18.0
Canada,FCEV,Trucks,2025,EV sales,Base Case,6.49,5.93,7.25
Canada,FCEV,Trucks,2025,EV sales,High Growth,7.25,6.49,8.34
Canada,FCEV,Trucks,2025,EV sales,Low Growth,5.93,5.04,6.49
Canada,FCEV,Trucks,2026,EV sales,Base Case,5.4,4.52,6.75
Canada,FCEV,Trucks,2026,EV sales,High Growth,6.75,5.4,7.76
Canada,FCEV,Trucks,2026,EV sales,Low Growth,4.52,3.84,5.4
Canada,FCEV,Trucks,2027,EV sales,Base Case,5.4,4.13,7.55
Canada,FCEV,Trucks,2027,EV sales,High Growth,7.55,5.4,8.68
Canada,FCEV,Trucks,2027,EV sales,Low Growth,4.13,3.51,5.4
Canada,FCEV,Trucks,2028,EV sales,Base Case,5.4,3.78,8.44
Canada,FCEV,Trucks,2028,EV sales,High Growth,8.44,5.4,9.7
Canada,FCEV,Trucks,2028,EV sales,Low Growth,3.78,3.21,5.4
Canada,FCEV,Trucks,2029,EV sales,Base Case,5.4,3.46,9.43
Canada,FCEV,Trucks,2029,EV sales,High Growth,9.43,5.4,10.85
Canada,FCEV,Trucks,2029,EV sales,Low Growth,3.46,2.94,5.4
Canada,FCEV,Trucks,2030,EV sales,Base Case,5.4,3.16,10.55
Canada,FCEV,Trucks,2030,EV sales,High Growth,10.55,5.4,12.13
Canada,FCEV,Trucks,2030,EV sales,Low Growth,3.16,2.69,5.4
Canada,FCEV,Vans,2025,EV sales,Base Case,11.33,9.48,14.17
Canada,FCEV,Vans,2025,EV sales,High Growth,14.17,11.33,16.29
Canada,FCEV,Vans,2025,EV sales,Low Growth,9.48,8.06,11.33
Canada,FCEV,Vans,2026,EV sales,Base Case,10.47,8.01,14.63
Canada,FCEV,Vans,2026,EV sales,High Growth,14.63,10.47,16.82
Canada,FCEV,Vans,2026,EV sales,Low Growth,8.01,6.81,10.47
Canada,FCEV,Vans,2027,EV sales,Base Case,9.38,6.57,14.66
Canada,FCEV,Vans,2027,EV sales,High Growth,14.66,9.38,16.86
Canada,FCEV,Vans,2027,EV sales,Low Growth,6.57,5.58,9.38
Canada,FCEV,Vans,2028,EV sales,Base Case,9.0,5.76,15.72
Canada,FCEV,Vans,2028,EV sales,High Growth,15.72,9.0,18.08
Canada,FCEV,Vans,2028,EV sales,Low Growth,5.76,4.9,9.0
Canada,FCEV,Vans,2029,EV sales,Base Case,9.0,5.27,17.58
Canada,FCEV,Vans,2029,EV sales,High Growth,17.58,9.0,20.21
Canada,FCEV,Vans,2029,EV sales,Low Growth,5.27,4.48,9.0
Canada,FCEV,Vans,2030,EV sales,Base Case,9.0,4.82,19.65
Canada,FCEV,Vans,2030,EV sales,High Growth,19.65,9.0,22.6
Canada,FCEV,Vans,2030,EV sales,Low Growth,4.82,4.1,9.0
Canada,PHEV,Cars,2025,EV sales,Base Case,74730.16,68348.95,83550.85
Canada,PHEV,Cars,2025,EV sales,High Growth,83550.85,74730.16,96083.48
Canada,PHEV,Cars,2025,EV sales,Low Growth,68348.95,58096.61,74730.16
Canada,PHEV,Cars,2026,EV sales,Base Case,95848.39,80178.3,119810.49
Canada,PHEV,Cars,2026,EV sales,High Growth,119810.49,95848.39,137782.06
Canada,PHEV,Cars,2026,EV sales,Low Growth,80178.3,68151.55,95848.39
Canada,PHEV,Cars,2027,EV sales,Base Case,122729.57,93898.18,171519.79
Canada,PHEV,Cars,2027,EV sales,High Growth,171519.79,122729.57,197247.76
Canada,PHEV,Cars,2027,EV sales,Low Growth,93898.18,79813.46,122729.57
Canada,PHEV,Cars,2028,EV sales,Base Case,157168.0,109978.58,245575.01
Canada,PHEV,Cars,2028,EV sales,High Growth,245575.01,157168.0,282411.26
Canada,PHEV,Cars,2028,EV sales,Low Growth,109978.58,93481.79,157168.0
Canada,PHEV,Cars,2029,EV sales,Base Case,201586.03,129015.06,352156.29
Canada,PHEV,Cars,2029,EV sales,High Growth,352156.29,201586.03,404979.74
Canada,PHEV,Cars,2029,EV sales,Low Growth,129015.06,109662.8,201586.03
Canada,PHEV,Cars,2030,EV sales,Base Case,259253.78,151754.32,506355.04
Canada,PHEV,Cars,2030,EV sales,High Growth,506355.04,259253.78,582308.3
Canada,PHEV,Cars,2030,EV sales,Low Growth,151754.32,128991.17,259253.78
Canada,PHEV,Vans,2025,EV sales,Base Case,8139.8,7444.74,9100.57
Canada,PHEV,Vans,2025,EV sales,High Growth,9100.57,8139.8,10465.66
Canada,PHEV,Vans,2025,EV sales,Low Growth,7444.74,6328.03,8139.8
Canada,PHEV,Vans,2026,EV sales,Base Case,10560.27,8833.79,13200.33
Canada,PHEV,Vans,2026,EV sales,High Growth,13200.33,10560.27,15180.38
Canada,PHEV,Vans,2026,EV sales,Low Growth,8833.79,7508.72,10560.27
Canada,PHEV,Vans,2027,EV sales,Base Case,13605.44,10409.28,19014.18
Canada,PHEV,Vans,2027,EV sales,High Growth,19014.18,13605.44,21866.31
Canada,PHEV,Vans,2027,EV sales,Low Growth,10409.28,8847.89,13605.44
Canada,PHEV,Vans,2028,EV sales,Base Case,17460.54,12218.05,27282.1
Canada,PHEV,Vans,2028,EV sales,High Growth,27282.1,17460.54,31374.42
Canada,PHEV,Vans,2028,EV sales,Low Growth,12218.05,10385.34,17460.54
Canada,PHEV,Vans,2029,EV sales,Base Case,22375.62,14320.39,39088.59
Canada,PHEV,Vans,2029,EV sales,High Growth,39088.59,22375.62,44951.88
Canada,PHEV,Vans,2029,EV sales,Low Growth,14320.39,12172.34,22375.62
Canada,PHEV,Vans,2030,EV sales,Base Case,28688.23,16792.67,56031.69
Canada,PHEV,Vans,2030,EV sales,High Growth,56031.69,28688.23,64436.44
Canada,PHEV,Vans,2030,EV sales,Low Growth,16792.67,14273.77,28688.23
Chile,BEV,2 and 3 wheelers,2025,EV sales,Base Case,1170.0,1070.09,1308.1
Chile,BEV,2 and 3 wheelers,2025,EV sales,High Growth,1308.1,1170.0,1504.31
Chile,BEV,2 and 3 wheelers,2025,EV sales,Low Growth,1070.09,909.58,1170.0
Chile,BEV,2 and 3 wheelers,2026,EV sales,Base Case,1170.0,978.72,1462.5
Chile,BEV,2 and 3 wheelers,2026,EV sales,High Growth,1462.5,1170.0,1681.87
Chile,BEV,2 and 3 wheelers,2026,EV sales,Low Growth,978.72,831.91,1170.0
Chile,BEV,2 and 3 wheelers,2027,EV sales,Base Case,1170.0,895.15,1635.12
Chile,BEV,2 and 3 wheelers,2027,EV sales,High Growth,1635.12,1170.0,1880.39
Chile,BEV,2 and 3 wheelers,2027,EV sales,Low Growth,895.15,760.87,1170.0
Chile,BEV,2 and 3 wheelers,2028,EV sales,Base Case,1170.0,818.71,1828.12
Chile,BEV,2 and 3 wheelers,2028,EV sales,High Growth,1828.12,1170.0,2102.34
Chile,BEV,2 and 3 wheelers,2028,EV sales,Low Growth,818.71,695.9,1170.0
Chile,BEV,2 and 3 wheelers,2029,EV sales,Base Case,1170.0,748.8,2043.91
Chile,BEV,2 and 3 wheelers,2029,EV sales,High Growth,2043.91,1170.0,2350.49
Chile,BEV,2 and 3 wheelers,2029,EV sales,Low Growth,748.8,636.48,1170.0
Chile,BEV,2 and 3 wheelers,2030,EV sales,Base Case,1170.0,684.86,2285.16
Chile,BEV,2 and 3 wheelers,2030,EV sales,High Growth,2285.16,1170.0,2627.93
Chile,BEV,2 and 3 wheelers,2030,EV sales,Low Growth,684.86,582.13,1170.0
Chile,BEV,Cars,2025,EV sales,Base Case,5430.56,4966.85,6071.56
Chile,BEV,Cars,2025,EV sales,High Growth,6071.56,5430.56,6982.29
Chile,BEV,Cars,2025,EV sales,Low Growth,4966.85,4221.82,5430.56
Chile,BEV,Cars,2026,EV sales,Base Case,7203.6,6025.9,9004.5
Chile,BEV,Cars,2026,EV sales,High Growth,9004.5,7203.6,10355.17
Chile,BEV,Cars,2026,EV sales,Low Growth,6025.9,5122.01,7203.6
Chile,BEV,Cars,2027,EV sales,Base Case,9437.03,7220.1,13188.65
Chile,BEV,Cars,2027,EV sales,High Growth,13188.65,9437.03,15166.95
Chile,BEV,Cars,2027,EV sales,Low Growth,7220.1,6137.09,9437.03
Chile,BEV,Cars,2028,EV sales,Base Case,12261.1,8579.72,19157.96
Chile,BEV,Cars,2028,EV sales,High Growth,19157.96,12261.1,22031.66
Chile,BEV,Cars,2028,EV sales,Low Growth,8579.72,7292.77,12261.1
Chile,BEV,Cars,2029,EV sales,Base Case,15851.61,10145.03,27691.62
Chile,BEV,Cars,2029,EV sales,High Growth,27691.62,15851.61,31845.36
Chile,BEV,Cars,2029,EV sales,Low Growth,10145.03,8623.27,15851.61
Chile,BEV,Cars,2030,EV sales,Base Case,20445.91,11968.02,39933.42
Chile,BEV,Cars,2030,EV sales,High Growth,39933.42,20445.91,45923.43
Chile,BEV,Cars,2030,EV sales,Low Growth,11968.02,10172.82,20445.91
Chile,PHEV,Cars,2025,EV sales,Base Case,1362.98,1246.59,1523.86
Chile,PHEV,Cars,2025,EV sales,High Growth,1523.86,1362.98,1752.44
Chile,PHEV,Cars,2025,EV sales,Low Growth,1246.59,1059.61,1362.98
Chile,PHEV,Cars,2026,EV sales,Base Case,1789.87,1497.25,2237.34
Chile,PHEV,Cars,2026,EV sales,High Growth,2237.34,1789.87,2572.94
Chile,PHEV,Cars,2026,EV sales,Low Growth,1497.25,1272.66,1789.87
Chile,PHEV,Cars,2027,EV sales,Base Case,2327.31,1780.58,3252.52
Chile,PHEV,Cars,2027,EV sales,High Growth,3252.52,2327.31,3740.39
Chile,PHEV,Cars,2027,EV sales,Low Growth,1780.58,1513.5,2327.31
Chile,PHEV,Cars,2028,EV sales,Base Case,3007.14,2104.25,4698.65
Chile,PHEV,Cars,2028,EV sales,High Growth,4698.65,3007.14,5403.45
Chile,PHEV,Cars,2028,EV sales,Low Growth,2104.25,1788.61,3007.14
Chile,PHEV,Cars,2029,EV sales,Base Case,3872.33,2478.29,6764.67
Chile,PHEV,Cars,2029,EV sales,High Growth,6764.67,3872.33,7779.38
Chile,PHEV,Cars,2029,EV sales,Low Growth,2478.29,2106.55,3872.33
Chile,PHEV,Cars,2030,EV sales,Base Case,4980.89,2915.57,9728.31
Chile,PHEV,Cars,2030,EV sales,High Growth,9728.31,4980.89,11187.55
Chile,PHEV,Cars,2030,EV sales,Low Growth,2915.57,2478.23,4980.89
China,BEV,2 and 3 wheelers,2025,EV sales,Base Case,7967071.32,7286763.93,8907456.53
China,BEV,2 and 3 wheelers,2025,EV sales,High Growth,8907456.53,7967071.32,10243575.01
China,BEV,2 and 3 wheelers,2025,EV sales,Low Growth,7286763.93,6193749.34,7967071.32
China,BEV,2 and 3 wheelers,2026,EV sales,Base Case,8199771.07,6859203.96,10249713.83
China,BEV,2 and 3 wheelers,2026,EV sales,High Growth,10249713.83,8199771.07,11787170.91
China,BEV,2 and 3 wheelers,2026,EV sales,Low Growth,6859203.96,5830323.37,8199771.07
China,BEV,2 and 3 wheelers,2027,EV sales,Base Case,8387738.2,6417307.52,11722220.5
China,BEV,2 and 3 wheelers,2027,EV sales,High Growth,11722220.5,8387738.2,13480553.57
China,BEV,2 and 3 wheelers,2027,EV sales,Low Growth,6417307.52,5454711.39,8387738.2
China,BEV,2 and 3 wheelers,2028,EV sales,Base Case,8537100.81,5973851.04,13339220.02
China,BEV,2 and 3 wheelers,2028,EV sales,High Growth,13339220.02,8537100.81,15340103.02
China,BEV,2 and 3 wheelers,2028,EV sales,Low Growth,5973851.04,5077773.38,8537100.81
China,BEV,2 and 3 wheelers,2029,EV sales,Base Case,8654692.57,5539003.25,15119125.72
China,BEV,2 and 3 wheelers,2029,EV sales,High Growth,15119125.72,8654692.57,17386994.58
China,BEV,2 and 3 wheelers,2029,EV sales,Low Growth,5539003.25,4708152.76,8654692.57
China,BEV,2 and 3 wheelers,2030,EV sales,Base Case,8748134.0,5120724.32,17086199.21
China,BEV,2 and 3 wheelers,2030,EV sales,High Growth,17086199.21,8748134.0,19649129.1
China,BEV,2 and 3 wheelers,2030,EV sales,Low Growth,5120724.32,4352615.67,8748134.0
China,BEV,Buses,2025,EV sales,Base Case,43200.0,39511.16,48299.07
China,BEV,Buses,2025,EV sales,High Growth,48299.07,43200.0,55543.93
China,BEV,Buses,2025,EV sales,Low Growth,39511.16,33584.48,43200.0
China,BEV,Buses,2026,EV sales,Base Case,43200.0,36137.3,54000.0
China,BEV,Buses,2026,EV sales,High Growth,54000.0,43200.0,62100.0
China,BEV,Buses,2026,EV sales,Low Growth,36137.3,30716.71,43200.0
China,BEV,Buses,2027,EV sales,Base Case,43200.0,33051.54,60373.84
China,BEV,Buses,2027,EV sales,High Growth,60373.84,43200.0,69429.91
China,BEV,Buses,2027,EV sales,Low Growth,33051.54,28093.81,43200.0
China,BEV,Buses,2028,EV sales,Base Case,43200.0,30229.27,67500.0
China,BEV,Buses,2028,EV sales,High Growth,67500.0,43200.0,77625.0
China,BEV,Buses,2028,EV sales,Low Growth,30229.27,25694.88,43200.0
China,BEV,Buses,2029,EV sales,Base Case,43200.0,27648.0,75467.29
China,BEV,Buses,2029,EV sales,High Growth,75467.29,43200.0,86787.39
China,BEV,Buses,2029,EV sales,Low Growth,27648.0,23500.8,43200.0
China,BEV,Buses,2030,EV sales,Base Case,43200.0,25287.14,84375.0
China,BEV,Buses,2030,EV sales,High Growth,84375.0,43200.0,97031.25
China,BEV,Buses,2030,EV sales,Low Growth,25287.14,21494.07,43200.0
China,BEV,Cars,2025,EV sales,Base Case,8537502.31,7808485.87,9545217.76
China,BEV,Cars,2025,EV sales,High Growth,9545217.76,8537502.31,10977000.43
China,BEV,Cars,2025,EV sales,Low Growth,7808485.87,6637212.99,8537502.31
China,BEV,Cars,2026,EV sales,Base Case,11025061.46,9222592.27,13781326.83
China,BEV,Cars,2026,EV sales,High Growth,13781326.83,11025061.46,15848525.85
China,BEV,Cars,2026,EV sales,Low Growth,9222592.27,7839203.43,11025061.46
China,BEV,Cars,2027,EV sales,Base Case,14144801.2,10821932.79,19767960.63
China,BEV,Cars,2027,EV sales,High Growth,19767960.63,14144801.2,22733154.73
China,BEV,Cars,2027,EV sales,Low Growth,10821932.79,9198642.87,14144801.2
China,BEV,Cars,2028,EV sales,Base Case,18081941.53,12652869.82,28253033.65
China,BEV,Cars,2028,EV sales,High Growth,28253033.65,18081941.53,32490988.69
China,BEV,Cars,2028,EV sales,Low Growth,12652869.82,10754939.35,18081941.53
China,BEV,Cars,2029,EV sales,Base Case,23086529.46,14775378.85,40330507.21
China,BEV,Cars,2029,EV sales,High Growth,40330507.21,23086529.46,46380083.3
China,BEV,Cars,2029,EV sales,Low Growth,14775378.85,12559072.03,23086529.46
China,BEV,Cars,2030,EV sales,Base Case,29496128.42,17265572.53,57609625.83
China,BEV,Cars,2030,EV sales,High Growth,57609625.83,29496128.42,66251069.7
China,BEV,Cars,2030,EV sales,Low Growth,17265572.53,14675736.65,29496128.42
China,BEV,Trucks,2025,EV sales,Base Case,77531.39,70910.99,86682.73
China,BEV,Trucks,2025,EV sales,High Growth,86682.73,77531.39,99685.14
China,BEV,Trucks,2025,EV sales,Low Growth,70910.99,60274.34,77531.39
China,BEV,Trucks,2026,EV sales,Base Case,92510.15,77385.81,115637.68
China,BEV,Trucks,2026,EV sales,High Growth,115637.68,92510.15,132983.34
China,BEV,Trucks,2026,EV sales,Low Growth,77385.81,65777.94,92510.15
China,BEV,Trucks,2027,EV sales,Base Case,110011.82,84168.06,153746.19
China,BEV,Trucks,2027,EV sales,High Growth,153746.19,110011.82,176808.11
China,BEV,Trucks,2027,EV sales,Low Growth,84168.06,71542.85,110011.82
China,BEV,Trucks,2028,EV sales,Base Case,130302.67,91179.52,203597.92
China,BEV,Trucks,2028,EV sales,High Growth,203597.92,130302.67,234137.61
China,BEV,Trucks,2028,EV sales,Low Growth,91179.52,77502.59,130302.67
China,BEV,Trucks,2029,EV sales,Base Case,153697.2,98366.21,268497.95
China,BEV,Trucks,2029,EV sales,High Growth,268497.95,153697.2,308772.65
China,BEV,Trucks,2029,EV sales,Low Growth,98366.21,83611.28,153697.2
China,BEV,Trucks,2030,EV sales,Base Case,180566.81,105694.86,352669.54
China,BEV,Trucks,2030,EV sales,High Growth,352669.54,180566.81,405569.97
China,BEV,Trucks,2030,EV sales,Low Growth,105694.86,89840.63,180566.81
China,BEV,Vans,2025,EV sales,Base Case,558029.22,510379.16,623895.63
China,BEV,Vans,2025,EV sales,High Growth,623895.63,558029.22,717479.98
China,BEV,Vans,2025,EV sales,Low Growth,510379.16,433822.29,558029.22
China,BEV,Vans,2026,EV sales,Base Case,734840.36,614702.52,918550.45
China,BEV,Vans,2026,EV sales,High Growth,918550.45,734840.36,1056333.02
China,BEV,Vans,2026,EV sales,Low Growth,614702.52,522497.14,734840.36
China,BEV,Vans,2027,EV sales,Base Case,957500.12,732566.11,1338147.1
China,BEV,Vans,2027,EV sales,High Growth,1338147.1,957500.12,1538869.17
China,BEV,Vans,2027,EV sales,Low Growth,732566.11,622681.19,957500.12
China,BEV,Vans,2028,EV sales,Base Case,1239031.78,867014.63,1935987.16
China,BEV,Vans,2028,EV sales,High Growth,1935987.16,1239031.78,2226385.23
China,BEV,Vans,2028,EV sales,Low Growth,867014.63,736962.43,1239031.78
China,BEV,Vans,2029,EV sales,Base Case,1597016.77,1022090.73,2789873.48
China,BEV,Vans,2029,EV sales,High Growth,2789873.48,1597016.77,3208354.5
China,BEV,Vans,2029,EV sales,Low Growth,1022090.73,868777.12,1597016.77
China,BEV,Vans,2030,EV sales,Base Case,2055190.01,1203006.43,4014042.99
China,BEV,Vans,2030,EV sales,High Growth,4014042.99,2055190.01,4616149.43
China,BEV,Vans,2030,EV sales,Low Growth,1203006.43,1022555.47,2055190.01
China,FCEV,Buses,2025,EV sales,Base Case,1201.98,1099.34,1343.85
China,FCEV,Buses,2025,EV sales,High Growth,1343.85,1201.98,1545.43
China,FCEV,Buses,2025,EV sales,Low Growth,1099.34,934.44,1201.98
China,FCEV,Buses,2026,EV sales,Base Case,1269.0,1061.54,1586.25
China,FCEV,Buses,2026,EV sales,High Growth,1586.25,1269.0,1824.19
China,FCEV,Buses,2026,EV sales,Low Growth,1061.54,902.31,1269.0
China,FCEV,Buses,2027,EV sales,Base Case,1338.03,1023.7,1869.96
China,FCEV,Buses,2027,EV sales,High Growth,1869.96,1338.03,2150.45
China,FCEV,Buses,2027,EV sales,Low Growth,1023.7,870.15,1338.03
China,FCEV,Buses,2028,EV sales,Base Case,1411.88,987.97,2206.07
China,FCEV,Buses,2028,EV sales,High Growth,2206.07,1411.88,2536.98
China,FCEV,Buses,2028,EV sales,Low Growth,987.97,839.77,1411.88
China,FCEV,Buses,2029,EV sales,Base Case,1493.85,956.06,2609.64
China,FCEV,Buses,2029,EV sales,High Growth,2609.64,1493.85,3001.09
China,FCEV,Buses,2029,EV sales,Low Growth,956.06,812.65,1493.85
China,FCEV,Buses,2030,EV sales,Base Case,1587.74,929.39,3101.06
China,FCEV,Buses,2030,EV sales,High Growth,3101.06,1587.74,3566.22
China,FCEV,Buses,2030,EV sales,Low Growth,929.39,789.98,1587.74
China,FCEV,Cars,2025,EV sales,Base Case,184.68,168.91,206.48
China,FCEV,Cars,2025,EV sales,High Growth,206.48,184.68,237.45
China,FCEV,Cars,2025,EV sales,Low Growth,168.91,143.57,184.68
China,FCEV,Cars,2026,EV sales,Base Case,212.66,177.9,265.83
China,FCEV,Cars,2026,EV sales,High Growth,265.83,212.66,305.7
China,FCEV,Cars,2026,EV sales,Low Growth,177.9,151.21,212.66
China,FCEV,Cars,2027,EV sales,Base Case,244.9,187.37,342.26
China,FCEV,Cars,2027,EV sales,High Growth,342.26,244.9,393.6
China,FCEV,Cars,2027,EV sales,Low Growth,187.37,159.27,244.9
China,FCEV,Cars,2028,EV sales,Base Case,283.19,198.17,442.49
China,FCEV,Cars,2028,EV sales,High Growth,442.49,283.19,508.86
China,FCEV,Cars,2028,EV sales,Low Growth,198.17,168.44,283.19
China,FCEV,Cars,2029,EV sales,Base Case,329.96,211.17,576.41
China,FCEV,Cars,2029,EV sales,High Growth,576.41,329.96,662.87
China,FCEV,Cars,2029,EV sales,Low Growth,211.17,179.5,329.96
China,FCEV,Cars,2030,EV sales,Base Case,388.46,227.39,758.71
China,FCEV,Cars,2030,EV sales,High Growth,758.71,388.46,872.52
China,FCEV,Cars,2030,EV sales,Low Growth,227.39,193.28,388.46
China,FCEV,Trucks,2025,EV sales,Base Case,5610.96,5131.84,6273.24
China,FCEV,Trucks,2025,EV sales,High Growth,6273.24,5610.96,7214.23
China,FCEV,Trucks,2025,EV sales,Low Growth,5131.84,4362.06,5610.96
China,FCEV,Trucks,2026,EV sales,Base Case,7221.87,6041.18,9027.34
China,FCEV,Trucks,2026,EV sales,High Growth,9027.34,7221.87,10381.45
China,FCEV,Trucks,2026,EV sales,Low Growth,6041.18,5135.01,7221.87
China,FCEV,Trucks,2027,EV sales,Base Case,9258.68,7083.65,12939.39
China,FCEV,Trucks,2027,EV sales,High Growth,12939.39,9258.68,14880.3
China,FCEV,Trucks,2027,EV sales,Low Growth,7083.65,6021.1,9258.68
China,FCEV,Trucks,2028,EV sales,Base Case,11848.7,8291.15,18513.6
China,FCEV,Trucks,2028,EV sales,High Growth,18513.6,11848.7,21290.64
China,FCEV,Trucks,2028,EV sales,Low Growth,8291.15,7047.48,11848.7
China,FCEV,Trucks,2029,EV sales,Base Case,15163.86,9704.87,26490.17
China,FCEV,Trucks,2029,EV sales,High Growth,26490.17,15163.86,30463.69
China,FCEV,Trucks,2029,EV sales,Low Growth,9704.87,8249.14,15163.86
China,FCEV,Trucks,2030,EV sales,Base Case,19436.22,11377.0,37961.36
China,FCEV,Trucks,2030,EV sales,High Growth,37961.36,19436.22,43655.57
China,FCEV,Trucks,2030,EV sales,Low Growth,11377.0,9670.45,19436.22
China,FCEV,Vans,2025,EV sales,Base Case,3290.1,3009.16,3678.44
China,FCEV,Vans,2025,EV sales,High Growth,3678.44,3290.1,4230.21
China,FCEV,Vans,2025,EV sales,Low Growth,3009.16,2557.78,3290.1
China,FCEV,Vans,2026,EV sales,Base Case,4377.29,3661.65,5471.61
China,FCEV,Vans,2026,EV sales,High Growth,5471.61,4377.29,6292.35
China,FCEV,Vans,2026,EV sales,Low Growth,3661.65,3112.4,4377.29
China,FCEV,Vans,2027,EV sales,Base Case,5704.36,4364.31,7972.09
China,FCEV,Vans,2027,EV sales,High Growth,7972.09,5704.36,9167.9
China,FCEV,Vans,2027,EV sales,Low Growth,4364.31,3709.66,5704.36
China,FCEV,Vans,2028,EV sales,Base Case,7337.9,5134.71,11465.46
China,FCEV,Vans,2028,EV sales,High Growth,11465.46,7337.9,13185.28
China,FCEV,Vans,2028,EV sales,Low Growth,5134.71,4364.5,7337.9
China,FCEV,Vans,2029,EV sales,Base Case,9367.74,5995.36,16364.78
China,FCEV,Vans,2029,EV sales,High Growth,16364.78,9367.74,18819.49
China,FCEV,Vans,2029,EV sales,Low Growth,5995.36,5096.05,9367.74
China,FCEV,Vans,2030,EV sales,Base Case,11915.22,6974.58,23271.91
China,FCEV,Vans,2030,EV sales,High Growth,23271.91,11915.22,26762.7
China,FCEV,Vans,2030,EV sales,Low Growth,6974.58,5928.39,11915.22
China,PHEV,Buses,2025,EV sales,Base Case,3849.89,3220.48,4812.36
China,PHEV,Buses,2025,EV sales,High Growth,4812.36,3849.89,5534.21
China,PHEV,Buses,2025,EV sales,Low Growth,3220.48,2737.4,3849.89
China,PHEV,Buses,2026,EV sales,Base Case,5417.54,4144.86,7571.25
China,PHEV,Buses,2026,EV sales,High Growth,7571.25,5417.54,8706.93
China,PHEV,Buses,2026,EV sales,Low Growth,4144.86,3523.13,5417.54
China,PHEV,Buses,2027,EV sales,Base Case,7300.77,5108.73,11407.46
China,PHEV,Buses,2027,EV sales,High Growth,11407.46,7300.77,13118.58
China,PHEV,Buses,2027,EV sales,Low Growth,5108.73,4342.42,7300.77
China,PHEV,Buses,2028,EV sales,Base Case,9499.67,6079.79,16595.25
China,PHEV,Buses,2028,EV sales,High Growth,16595.25,9499.67,19084.53
China,PHEV,Buses,2028,EV sales,Low Growth,6079.79,5167.82,9499.67
China,PHEV,Buses,2029,EV sales,Base Case,12014.33,7032.6,23465.49
China,PHEV,Buses,2029,EV sales,High Growth,23465.49,12014.33,26985.32
China,PHEV,Buses,2029,EV sales,Low Growth,7032.6,5977.71,12014.33
China,PHEV,Buses,2030,EV sales,Base Case,14844.85,7947.45,32416.11
China,PHEV,Buses,2030,EV sales,High Growth,32416.11,14844.85,37278.53
China,PHEV,Buses,2030,EV sales,Low Growth,7947.45,6755.33,14844.85
China,PHEV,Cars,2025,EV sales,Base Case,6148179.76,5623187.33,6873873.94
China,PHEV,Cars,2025,EV sales,High Growth,6873873.94,6148179.76,7904955.03
China,PHEV,Cars,2025,EV sales,Low Growth,5623187.33,4779709.23,6148179.76
China,PHEV,Cars,2026,EV sales,Base Case,8137306.61,6806951.71,10171633.26
China,PHEV,Cars,2026,EV sales,High Growth,10171633.26,8137306.61,11697378.25
China,PHEV,Cars,2026,EV sales,Low Growth,6806951.71,5785908.96,8137306.61
China,PHEV,Cars,2027,EV sales,Base Case,10634492.23,8136258.58,14862154.7
China,PHEV,Cars,2027,EV sales,High Growth,14862154.7,10634492.23,17091477.91
China,PHEV,Cars,2027,EV sales,Low Growth,8136258.58,6915819.79,10634492.23
China,PHEV,Cars,2028,EV sales,Base Case,13781545.67,9643660.39,21533665.11
China,PHEV,Cars,2028,EV sales,High Growth,21533665.11,13781545.67,24763714.88
China,PHEV,Cars,2028,EV sales,Low Growth,9643660.39,8197111.33,13781545.67
China,PHEV,Cars,2029,EV sales,Base Case,17769909.19,11372741.88,31042753.82
China,PHEV,Cars,2029,EV sales,High Growth,31042753.82,17769909.19,35699166.9
China,PHEV,Cars,2029,EV sales,Low Growth,11372741.88,9666830.6,17769909.19
China,PHEV,Cars,2030,EV sales,Base Case,22858029.78,13379958.39,44644589.42
China,PHEV,Cars,2030,EV sales,High Growth,44644589.42,22858029.78,51341277.83
China,PHEV,Cars,2030,EV sales,Low Growth,13379958.39,11372964.64,22858029.78
China,PHEV,Trucks,2025,EV sales,Base Case,571.2,477.81,714.0
China,PHEV,Trucks,2025,EV sales,High Growth,714.0,571.2,821.1
China,PHEV,Trucks,2025,EV sales,Low Growth,477.81,406.14,571.2
China,PHEV,Trucks,2026,EV sales,Base Case,719.1,550.17,1004.98
China,PHEV,Trucks,2026,EV sales,High Growth,1004.98,719.1,1155.72
China,PHEV,Trucks,2026,EV sales,Low Growth,550.17,467.65,719.1
China,PHEV,Trucks,2027,EV sales,Base Case,904.51,632.93,1413.3
China,PHEV,Trucks,2027,EV sales,High Growth,1413.3,904.51,1625.29
China,PHEV,Trucks,2027,EV sales,Low Growth,632.93,537.99,904.51
China,PHEV,Trucks,2028,EV sales,Base Case,1139.92,729.55,1991.36
China,PHEV,Trucks,2028,EV sales,High Growth,1991.36,1139.92,2290.06
China,PHEV,Trucks,2028,EV sales,Low Growth,729.55,620.12,1139.92
China,PHEV,Trucks,2029,EV sales,Base Case,1442.21,844.2,2816.82
China,PHEV,Trucks,2029,EV sales,High Growth,2816.82,1442.21,3239.34
China,PHEV,Trucks,2029,EV sales,Low Growth,844.2,717.57,1442.21
China,PHEV,Trucks,2030,EV sales,Base Case,1834.17,981.95,4005.2
China,PHEV,Trucks,2030,EV sales,High Growth,4005.2,1834.17,4605.98
China,PHEV,Trucks,2030,EV sales,Low Growth,981.95,834.66,1834.17
China,PHEV,Vans,2025,EV sales,Base Case,3630.77,2777.84,5074.16
China,PHEV,Vans,2025,EV sales,High Growth,5074.16,3630.77,5835.28
China,PHEV,Vans,2025,EV sales,Low Growth,2777.84,2361.16,3630.77
China,PHEV,Vans,2026,EV sales,Base Case,4778.35,3343.66,7466.17
China,PHEV,Vans,2026,EV sales,High Growth,7466.17,4778.35,8586.09
China,PHEV,Vans,2026,EV sales,Low Growth,3343.66,2842.11,4778.35
China,PHEV,Vans,2027,EV sales,Base Case,6204.53,3970.9,10838.86
China,PHEV,Vans,2027,EV sales,High Growth,10838.86,6204.53,12464.69
China,PHEV,Vans,2027,EV sales,Low Growth,3970.9,3375.26,6204.53
China,PHEV,Vans,2028,EV sales,Base Case,7988.43,4676.03,15602.4
China,PHEV,Vans,2028,EV sales,High Growth,15602.4,7988.43,17942.75
China,PHEV,Vans,2028,EV sales,Low Growth,4676.03,3974.62,7988.43
China,PHEV,Vans,2029,EV sales,Base Case,10236.86,5480.48,22353.82
China,PHEV,Vans,2029,EV sales,High Growth,22353.82,10236.86,25706.89
China,PHEV,Vans,2029,EV sales,Low Growth,5480.48,4658.41,10236.86
China,PHEV,Vans,2030,EV sales,Base Case,13094.01,6411.51,31967.79
China,PHEV,Vans,2030,EV sales,High Growth,31967.79,13094.01,36762.96
China,PHEV,Vans,2030,EV sales,Low Growth,6411.51,5449.79,13094.01
Colombia,BEV,2 and 3 wheelers,2025,EV sales,Base Case,666.0,609.13,744.61
Colombia,BEV,2 and 3 wheelers,2025,EV sales,High Growth,744.61,666.0,856.3
Colombia,BEV,2 and 3 wheelers,2025,EV sales,Low Growth,609.13,517.76,666.0
Colombia,BEV,2 and 3 wheelers,2026,EV sales,Base Case,666.0,557.12,832.5
Colombia,BEV,2 and 3 wheelers,2026,EV sales,High Growth,832.5,666.0,957.37
Colombia,BEV,2 and 3 wheelers,2026,EV sales,Low Growth,557.12,473.55,666.0
Colombia,BEV,2 and 3 wheelers,2027,EV sales,Base Case,666.0,509.54,930.76
Colombia,BEV,2 and 3 wheelers,2027,EV sales,High Growth,930.76,666.0,1070.38
Colombia,BEV,2 and 3 wheelers,2027,EV sales,Low Growth,509.54,433.11,666.0
Colombia,BEV,2 and 3 wheelers,2028,EV sales,Base Case,666.0,466.03,1040.62
Colombia,BEV,2 and 3 wheelers,2028,EV sales,High Growth,1040.62,666.0,1196.72
Colombia,BEV,2 and 3 wheelers,2028,EV sales,Low Growth,466.03,396.13,666.0
Colombia,BEV,2 and 3 wheelers,2029,EV sales,Base Case,691.64,442.65,1208.24
Colombia,BEV,2 and 3 wheelers,2029,EV sales,High Growth,1208.24,691.64,1389.48
Colombia,BEV,2 and 3 wheelers,2029,EV sales,Low Growth,442.65,376.25,691.64
Colombia,BEV,2 and 3 wheelers,2030,EV sales,Base Case,783.82,458.81,1530.9
Colombia,BEV,2 and 3 wheelers,2030,EV sales,High Growth,1530.9,783.82,1760.53
Colombia,BEV,2 and 3 wheelers,2030,EV sales,Low Growth,458.81,389.99,783.82
Colombia,BEV,Cars,2025,EV sales,Base Case,13049.82,11935.5,14590.14
Colombia,BEV,Cars,2025,EV sales,High Growth,14590.14,13049.82,16778.66
Colombia,BEV,Cars,2025,EV sales,Low Growth,11935.5,10145.17,13049.82
Colombia,BEV,Cars,2026,EV sales,Base Case,17365.55,14526.49,21706.94
Colombia,BEV,Cars,2026,EV sales,High Growth,21706.94,17365.55,24962.99
Colombia,BEV,Cars,2026,EV sales,Low Growth,14526.49,12347.52,17365.55
Colombia,BEV,Cars,2027,EV sales,Base Case,22808.01,17450.0,31875.17
Colombia,BEV,Cars,2027,EV sales,High Growth,31875.17,22808.01,36656.44
Colombia,BEV,Cars,2027,EV sales,Low Growth,17450.0,14832.5,22808.01
Colombia,BEV,Cars,2028,EV sales,Base Case,29695.54,20779.51,46399.28
Colombia,BEV,Cars,2028,EV sales,High Growth,46399.28,29695.54,53359.18
Colombia,BEV,Cars,2028,EV sales,Low Growth,20779.51,17662.58,29695.54
Colombia,BEV,Cars,2029,EV sales,Base Case,38457.91,24613.06,67183.2
Colombia,BEV,Cars,2029,EV sales,High Growth,67183.2,38457.91,77260.68
Colombia,BEV,Cars,2029,EV sales,Low Growth,24613.06,20921.1,38457.91
Colombia,BEV,Cars,2030,EV sales,Base Case,49675.3,29077.46,97022.08
Colombia,BEV,Cars,2030,EV sales,High Growth,97022.08,49675.3,111575.39
Colombia,BEV,Cars,2030,EV sales,Low Growth,29077.46,24715.84,49675.3
Colombia,PHEV,Cars,2025,EV sales,Base Case,2908.09,2659.77,3251.34
Colombia,PHEV,Cars,2025,EV sales,High Growth,3251.34,2908.09,3739.05
Colombia,PHEV,Cars,2025,EV sales,Low Growth,2659.77,2260.8,2908.09
Colombia,PHEV,Cars,2026,EV sales,Base Case,3664.59,3065.47,4580.73
Colombia,PHEV,Cars,2026,EV sales,High Growth,4580.73,3664.59,5267.84
Colombia,PHEV,Cars,2026,EV sales,Low Growth,3065.47,2605.65,3664.59
Colombia,PHEV,Cars,2027,EV sales,Base Case,4613.71,3529.87,6447.86
Colombia,PHEV,Cars,2027,EV sales,High Growth,6447.86,4613.71,7415.04
Colombia,PHEV,Cars,2027,EV sales,Low Growth,3529.87,3000.39,4613.71
Colombia,PHEV,Cars,2028,EV sales,Base Case,5816.24,4069.92,9087.88
Colombia,PHEV,Cars,2028,EV sales,High Growth,9087.88,5816.24,10451.06
Colombia,PHEV,Cars,2028,EV sales,Low Growth,4069.92,3459.44,5816.24
Colombia,PHEV,Cars,2029,EV sales,Base Case,7354.22,4706.7,12847.29
Colombia,PHEV,Cars,2029,EV sales,High Growth,12847.29,7354.22,14774.38
Colombia,PHEV,Cars,2029,EV sales,Low Growth,4706.7,4000.69,7354.22
Colombia,PHEV,Cars,2030,EV sales,Base Case,9338.41,5466.24,18239.08
Colombia,PHEV,Cars,2030,EV sales,High Growth,18239.08,9338.41,20974.94
Colombia,PHEV,Cars,2030,EV sales,Low Growth,5466.24,4646.31,9338.41
Costa Rica,BEV,2 and 3 wheelers,2025,EV sales,Base Case,99.0,90.55,110.69
Costa Rica,BEV,2 and 3 wheelers,2025,EV sales,High Growth,110.69,99.0,127.29
Costa Rica,BEV,2 and 3 wheelers,2025,EV sales,Low Growth,90.55,76.96,99.0
Costa Rica,BEV,2 and 3 wheelers,2026,EV sales,Base Case,99.0,82.81,123.75
Costa Rica,BEV,2 and 3 wheelers,2026,EV sales,High Growth,123.75,99.0,142.31
Costa Rica,BEV,2 and 3 wheelers,2026,EV sales,Low Growth,82.81,70.39,99.0
Costa Rica,BEV,2 and 3 wheelers,2027,EV sales,Base Case,99.0,75.74,138.36
Costa Rica,BEV,2 and 3 wheelers,2027,EV sales,High Growth,138.36,99.0,159.11
Costa Rica,BEV,2 and 3 wheelers,2027,EV sales,Low Growth,75.74,64.38,99.0
Costa Rica,BEV,2 and 3 wheelers,2028,EV sales,Base Case,102.68,71.85,160.44
Costa Rica,BEV,2 and 3 wheelers,2028,EV sales,High Growth,160.44,102.68,184.5
Costa Rica,BEV,2 and 3 wheelers,2028,EV sales,Low Growth,71.85,61.07,102.68
Costa Rica,BEV,2 and 3 wheelers,2029,EV sales,Base Case,120.02,76.82,209.67
Costa Rica,BEV,2 and 3 wheelers,2029,EV sales,High Growth,209.67,120.02,241.12
Costa Rica,BEV,2 and 3 wheelers,2029,EV sales,Low Growth,76.82,65.29,120.02
Costa Rica,BEV,2 and 3 wheelers,2030,EV sales,Base Case,140.3,82.12,274.02
Costa Rica,BEV,2 and 3 wheelers,2030,EV sales,High Growth,274.02,140.3,315.12
Costa Rica,BEV,2 and 3 wheelers,2030,EV sales,Low Growth,82.12,69.8,140.3
Costa Rica,BEV,Cars,2025,EV sales,Base Case,13901.78,12714.71,15542.66
Costa Rica,BEV,Cars,2025,EV sales,High Growth,15542.66,13901.78,17874.06
Costa Rica,BEV,Cars,2025,EV sales,Low Growth,12714.71,10807.5,13901.78
Costa Rica,BEV,Cars,2026,EV sales,Base Case,18530.05,15500.61,23162.57
Costa Rica,BEV,Cars,2026,EV sales,High Growth,23162.57,18530.05,26636.95
Costa Rica,BEV,Cars,2026,EV sales,Low Growth,15500.61,13175.52,18530.05
Costa Rica,BEV,Cars,2027,EV sales,Base Case,24333.59,18617.19,34007.23
Costa Rica,BEV,Cars,2027,EV sales,High Growth,34007.23,24333.59,39108.31
Costa Rica,BEV,Cars,2027,EV sales,Low Growth,18617.19,15824.61,24333.59
Costa Rica,BEV,Cars,2028,EV sales,Base Case,31630.74,22133.66,49423.03
Costa Rica,BEV,Cars,2028,EV sales,High Growth,49423.03,31630.74,56836.48
Costa Rica,BEV,Cars,2028,EV sales,Low Growth,22133.66,18813.61,31630.74
Costa Rica,BEV,Cars,2029,EV sales,Base Case,40851.26,26144.81,71364.22
Costa Rica,BEV,Cars,2029,EV sales,High Growth,71364.22,40851.26,82068.85
Costa Rica,BEV,Cars,2029,EV sales,Low Growth,26144.81,22223.09,40851.26
Costa Rica,BEV,Cars,2030,EV sales,Base Case,52575.35,30775.01,102686.24
Costa Rica,BEV,Cars,2030,EV sales,High Growth,102686.24,52575.35,118089.17
Costa Rica,BEV,Cars,2030,EV sales,Low Growth,30775.01,26158.76,52575.35
Costa Rica,PHEV,Cars,2025,EV sales,Base Case,24.33,22.26,27.21
Costa Rica,PHEV,Cars,2025,EV sales,High Growth,27.21,24.33,31.29
Costa Rica,PHEV,Cars,2025,EV sales,Low Growth,22.26,18.92,24.33
Costa Rica,PHEV,Cars,2026,EV sales,Base Case,19.8,16.56,24.75
Costa Rica,PHEV,Cars,2026,EV sales,High Growth,24.75,19.8,28.46
Costa Rica,PHEV,Cars,2026,EV sales,Low Growth,16.56,14.08,19.8
Costa Rica,PHEV,Cars,2027,EV sales,Base Case,19.8,15.15,27.67
Costa Rica,PHEV,Cars,2027,EV sales,High Growth,27.67,19.8,31.82
Costa Rica,PHEV,Cars,2027,EV sales,Low Growth,15.15,12.88,19.8
Costa Rica,PHEV,Cars,2028,EV sales,Base Case,19.8,13.86,30.94
Costa Rica,PHEV,Cars,2028,EV sales,High Growth,30.94,19.8,35.58
Costa Rica,PHEV,Cars,2028,EV sales,Low Growth,13.86,11.78,19.8
Costa Rica,PHEV,Cars,2029,EV sales,Base Case,19.8,12.67,34.59
Costa Rica,PHEV,Cars,2029,EV sales,High Growth,34.59,19.8,39.78
Costa Rica,PHEV,Cars,2029,EV sales,Low Growth,12.67,10.77,19.8
Costa Rica,PHEV,Cars,2030,EV sales,Base Case,19.8,11.59,38.67
Costa Rica,PHEV,Cars,2030,EV sales,High Growth,38.67,19.8,44.47
Costa Rica,PHEV,Cars,2030,EV sales,Low Growth,11.59,9.85,19.8
Croatia,BEV,Cars,2025,EV sales,Base Case,2374.9,2172.1,2655.21
Croatia,BEV,Cars,2025,EV sales,High Growth,2655.21,2374.9,3053.5
Croatia,BEV,Cars,2025,EV sales,Low Growth,2172.1,1846.29,2374.9
Croatia,BEV,Cars,2026,EV sales,Base Case,2989.69,2500.91,3737.12
Croatia,BEV,Cars,2026,EV sales,High Growth,3737.12,2989.69,4297.68
Croatia,BEV,Cars,2026,EV sales,Low Growth,2500.91,2125.78,2989.69
Croatia,BEV,Cars,2027,EV sales,Base Case,3761.92,2878.18,5257.44
Croatia,BEV,Cars,2027,EV sales,High Growth,5257.44,3761.92,6046.06
Croatia,BEV,Cars,2027,EV sales,Low Growth,2878.18,2446.45,3761.92
Croatia,BEV,Cars,2028,EV sales,Base Case,4743.67,3319.39,7411.99
Croatia,BEV,Cars,2028,EV sales,High Growth,7411.99,4743.67,8523.78
Croatia,BEV,Cars,2028,EV sales,Low Growth,3319.39,2821.48,4743.67
Croatia,BEV,Cars,2029,EV sales,Base Case,6005.27,3843.37,10490.77
Croatia,BEV,Cars,2029,EV sales,High Growth,10490.77,6005.27,12064.39
Croatia,BEV,Cars,2029,EV sales,Low Growth,3843.37,3266.87,6005.27
Croatia,BEV,Cars,2030,EV sales,Base Case,7641.65,4473.05,14925.11
Croatia,BEV,Cars,2030,EV sales,High Growth,14925.11,7641.65,17163.87
Croatia,BEV,Cars,2030,EV sales,Low Growth,4473.05,3802.09,7641.65
Croatia,PHEV,Cars,2025,EV sales,Base Case,1847.02,1689.3,2065.03
Croatia,PHEV,Cars,2025,EV sales,High Growth,2065.03,1847.02,2374.78
Croatia,PHEV,Cars,2025,EV sales,Low Growth,1689.3,1435.91,1847.02
Croatia,PHEV,Cars,2026,EV sales,Base Case,2400.94,2008.41,3001.18
Croatia,PHEV,Cars,2026,EV sales,High Growth,3001.18,2400.94,3451.35
Croatia,PHEV,Cars,2026,EV sales,Low Growth,2008.41,1707.15,2400.94
Croatia,PHEV,Cars,2027,EV sales,Base Case,3091.93,2365.58,4321.1
Croatia,PHEV,Cars,2027,EV sales,High Growth,4321.1,3091.93,4969.27
Croatia,PHEV,Cars,2027,EV sales,Low Growth,2365.58,2010.74,3091.93
Croatia,PHEV,Cars,2028,EV sales,Base Case,3960.5,2771.37,6188.28
Croatia,PHEV,Cars,2028,EV sales,High Growth,6188.28,3960.5,7116.52
Croatia,PHEV,Cars,2028,EV sales,Low Growth,2771.37,2355.66,3960.5
Croatia,PHEV,Cars,2029,EV sales,Base Case,5061.35,3239.26,8841.81
Croatia,PHEV,Cars,2029,EV sales,High Growth,8841.81,5061.35,10168.08
Croatia,PHEV,Cars,2029,EV sales,Low Growth,3239.26,2753.37,5061.35
Croatia,PHEV,Cars,2030,EV sales,Base Case,6468.32,3786.24,12633.44
Croatia,PHEV,Cars,2030,EV sales,High Growth,12633.44,6468.32,14528.46
Croatia,PHEV,Cars,2030,EV sales,Low Growth,3786.24,3218.3,6468.32
Cyprus,BEV,Cars,2025,EV sales,Base Case,1575.66,1441.12,1761.65
Cyprus,BEV,Cars,2025,EV sales,High Growth,1761.65,1575.66,2025.89
Cyprus,BEV,Cars,2025,EV sales,Low Growth,1441.12,1224.95,1575.66
Cyprus,BEV,Cars,2026,EV sales,Base Case,2087.42,1746.15,2609.27
Cyprus,BEV,Cars,2026,EV sales,High Growth,2609.27,2087.42,3000.66
Cyprus,BEV,Cars,2026,EV sales,Low Growth,1746.15,1484.23,2087.42
Cyprus,BEV,Cars,2027,EV sales,Base Case,2724.62,2084.56,3807.78
Cyprus,BEV,Cars,2027,EV sales,High Growth,3807.78,2724.62,4378.94
Cyprus,BEV,Cars,2027,EV sales,Low Growth,2084.56,1771.88,2724.62
Cyprus,BEV,Cars,2028,EV sales,Base Case,3522.01,2464.53,5503.14
Cyprus,BEV,Cars,2028,EV sales,High Growth,5503.14,3522.01,6328.61
Cyprus,BEV,Cars,2028,EV sales,Low Growth,2464.53,2094.85,3522.01
Cyprus,BEV,Cars,2029,EV sales,Base Case,4526.47,2896.94,7907.41
Cyprus,BEV,Cars,2029,EV sales,High Growth,7907.41,4526.47,9093.52
Cyprus,BEV,Cars,2029,EV sales,Low Growth,2896.94,2462.4,4526.47
Cyprus,BEV,Cars,2030,EV sales,Base Case,5801.28,3395.78,11330.63
Cyprus,BEV,Cars,2030,EV sales,High Growth,11330.63,5801.28,13030.22
Cyprus,BEV,Cars,2030,EV sales,Low Growth,3395.78,2886.41,5801.28
Cyprus,PHEV,Cars,2025,EV sales,Base Case,884.66,809.12,989.08
Cyprus,PHEV,Cars,2025,EV sales,High Growth,989.08,884.66,1137.44
Cyprus,PHEV,Cars,2025,EV sales,Low Growth,809.12,687.75,884.66
Cyprus,PHEV,Cars,2026,EV sales,Base Case,1163.39,973.19,1454.24
Cyprus,PHEV,Cars,2026,EV sales,High Growth,1454.24,1163.39,1672.37
Cyprus,PHEV,Cars,2026,EV sales,Low Growth,973.19,827.21,1163.39
Cyprus,PHEV,Cars,2027,EV sales,Base Case,1509.18,1154.64,2109.14
Cyprus,PHEV,Cars,2027,EV sales,High Growth,2109.14,1509.18,2425.51
Cyprus,PHEV,Cars,2027,EV sales,Low Growth,1154.64,981.45,1509.18
Cyprus,PHEV,Cars,2028,EV sales,Base Case,1941.12,1358.3,3033.0
Cyprus,PHEV,Cars,2028,EV sales,High Growth,3033.0,1941.12,3487.95
Cyprus,PHEV,Cars,2028,EV sales,Low Growth,1358.3,1154.56,1941.12
Cyprus,PHEV,Cars,2029,EV sales,Base Case,2485.0,1590.4,4341.12
Cyprus,PHEV,Cars,2029,EV sales,High Growth,4341.12,2485.0,4992.29
Cyprus,PHEV,Cars,2029,EV sales,Low Growth,1590.4,1351.84,2485.0
Cyprus,PHEV,Cars,2030,EV sales,Base Case,3175.64,1858.86,6202.42
Cyprus,PHEV,Cars,2030,EV sales,High Growth,6202.42,3175.64,7132.79
Cyprus,PHEV,Cars,2030,EV sales,Low Growth,1858.86,1580.03,3175.64
Czechia,BEV,Cars,2025,EV sales,Base Case,13742.07,12568.64,15364.1
Czechia,BEV,Cars,2025,EV sales,High Growth,15364.1,13742.07,17668.72
Czechia,BEV,Cars,2025,EV sales,Low Growth,12568.64,10683.34,13742.07
Czechia,BEV,Cars,2026,EV sales,Base Case,17944.74,15010.99,22430.93
Czechia,BEV,Cars,2026,EV sales,High Growth,22430.93,17944.74,25795.57
Czechia,BEV,Cars,2026,EV sales,Low Growth,15010.99,12759.34,17944.74
Czechia,BEV,Cars,2027,EV sales,Base Case,23238.89,17779.65,32477.33
Czechia,BEV,Cars,2027,EV sales,High Growth,32477.33,23238.89,37348.93
Czechia,BEV,Cars,2027,EV sales,Low Growth,17779.65,15112.71,23238.89
Czechia,BEV,Cars,2028,EV sales,Base Case,29942.85,20952.56,46785.7
Czechia,BEV,Cars,2028,EV sales,High Growth,46785.7,29942.85,53803.56
Czechia,BEV,Cars,2028,EV sales,Low Growth,20952.56,17809.68,29942.85
Czechia,BEV,Cars,2029,EV sales,Base Case,38486.4,24631.29,67232.97
Czechia,BEV,Cars,2029,EV sales,High Growth,67232.97,38486.4,77317.91
Czechia,BEV,Cars,2029,EV sales,Low Growth,24631.29,20936.6,38486.4
Czechia,BEV,Cars,2030,EV sales,Base Case,49449.72,28945.42,96581.48
Czechia,BEV,Cars,2030,EV sales,High Growth,96581.48,49449.72,111068.7
Czechia,BEV,Cars,2030,EV sales,Low Growth,28945.42,24603.6,49449.72
Czechia,PHEV,Cars,2025,EV sales,Base Case,6515.06,5958.74,7284.05
Czechia,PHEV,Cars,2025,EV sales,High Growth,7284.05,6515.06,8376.66
Czechia,PHEV,Cars,2025,EV sales,Low Growth,5958.74,5064.93,6515.06
Czechia,PHEV,Cars,2026,EV sales,Base Case,8162.5,6828.03,10203.13
Czechia,PHEV,Cars,2026,EV sales,High Growth,10203.13,8162.5,11733.6
Czechia,PHEV,Cars,2026,EV sales,Low Growth,6828.03,5803.83,8162.5
Czechia,PHEV,Cars,2027,EV sales,Base Case,10225.02,7822.98,14289.9
Czechia,PHEV,Cars,2027,EV sales,High Growth,14289.9,10225.02,16433.38
Czechia,PHEV,Cars,2027,EV sales,Low Growth,7822.98,6649.53,10225.02
Czechia,PHEV,Cars,2028,EV sales,Base Case,12841.52,8985.88,20064.87
Czechia,PHEV,Cars,2028,EV sales,High Growth,20064.87,12841.52,23074.61
Czechia,PHEV,Cars,2028,EV sales,Low Growth,8985.88,7637.99,12841.52
Czechia,PHEV,Cars,2029,EV sales,Base Case,16199.54,10367.7,28299.43
Czechia,PHEV,Cars,2029,EV sales,High Growth,28299.43,16199.54,32544.34
Czechia,PHEV,Cars,2029,EV sales,Low Growth,10367.7,8812.55,16199.54
Czechia,PHEV,Cars,2030,EV sales,Base Case,20552.25,12030.27,40141.11
Czechia,PHEV,Cars,2030,EV sales,High Growth,40141.11,20552.25,46162.27
Czechia,PHEV,Cars,2030,EV sales,Low Growth,12030.27,10225.73,20552.25
Denmark,BEV,2 and 3 wheelers,2025,EV sales,Base Case,3662.5,3349.76,4094.8
Denmark,BEV,2 and 3 wheelers,2025,EV sales,High Growth,4094.8,3662.5,4709.02
Denmark,BEV,2 and 3 wheelers,2025,EV sales,Low Growth,3349.76,2847.3,3662.5
Denmark,BEV,2 and 3 wheelers,2026,EV sales,Base Case,4220.98,3530.9,5276.23
Denmark,BEV,2 and 3 wheelers,2026,EV sales,High Growth,5276.23,4220.98,6067.66
Denmark,BEV,2 and 3 wheelers,2026,EV sales,Low Growth,3530.9,3001.27,4220.98
Denmark,BEV,2 and 3 wheelers,2027,EV sales,Base Case,4888.44,3740.06,6831.8
Denmark,BEV,2 and 3 wheelers,2027,EV sales,High Growth,6831.8,4888.44,7856.57
Denmark,BEV,2 and 3 wheelers,2027,EV sales,Low Growth,3740.06,3179.05,4888.44
Denmark,BEV,2 and 3 wheelers,2028,EV sales,Base Case,5701.31,3989.5,8908.3
Denmark,BEV,2 and 3 wheelers,2028,EV sales,High Growth,8908.3,5701.31,10244.54
Denmark,BEV,2 and 3 wheelers,2028,EV sales,Low Growth,3989.5,3391.08,5701.31
Denmark,BEV,2 and 3 wheelers,2029,EV sales,Base Case,6706.1,4291.9,11715.08
Denmark,BEV,2 and 3 wheelers,2029,EV sales,High Growth,11715.08,6706.1,13472.34
Denmark,BEV,2 and 3 wheelers,2029,EV sales,Low Growth,4291.9,3648.12,6706.1
Denmark,BEV,2 and 3 wheelers,2030,EV sales,Base Case,7962.19,4660.67,15551.15
Denmark,BEV,2 and 3 wheelers,2030,EV sales,High Growth,15551.15,7962.19,17883.82
Denmark,BEV,2 and 3 wheelers,2030,EV sales,Low Growth,4660.67,3961.57,7962.19
Denmark,BEV,Buses,2025,EV sales,Base Case,481.12,440.04,537.91
Denmark,BEV,Buses,2025,EV sales,High Growth,537.91,481.12,618.59
Denmark,BEV,Buses,2025,EV sales,Low Growth,440.04,374.03,481.12
Denmark,BEV,Buses,2026,EV sales,Base Case,616.24,515.49,770.3
Denmark,BEV,Buses,2026,EV sales,High Growth,770.3,616.24,885.85
Denmark,BEV,Buses,2026,EV sales,Low Growth,515.49,438.17,616.24
Denmark,BEV,Buses,2027,EV sales,Base Case,786.16,601.48,1098.69
Denmark,BEV,Buses,2027,EV sales,High Growth,1098.69,786.16,1263.5
Denmark,BEV,Buses,2027,EV sales,Low Growth,601.48,511.26,786.16
Denmark,BEV,Buses,2028,EV sales,Base Case,1001.58,700.86,1564.98
Denmark,BEV,Buses,2028,EV sales,High Growth,1564.98,1001.58,1799.72
Denmark,BEV,Buses,2028,EV sales,Low Growth,700.86,595.73,1001.58
Denmark,BEV,Buses,2029,EV sales,Base Case,1276.97,817.26,2230.78
Denmark,BEV,Buses,2029,EV sales,High Growth,2230.78,1276.97,2565.39
Denmark,BEV,Buses,2029,EV sales,Low Growth,817.26,694.67,1276.97
Denmark,BEV,Buses,2030,EV sales,Base Case,1631.84,955.2,3187.18
Denmark,BEV,Buses,2030,EV sales,High Growth,3187.18,1631.84,3665.25
Denmark,BEV,Buses,2030,EV sales,Low Growth,955.2,811.92,1631.84
Denmark,BEV,Cars,2025,EV sales,Base Case,115242.54,105401.99,128845.08
Denmark,BEV,Cars,2025,EV sales,High Growth,128845.08,115242.54,148171.84
Denmark,BEV,Cars,2025,EV sales,Low Growth,105401.99,89591.69,115242.54
Denmark,BEV,Cars,2026,EV sales,Base Case,151221.51,126498.56,189026.89
Denmark,BEV,Cars,2026,EV sales,High Growth,189026.89,151221.51,217380.92
Denmark,BEV,Cars,2026,EV sales,Low Growth,126498.56,107523.77,151221.51
Denmark,BEV,Cars,2027,EV sales,Base Case,196325.03,150204.75,274372.57
Denmark,BEV,Cars,2027,EV sales,High Growth,274372.57,196325.03,315528.46
Denmark,BEV,Cars,2027,EV sales,Low Growth,150204.75,127674.04,196325.03
Denmark,BEV,Cars,2028,EV sales,Base Case,253128.82,177127.33,395513.78
Denmark,BEV,Cars,2028,EV sales,High Growth,395513.78,253128.82,454840.84
Denmark,BEV,Cars,2028,EV sales,Low Growth,177127.33,150558.23,253128.82
Denmark,BEV,Cars,2029,EV sales,Base Case,325110.08,208070.45,567943.94
Denmark,BEV,Cars,2029,EV sales,High Growth,567943.94,325110.08,653135.53
Denmark,BEV,Cars,2029,EV sales,Low Growth,208070.45,176859.88,325110.08
Denmark,BEV,Cars,2030,EV sales,Base Case,416963.07,244069.53,814380.99
Denmark,BEV,Cars,2030,EV sales,High Growth,814380.99,416963.07,936538.14
Denmark,BEV,Cars,2030,EV sales,Low Growth,244069.53,207459.1,416963.07
Denmark,BEV,Trucks,2025,EV sales,Base Case,591.66,541.13,661.49
Denmark,BEV,Trucks,2025,EV sales,High Growth,661.49,591.66,760.72
Denmark,BEV,Trucks,2025,EV sales,Low Growth,541.13,459.96,591.66
Denmark,BEV,Trucks,2026,EV sales,Base Case,788.45,659.54,985.56
Denmark,BEV,Trucks,2026,EV sales,High Growth,985.56,788.45,1133.39
Denmark,BEV,Trucks,2026,EV sales,Low Growth,659.54,560.61,788.45
Denmark,BEV,Trucks,2027,EV sales,Base Case,1034.37,791.38,1445.58
Denmark,BEV,Trucks,2027,EV sales,High Growth,1445.58,1034.37,1662.42
Denmark,BEV,Trucks,2027,EV sales,Low Growth,791.38,672.67,1034.37
Denmark,BEV,Trucks,2028,EV sales,Base Case,1342.46,939.39,2097.6
Denmark,BEV,Trucks,2028,EV sales,High Growth,2097.6,1342.46,2412.24
Denmark,BEV,Trucks,2028,EV sales,Low Growth,939.39,798.48,1342.46
Denmark,BEV,Trucks,2029,EV sales,Base Case,1730.3,1107.39,3022.71
Denmark,BEV,Trucks,2029,EV sales,High Growth,3022.71,1730.3,3476.11
Denmark,BEV,Trucks,2029,EV sales,Low Growth,1107.39,941.28,1730.3
Denmark,BEV,Trucks,2030,EV sales,Base Case,2221.61,1300.42,4339.08
Denmark,BEV,Trucks,2030,EV sales,High Growth,4339.08,2221.61,4989.94
Denmark,BEV,Trucks,2030,EV sales,Low Growth,1300.42,1105.36,2221.61
Denmark,BEV,Vans,2025,EV sales,Base Case,5560.83,5085.99,6217.2
Denmark,BEV,Vans,2025,EV sales,High Growth,6217.2,5560.83,7149.78
Denmark,BEV,Vans,2025,EV sales,Low Growth,5085.99,4323.09,5560.83
Denmark,BEV,Vans,2026,EV sales,Base Case,7271.36,6082.58,9089.2
Denmark,BEV,Vans,2026,EV sales,High Growth,9089.2,7271.36,10452.58
Denmark,BEV,Vans,2026,EV sales,Low Growth,6082.58,5170.19,7271.36
Denmark,BEV,Vans,2027,EV sales,Base Case,9417.76,7205.36,13161.73
Denmark,BEV,Vans,2027,EV sales,High Growth,13161.73,9417.76,15135.98
Denmark,BEV,Vans,2027,EV sales,Low Growth,7205.36,6124.56,9417.76
Denmark,BEV,Vans,2028,EV sales,Base Case,12124.49,8484.14,18944.52
Denmark,BEV,Vans,2028,EV sales,High Growth,18944.52,12124.49,21786.2
Denmark,BEV,Vans,2028,EV sales,Low Growth,8484.14,7211.51,12124.49
Denmark,BEV,Vans,2029,EV sales,Base Case,15559.55,9958.11,27181.41
Denmark,BEV,Vans,2029,EV sales,High Growth,27181.41,15559.55,31258.62
Denmark,BEV,Vans,2029,EV sales,Low Growth,9958.11,8464.39,15559.55
Denmark,BEV,Vans,2030,EV sales,Base Case,19949.72,11677.58,38964.3
Denmark,BEV,Vans,2030,EV sales,High Growth,38964.3,19949.72,44808.95
Denmark,BEV,Vans,2030,EV sales,Low Growth,11677.58,9925.94,19949.72
Denmark,FCEV,Cars,2025,EV sales,Base Case,4.85,4.05,6.06
Denmark,FCEV,Cars,2025,EV sales,High Growth,6.06,4.85,6.97
Denmark,FCEV,Cars,2025,EV sales,Low Growth,4.05,3.45,4.85
Denmark,FCEV,Cars,2026,EV sales,Base Case,1.74,1.33,2.43
Denmark,FCEV,Cars,2026,EV sales,High Growth,2.43,1.74,2.79
Denmark,FCEV,Cars,2026,EV sales,Low Growth,1.33,1.13,1.74
Denmark,FCEV,Cars,2027,EV sales,Base Case,0.9,0.63,1.41
Denmark,FCEV,Cars,2027,EV sales,High Growth,1.41,0.9,1.62
Denmark,FCEV,Cars,2027,EV sales,Low Growth,0.63,0.54,0.9
Denmark,FCEV,Cars,2028,EV sales,Base Case,0.9,0.58,1.57
Denmark,FCEV,Cars,2028,EV sales,High Growth,1.57,0.9,1.81
Denmark,FCEV,Cars,2028,EV sales,Low Growth,0.58,0.49,0.9
Denmark,FCEV,Cars,2029,EV sales,Base Case,0.9,0.53,1.76
Denmark,FCEV,Cars,2029,EV sales,High Growth,1.76,0.9,2.02
Denmark,FCEV,Cars,2029,EV sales,Low Growth,0.53,0.45,0.9
Denmark,FCEV,Cars,2030,EV sales,Base Case,0.9,0.48,1.97
Denmark,FCEV,Cars,2030,EV sales,High Growth,1.97,0.9,2.26
Denmark,FCEV,Cars,2030,EV sales,Low Growth,0.48,0.41,0.9
Denmark,PHEV,Cars,2025,EV sales,Base Case,12026.94,10999.96,13446.53
Denmark,PHEV,Cars,2025,EV sales,High Growth,13446.53,12026.94,15463.51
Denmark,PHEV,Cars,2025,EV sales,Low Growth,10999.96,9349.97,12026.94
Denmark,PHEV,Cars,2026,EV sales,Base Case,11965.22,10009.05,14956.53
Denmark,PHEV,Cars,2026,EV sales,High Growth,14956.53,11965.22,17200.01
Denmark,PHEV,Cars,2026,EV sales,Low Growth,10009.05,8507.69,11965.22
Denmark,PHEV,Cars,2027,EV sales,Base Case,11992.22,9175.03,16759.64
Denmark,PHEV,Cars,2027,EV sales,High Growth,16759.64,11992.22,19273.59
Denmark,PHEV,Cars,2027,EV sales,Low Growth,9175.03,7798.78,11992.22
Denmark,PHEV,Cars,2028,EV sales,Base Case,12313.42,8616.34,19239.72
Denmark,PHEV,Cars,2028,EV sales,High Growth,19239.72,12313.42,22125.68
Denmark,PHEV,Cars,2028,EV sales,Low Growth,8616.34,7323.89,12313.42
Denmark,PHEV,Cars,2029,EV sales,Base Case,15918.32,10187.72,27808.16
Denmark,PHEV,Cars,2029,EV sales,High Growth,27808.16,15918.32,31979.38
Denmark,PHEV,Cars,2029,EV sales,Low Growth,10187.72,8659.57,15918.32
Denmark,PHEV,Cars,2030,EV sales,Base Case,21489.73,12579.02,41972.13
Denmark,PHEV,Cars,2030,EV sales,High Growth,41972.13,21489.73,48267.95
Denmark,PHEV,Cars,2030,EV sales,Low Growth,12579.02,10692.17,21489.73
Denmark,PHEV,Vans,2025,EV sales,Base Case,809.84,740.69,905.43
Denmark,PHEV,Vans,2025,EV sales,High Growth,905.43,809.84,1041.24
Denmark,PHEV,Vans,2025,EV sales,Low Growth,740.69,629.59,809.84
Denmark,PHEV,Vans,2026,EV sales,Base Case,1011.86,846.43,1264.83
Denmark,PHEV,Vans,2026,EV sales,High Growth,1264.83,1011.86,1454.55
Denmark,PHEV,Vans,2026,EV sales,Low Growth,846.43,719.47,1011.86
Denmark,PHEV,Vans,2027,EV sales,Base Case,1251.39,957.42,1748.87
Denmark,PHEV,Vans,2027,EV sales,High Growth,1748.87,1251.39,2011.21
Denmark,PHEV,Vans,2027,EV sales,Low Growth,957.42,813.81,1251.39
Denmark,PHEV,Vans,2028,EV sales,Base Case,1535.08,1074.17,2398.56
Denmark,PHEV,Vans,2028,EV sales,High Growth,2398.56,1535.08,2758.34
Denmark,PHEV,Vans,2028,EV sales,Low Growth,1074.17,913.05,1535.08
Denmark,PHEV,Vans,2029,EV sales,Base Case,1871.25,1197.6,3268.94
Denmark,PHEV,Vans,2029,EV sales,High Growth,3268.94,1871.25,3759.28
Denmark,PHEV,Vans,2029,EV sales,Low Growth,1197.6,1017.96,1871.25
Denmark,PHEV,Vans,2030,EV sales,Base Case,2270.36,1328.95,4434.29
Denmark,PHEV,Vans,2030,EV sales,High Growth,4434.29,2270.36,5099.43
Denmark,PHEV,Vans,2030,EV sales,Low Growth,1328.95,1129.61,2270.36
Estonia,BEV,Cars,2025,EV sales,Base Case,1805.77,1651.58,2018.91
Estonia,BEV,Cars,2025,EV sales,High Growth,2018.91,1805.77,2321.75
Estonia,BEV,Cars,2025,EV sales,Low Growth,1651.58,1403.84,1805.77
Estonia,BEV,Cars,2026,EV sales,Base Case,2338.42,1956.12,2923.03
Estonia,BEV,Cars,2026,EV sales,High Growth,2923.03,2338.42,3361.48
Estonia,BEV,Cars,2026,EV sales,Low Growth,1956.12,1662.7,2338.42
Estonia,BEV,Cars,2027,EV sales,Base Case,3003.0,2297.54,4196.82
Estonia,BEV,Cars,2027,EV sales,High Growth,4196.82,3003.0,4826.34
Estonia,BEV,Cars,2027,EV sales,Low Growth,2297.54,1952.91,3003.0
Estonia,BEV,Cars,2028,EV sales,Base Case,3837.13,2685.04,5995.51
Estonia,BEV,Cars,2028,EV sales,High Growth,5995.51,3837.13,6894.84
Estonia,BEV,Cars,2028,EV sales,Low Growth,2685.04,2282.28,3837.13
Estonia,BEV,Cars,2029,EV sales,Base Case,4891.6,3130.63,8545.28
Estonia,BEV,Cars,2029,EV sales,High Growth,8545.28,4891.6,9827.07
Estonia,BEV,Cars,2029,EV sales,Low Growth,3130.63,2661.03,4891.6
Estonia,BEV,Cars,2030,EV sales,Base Case,6234.99,3649.65,12177.72
Estonia,BEV,Cars,2030,EV sales,High Growth,12177.72,6234.99,14004.37
Estonia,BEV,Cars,2030,EV sales,Low Growth,3649.65,3102.21,6234.99
Estonia,PHEV,Cars,2025,EV sales,Base Case,1626.04,1487.19,1817.96
Estonia,PHEV,Cars,2025,EV sales,High Growth,1817.96,1626.04,2090.66
Estonia,PHEV,Cars,2025,EV sales,Low Growth,1487.19,1264.11,1626.04
Estonia,PHEV,Cars,2026,EV sales,Base Case,2161.93,1808.48,2702.41
Estonia,PHEV,Cars,2026,EV sales,High Growth,2702.41,2161.93,3107.78
Estonia,PHEV,Cars,2026,EV sales,Low Growth,1808.48,1537.21,2161.93
Estonia,PHEV,Cars,2027,EV sales,Base Case,2835.2,2169.16,3962.31
Estonia,PHEV,Cars,2027,EV sales,High Growth,3962.31,2835.2,4556.65
Estonia,PHEV,Cars,2027,EV sales,Low Growth,2169.16,1843.78,2835.2
Estonia,PHEV,Cars,2028,EV sales,Base Case,3683.45,2577.5,5755.4
Estonia,PHEV,Cars,2028,EV sales,High Growth,5755.4,3683.45,6618.7
Estonia,PHEV,Cars,2028,EV sales,Low Growth,2577.5,2190.88,3683.45
Estonia,PHEV,Cars,2029,EV sales,Base Case,4757.49,3044.79,8311.0
Estonia,PHEV,Cars,2029,EV sales,High Growth,8311.0,4757.49,9557.65
Estonia,PHEV,Cars,2029,EV sales,Low Growth,3044.79,2588.08,4757.49
Estonia,PHEV,Cars,2030,EV sales,Base Case,6125.88,3585.79,11964.61
Estonia,PHEV,Cars,2030,EV sales,High Growth,11964.61,6125.88,13759.3
Estonia,PHEV,Cars,2030,EV sales,Low Growth,3585.79,3047.92,6125.88
Finland,BEV,2 and 3 wheelers,2025,EV sales,Base Case,1026.05,938.44,1147.16
Finland,BEV,2 and 3 wheelers,2025,EV sales,High Growth,1147.16,1026.05,1319.24
Finland,BEV,2 and 3 wheelers,2025,EV sales,Low Growth,938.44,797.67,1026.05
Finland,BEV,2 and 3 wheelers,2026,EV sales,Base Case,1169.74,978.5,1462.17
Finland,BEV,2 and 3 wheelers,2026,EV sales,High Growth,1462.17,1169.74,1681.49
Finland,BEV,2 and 3 wheelers,2026,EV sales,Low Growth,978.5,831.72,1169.74
Finland,BEV,2 and 3 wheelers,2027,EV sales,Base Case,1353.11,1035.24,1891.02
Finland,BEV,2 and 3 wheelers,2027,EV sales,High Growth,1891.02,1353.11,2174.68
Finland,BEV,2 and 3 wheelers,2027,EV sales,Low Growth,1035.24,879.95,1353.11
Finland,BEV,2 and 3 wheelers,2028,EV sales,Base Case,1592.2,1114.14,2487.81
Finland,BEV,2 and 3 wheelers,2028,EV sales,High Growth,2487.81,1592.2,2860.98
Finland,BEV,2 and 3 wheelers,2028,EV sales,Low Growth,1114.14,947.02,1592.2
Finland,BEV,2 and 3 wheelers,2029,EV sales,Base Case,1907.92,1221.07,3332.99
Finland,BEV,2 and 3 wheelers,2029,EV sales,High Growth,3332.99,1907.92,3832.94
Finland,BEV,2 and 3 wheelers,2029,EV sales,Low Growth,1221.07,1037.91,1907.92
Finland,BEV,2 and 3 wheelers,2030,EV sales,Base Case,2327.5,1362.4,4545.9
Finland,BEV,2 and 3 wheelers,2030,EV sales,High Growth,4545.9,2327.5,5227.79
Finland,BEV,2 and 3 wheelers,2030,EV sales,Low Growth,1362.4,1158.04,2327.5
Finland,BEV,Buses,2025,EV sales,Base Case,394.58,360.89,441.15
Finland,BEV,Buses,2025,EV sales,High Growth,441.15,394.58,507.33
Finland,BEV,Buses,2025,EV sales,Low Growth,360.89,306.75,394.58
Finland,BEV,Buses,2026,EV sales,Base Case,505.68,423.01,632.1
Finland,BEV,Buses,2026,EV sales,High Growth,632.1,505.68,726.91
Finland,BEV,Buses,2026,EV sales,Low Growth,423.01,359.55,505.68
Finland,BEV,Buses,2027,EV sales,Base Case,646.01,494.25,902.83
Finland,BEV,Buses,2027,EV sales,High Growth,902.83,646.01,1038.26
Finland,BEV,Buses,2027,EV sales,Low Growth,494.25,420.12,646.01
Finland,BEV,Buses,2028,EV sales,Base Case,824.85,577.19,1288.82
Finland,BEV,Buses,2028,EV sales,High Growth,1288.82,824.85,1482.15
Finland,BEV,Buses,2028,EV sales,Low Growth,577.19,490.61,824.85
Finland,BEV,Buses,2029,EV sales,Base Case,1054.68,675.0,1842.45
Finland,BEV,Buses,2029,EV sales,High Growth,1842.45,1054.68,2118.82
Finland,BEV,Buses,2029,EV sales,Low Growth,675.0,573.75,1054.68
Finland,BEV,Buses,2030,EV sales,Base Case,1352.4,791.63,2641.4
Finland,BEV,Buses,2030,EV sales,High Growth,2641.4,1352.4,3037.61
Finland,BEV,Buses,2030,EV sales,Low Growth,791.63,672.88,1352.4
Finland,BEV,Cars,2025,EV sales,Base Case,32455.81,29684.42,36286.7
Finland,BEV,Cars,2025,EV sales,High Growth,36286.7,32455.81,41729.71
Finland,BEV,Cars,2025,EV sales,Low Growth,29684.42,25231.75,32455.81
Finland,BEV,Cars,2026,EV sales,Base Case,41860.29,35016.62,52325.36
Finland,BEV,Cars,2026,EV sales,High Growth,52325.36,41860.29,60174.17
Finland,BEV,Cars,2026,EV sales,Low Growth,35016.62,29764.13,41860.29
Finland,BEV,Cars,2027,EV sales,Base Case,53528.19,40953.45,74807.91
Finland,BEV,Cars,2027,EV sales,High Growth,74807.91,53528.19,86029.1
Finland,BEV,Cars,2027,EV sales,Low Growth,40953.45,34810.43,53528.19
Finland,BEV,Cars,2028,EV sales,Base Case,68096.2,47650.43,106400.31
Finland,BEV,Cars,2028,EV sales,High Growth,106400.31,68096.2,122360.36
Finland,BEV,Cars,2028,EV sales,Low Growth,47650.43,40502.87,68096.2
Finland,BEV,Cars,2029,EV sales,Base Case,86423.86,55311.27,150976.28
Finland,BEV,Cars,2029,EV sales,High Growth,150976.28,86423.86,173622.72
Finland,BEV,Cars,2029,EV sales,Low Growth,55311.27,47014.58,86423.86
Finland,BEV,Cars,2030,EV sales,Base Case,109671.56,64196.3,214202.26
Finland,BEV,Cars,2030,EV sales,High Growth,214202.26,109671.56,246332.6
Finland,BEV,Cars,2030,EV sales,Low Growth,64196.3,54566.85,109671.56
Finland,BEV,Trucks,2025,EV sales,Base Case,89.75,82.08,100.34
Finland,BEV,Trucks,2025,EV sales,High Growth,100.34,89.75,115.39
Finland,BEV,Trucks,2025,EV sales,Low Growth,82.08,69.77,89.75
Finland,BEV,Trucks,2026,EV sales,Base Case,118.88,99.44,148.6
Finland,BEV,Trucks,2026,EV sales,High Growth,148.6,118.88,170.89
Finland,BEV,Trucks,2026,EV sales,Low Growth,99.44,84.53,118.88
Finland,BEV,Trucks,2027,EV sales,Base Case,154.97,118.57,216.58
Finland,BEV,Trucks,2027,EV sales,High Growth,216.58,154.97,249.07
Finland,BEV,Trucks,2027,EV sales,Low Growth,118.57,100.78,154.97
Finland,BEV,Trucks,2028,EV sales,Base Case,199.83,139.83,312.23
Finland,BEV,Trucks,2028,EV sales,High Growth,312.23,199.83,359.06
Finland,BEV,Trucks,2028,EV sales,Low Growth,139.83,118.86,199.83
Finland,BEV,Trucks,2029,EV sales,Base Case,255.87,163.75,446.98
Finland,BEV,Trucks,2029,EV sales,High Growth,446.98,255.87,514.02
Finland,BEV,Trucks,2029,EV sales,Low Growth,163.75,139.19,255.87
Finland,BEV,Trucks,2030,EV sales,Base Case,326.36,191.03,637.41
Finland,BEV,Trucks,2030,EV sales,High Growth,637.41,326.36,733.02
Finland,BEV,Trucks,2030,EV sales,Low Growth,191.03,162.38,326.36
Finland,BEV,Vans,2025,EV sales,Base Case,1872.22,1712.36,2093.21
Finland,BEV,Vans,2025,EV sales,High Growth,2093.21,1872.22,2407.19
Finland,BEV,Vans,2025,EV sales,Low Growth,1712.36,1455.5,1872.22
Finland,BEV,Vans,2026,EV sales,Base Case,2442.25,2042.97,3052.81
Finland,BEV,Vans,2026,EV sales,High Growth,3052.81,2442.25,3510.73
Finland,BEV,Vans,2026,EV sales,Low Growth,2042.97,1736.52,2442.25
Finland,BEV,Vans,2027,EV sales,Base Case,3150.04,2410.04,4402.32
Finland,BEV,Vans,2027,EV sales,High Growth,4402.32,3150.04,5062.67
Finland,BEV,Vans,2027,EV sales,Low Growth,2410.04,2048.53,3150.04
Finland,BEV,Vans,2028,EV sales,Base Case,4033.23,2822.26,6301.93
Finland,BEV,Vans,2028,EV sales,High Growth,6301.93,4033.23,7247.22
Finland,BEV,Vans,2028,EV sales,Low Growth,2822.26,2398.92,4033.23
Finland,BEV,Vans,2029,EV sales,Base Case,5142.61,3291.27,8983.78
Finland,BEV,Vans,2029,EV sales,High Growth,8983.78,5142.61,10331.34
Finland,BEV,Vans,2029,EV sales,Low Growth,3291.27,2797.58,5142.61
Finland,BEV,Vans,2030,EV sales,Base Case,6546.75,3832.14,12786.61
Finland,BEV,Vans,2030,EV sales,High Growth,12786.61,6546.75,14704.6
Finland,BEV,Vans,2030,EV sales,Low Growth,3832.14,3257.32,6546.75
Finland,PHEV,Cars,2025,EV sales,Base Case,19987.07,18280.38,22346.22
Finland,PHEV,Cars,2025,EV sales,High Growth,22346.22,19987.07,25698.16
Finland,PHEV,Cars,2025,EV sales,Low Growth,18280.38,15538.32,19987.07
Finland,PHEV,Cars,2026,EV sales,Base Case,24067.17,20132.47,30083.96
Finland,PHEV,Cars,2026,EV sales,High Growth,30083.96,24067.17,34596.55
Finland,PHEV,Cars,2026,EV sales,Low Growth,20132.47,17112.6,24067.17
Finland,PHEV,Cars,2027,EV sales,Base Case,29294.11,22412.4,40939.77
Finland,PHEV,Cars,2027,EV sales,High Growth,40939.77,29294.11,47080.73
Finland,PHEV,Cars,2027,EV sales,Low Growth,22412.4,19050.54,29294.11
Finland,PHEV,Cars,2028,EV sales,Base Case,36102.02,25262.45,56409.41
Finland,PHEV,Cars,2028,EV sales,High Growth,56409.41,36102.02,64870.82
Finland,PHEV,Cars,2028,EV sales,Low Growth,25262.45,21473.08,36102.02
Finland,PHEV,Cars,2029,EV sales,Base Case,45076.93,28849.24,78746.16
Finland,PHEV,Cars,2029,EV sales,High Growth,78746.16,45076.93,90558.09
Finland,PHEV,Cars,2029,EV sales,Low Growth,28849.24,24521.85,45076.93
Finland,PHEV,Cars,2030,EV sales,Base Case,57010.02,33370.84,111347.7
Finland,PHEV,Cars,2030,EV sales,High Growth,111347.7,57010.02,128049.85
Finland,PHEV,Cars,2030,EV sales,Low Growth,33370.84,28365.22,57010.02
Finland,PHEV,Vans,2025,EV sales,Base Case,18.9,17.29,21.13
Finland,PHEV,Vans,2025,EV sales,High Growth,21.13,18.9,24.3
Finland,PHEV,Vans,2025,EV sales,Low Growth,17.29,14.69,18.9
Finland,PHEV,Vans,2026,EV sales,Base Case,18.9,15.81,23.63
Finland,PHEV,Vans,2026,EV sales,High Growth,23.63,18.9,27.17
Finland,PHEV,Vans,2026,EV sales,Low Growth,15.81,13.44,18.9
Finland,PHEV,Vans,2027,EV sales,Base Case,18.9,14.46,26.41
Finland,PHEV,Vans,2027,EV sales,High Growth,26.41,18.9,30.38
Finland,PHEV,Vans,2027,EV sales,Low Growth,14.46,12.29,18.9
Finland,PHEV,Vans,2028,EV sales,Base Case,18.9,13.23,29.53
Finland,PHEV,Vans,2028,EV sales,High Growth,29.53,18.9,33.96
Finland,PHEV,Vans,2028,EV sales,Low Growth,13.23,11.24,18.9
Finland,PHEV,Vans,2029,EV sales,Base Case,18.9,12.1,33.02
Finland,PHEV,Vans,2029,EV sales,High Growth,33.02,18.9,37.97
Finland,PHEV,Vans,2029,EV sales,Low Growth,12.1,10.28,18.9
Finland,PHEV,Vans,2030,EV sales,Base Case,18.9,11.06,36.91
Finland,PHEV,Vans,2030,EV sales,High Growth,36.91,18.9,42.45
Finland,PHEV,Vans,2030,EV sales,Low Growth,11.06,9.4,18.9
France,BEV,2 and 3 wheelers,2025,EV sales,Base Case,38699.65,35395.09,43267.52
France,BEV,2 and 3 wheelers,2025,EV sales,High Growth,43267.52,38699.65,49757.65
France,BEV,2 and 3 wheelers,2025,EV sales,Low Growth,35395.09,30085.83,38699.65
France,BEV,2 and 3 wheelers,2026,EV sales,Base Case,48141.86,40271.22,60177.32
France,BEV,2 and 3 wheelers,2026,EV sales,High Growth,60177.32,48141.86,69203.92
France,BEV,2 and 3 wheelers,2026,EV sales,Low Growth,40271.22,34230.54,48141.86
France,BEV,2 and 3 wheelers,2027,EV sales,Base Case,60221.1,46074.08,84161.55
France,BEV,2 and 3 wheelers,2027,EV sales,High Growth,84161.55,60221.1,96785.78
France,BEV,2 and 3 wheelers,2027,EV sales,Low Growth,46074.08,39162.97,60221.1
France,BEV,2 and 3 wheelers,2028,EV sales,Base Case,75834.54,53065.35,118491.47
France,BEV,2 and 3 wheelers,2028,EV sales,High Growth,118491.47,75834.54,136265.19
France,BEV,2 and 3 wheelers,2028,EV sales,Low Growth,53065.35,45105.55,75834.54
France,BEV,2 and 3 wheelers,2029,EV sales,Base Case,96193.34,61563.74,168042.84
France,BEV,2 and 3 wheelers,2029,EV sales,High Growth,168042.84,96193.34,193249.27
France,BEV,2 and 3 wheelers,2029,EV sales,Low Growth,61563.74,52329.17,96193.34
France,BEV,2 and 3 wheelers,2030,EV sales,Base Case,122932.56,71958.63,240102.67
France,BEV,2 and 3 wheelers,2030,EV sales,High Growth,240102.67,122932.56,276118.07
France,BEV,2 and 3 wheelers,2030,EV sales,Low Growth,71958.63,61164.84,122932.56
France,BEV,Buses,2025,EV sales,Base Case,926.27,847.17,1035.6
France,BEV,Buses,2025,EV sales,High Growth,1035.6,926.27,1190.94
France,BEV,Buses,2025,EV sales,Low Growth,847.17,720.1,926.27
France,BEV,Buses,2026,EV sales,Base Case,1147.14,959.6,1433.92
France,BEV,Buses,2026,EV sales,High Growth,1433.92,1147.14,1649.01
France,BEV,Buses,2026,EV sales,Low Growth,959.6,815.66,1147.14
France,BEV,Buses,2027,EV sales,Base Case,1420.47,1086.78,1985.17
France,BEV,Buses,2027,EV sales,High Growth,1985.17,1420.47,2282.94
France,BEV,Buses,2027,EV sales,Low Growth,1086.78,923.76,1420.47
France,BEV,Buses,2028,EV sales,Base Case,1761.89,1232.89,2752.96
France,BEV,Buses,2028,EV sales,High Growth,2752.96,1761.89,3165.9
France,BEV,Buses,2028,EV sales,Low Growth,1232.89,1047.95,1761.89
France,BEV,Buses,2029,EV sales,Base Case,2192.18,1403.0,3829.58
France,BEV,Buses,2029,EV sales,High Growth,3829.58,2192.18,4404.02
France,BEV,Buses,2029,EV sales,Low Growth,1403.0,1192.55,2192.18
France,BEV,Buses,2030,EV sales,Base Case,2738.94,1603.24,5349.5
France,BEV,Buses,2030,EV sales,High Growth,5349.5,2738.94,6151.93
France,BEV,Buses,2030,EV sales,Low Growth,1603.24,1362.76,2738.94
France,BEV,Cars,2025,EV sales,Base Case,409694.32,374710.56,458052.17
France,BEV,Cars,2025,EV sales,High Growth,458052.17,409694.32,526760.0
France,BEV,Cars,2025,EV sales,Low Growth,374710.56,318503.98,409694.32
France,BEV,Cars,2026,EV sales,Base Case,523593.81,437992.32,654492.26
France,BEV,Cars,2026,EV sales,High Growth,654492.26,523593.81,752666.1
France,BEV,Cars,2026,EV sales,Low Growth,437992.32,372293.47,523593.81
France,BEV,Cars,2027,EV sales,Base Case,666467.29,509902.13,931416.36
France,BEV,Cars,2027,EV sales,High Growth,931416.36,666467.29,1071128.81
France,BEV,Cars,2027,EV sales,Low Growth,509902.13,433416.81,666467.29
France,BEV,Cars,2028,EV sales,Base Case,846996.96,592687.59,1323432.76
France,BEV,Cars,2028,EV sales,High Growth,1323432.76,846996.96,1521947.67
France,BEV,Cars,2028,EV sales,Low Growth,592687.59,503784.45,846996.96
France,BEV,Cars,2029,EV sales,Base Case,1076903.77,689218.41,1881273.46
France,BEV,Cars,2029,EV sales,High Growth,1881273.46,1076903.77,2163464.48
France,BEV,Cars,2029,EV sales,Low Growth,689218.41,585835.65,1076903.77
France,BEV,Cars,2030,EV sales,Base Case,1372010.99,803107.28,2679708.97
France,BEV,Cars,2030,EV sales,High Growth,2679708.97,1372010.99,3081665.32
France,BEV,Cars,2030,EV sales,Low Growth,803107.28,682641.18,1372010.99
France,BEV,Trucks,2025,EV sales,Base Case,2596.82,2375.07,2903.33
France,BEV,Trucks,2025,EV sales,High Growth,2903.33,2596.82,3338.83
France,BEV,Trucks,2025,EV sales,Low Growth,2375.07,2018.81,2596.82
France,BEV,Trucks,2026,EV sales,Base Case,3413.74,2855.63,4267.18
France,BEV,Trucks,2026,EV sales,High Growth,4267.18,3413.74,4907.25
France,BEV,Trucks,2026,EV sales,Low Growth,2855.63,2427.29,3413.74
France,BEV,Trucks,2027,EV sales,Base Case,4416.09,3378.67,6171.68
France,BEV,Trucks,2027,EV sales,High Growth,6171.68,4416.09,7097.43
France,BEV,Trucks,2027,EV sales,Low Growth,3378.67,2871.87,4416.09
France,BEV,Trucks,2028,EV sales,Base Case,5650.18,3953.72,8828.4
France,BEV,Trucks,2028,EV sales,High Growth,8828.4,5650.18,10152.66
France,BEV,Trucks,2028,EV sales,Low Growth,3953.72,3360.66,5650.18
France,BEV,Trucks,2029,EV sales,Base Case,7178.5,4594.24,12540.33
France,BEV,Trucks,2029,EV sales,High Growth,12540.33,7178.5,14421.38
France,BEV,Trucks,2029,EV sales,Low Growth,4594.24,3905.11,7178.5
France,BEV,Trucks,2030,EV sales,Base Case,9085.47,5318.18,17745.05
France,BEV,Trucks,2030,EV sales,High Growth,17745.05,9085.47,20406.81
France,BEV,Trucks,2030,EV sales,Low Growth,5318.18,4520.45,9085.47
France,BEV,Vans,2025,EV sales,Base Case,23736.06,21709.24,26537.73
France,BEV,Vans,2025,EV sales,High Growth,26537.73,23736.06,30518.38
France,BEV,Vans,2025,EV sales,Low Growth,21709.24,18452.86,23736.06
France,BEV,Vans,2026,EV sales,Base Case,28117.42,23520.55,35146.78
France,BEV,Vans,2026,EV sales,High Growth,35146.78,28117.42,40418.79
France,BEV,Vans,2026,EV sales,Low Growth,23520.55,19992.47,28117.42
France,BEV,Vans,2027,EV sales,Base Case,33083.71,25311.75,46235.9
France,BEV,Vans,2027,EV sales,High Growth,46235.9,33083.71,53171.28
France,BEV,Vans,2027,EV sales,Low Growth,25311.75,21514.99,33083.71
France,BEV,Vans,2028,EV sales,Base Case,38684.82,27069.77,60445.03
France,BEV,Vans,2028,EV sales,High Growth,60445.03,38684.82,69511.79
France,BEV,Vans,2028,EV sales,Low Growth,27069.77,23009.3,38684.82
France,BEV,Vans,2029,EV sales,Base Case,44978.86,28786.47,78574.83
France,BEV,Vans,2029,EV sales,High Growth,78574.83,44978.86,90361.06
France,BEV,Vans,2029,EV sales,Low Growth,28786.47,24468.5,44978.86
France,BEV,Vans,2030,EV sales,Base Case,52033.55,30457.86,101628.02
France,BEV,Vans,2030,EV sales,High Growth,101628.02,52033.55,116872.23
France,BEV,Vans,2030,EV sales,Low Growth,30457.86,25889.18,52033.55
France,FCEV,Buses,2025,EV sales,Base Case,29.54,27.02,33.03
France,FCEV,Buses,2025,EV sales,High Growth,33.03,29.54,37.99
France,FCEV,Buses,2025,EV sales,Low Growth,27.02,22.97,29.54
France,FCEV,Buses,2026,EV sales,Base Case,38.87,32.52,48.59
France,FCEV,Buses,2026,EV sales,High Growth,48.59,38.87,55.88
France,FCEV,Buses,2026,EV sales,Low Growth,32.52,27.64,38.87
France,FCEV,Buses,2027,EV sales,Base Case,50.26,38.45,70.23
France,FCEV,Buses,2027,EV sales,High Growth,70.23,50.26,80.77
France,FCEV,Buses,2027,EV sales,Low Growth,38.45,32.68,50.26
France,FCEV,Buses,2028,EV sales,Base Case,64.27,44.97,100.42
France,FCEV,Buses,2028,EV sales,High Growth,100.42,64.27,115.49
France,FCEV,Buses,2028,EV sales,Low Growth,44.97,38.23,64.27
France,FCEV,Buses,2029,EV sales,Base Case,81.7,52.29,142.72
France,FCEV,Buses,2029,EV sales,High Growth,142.72,81.7,164.13
France,FCEV,Buses,2029,EV sales,Low Growth,52.29,44.44,81.7
France,FCEV,Buses,2030,EV sales,Base Case,103.59,60.64,202.33
France,FCEV,Buses,2030,EV sales,High Growth,202.33,103.59,232.68
France,FCEV,Buses,2030,EV sales,Low Growth,60.64,51.54,103.59
France,FCEV,Cars,2025,EV sales,Base Case,789.82,722.38,883.05
France,FCEV,Cars,2025,EV sales,High Growth,883.05,789.82,1015.5
France,FCEV,Cars,2025,EV sales,Low Growth,722.38,614.02,789.82
France,FCEV,Cars,2026,EV sales,Base Case,1038.11,868.39,1297.64
France,FCEV,Cars,2026,EV sales,High Growth,1297.64,1038.11,1492.28
France,FCEV,Cars,2026,EV sales,Low Growth,868.39,738.13,1038.11
France,FCEV,Cars,2027,EV sales,Base Case,1350.94,1033.58,1888.0
France,FCEV,Cars,2027,EV sales,High Growth,1888.0,1350.94,2171.2
France,FCEV,Cars,2027,EV sales,Low Growth,1033.58,878.54,1350.94
France,FCEV,Cars,2028,EV sales,Base Case,1746.84,1222.35,2729.43
France,FCEV,Cars,2028,EV sales,High Growth,2729.43,1746.84,3138.85
France,FCEV,Cars,2028,EV sales,Low Growth,1222.35,1039.0,1746.84
France,FCEV,Cars,2029,EV sales,Base Case,2250.81,1440.52,3931.99
France,FCEV,Cars,2029,EV sales,High Growth,3931.99,2250.81,4521.79
France,FCEV,Cars,2029,EV sales,Low Growth,1440.52,1224.44,2250.81
France,FCEV,Cars,2030,EV sales,Base Case,2896.6,1695.53,5657.42
France,FCEV,Cars,2030,EV sales,High Growth,5657.42,2896.6,6506.03
France,FCEV,Cars,2030,EV sales,Low Growth,1695.53,1441.2,2896.6
France,FCEV,Vans,2025,EV sales,Base Case,293.46,268.4,328.09
France,FCEV,Vans,2025,EV sales,High Growth,328.09,293.46,377.31
France,FCEV,Vans,2025,EV sales,Low Growth,268.4,228.14,293.46
France,FCEV,Vans,2026,EV sales,Base Case,358.89,300.22,448.62
France,FCEV,Vans,2026,EV sales,High Growth,448.62,358.89,515.91
France,FCEV,Vans,2026,EV sales,Low Growth,300.22,255.19,358.89
France,FCEV,Vans,2027,EV sales,Base Case,434.51,332.44,607.25
France,FCEV,Vans,2027,EV sales,High Growth,607.25,434.51,698.34
France,FCEV,Vans,2027,EV sales,Low Growth,332.44,282.57,434.51
France,FCEV,Vans,2028,EV sales,Base Case,521.3,364.78,814.53
France,FCEV,Vans,2028,EV sales,High Growth,814.53,521.3,936.71
France,FCEV,Vans,2028,EV sales,Low Growth,364.78,310.06,521.3
France,FCEV,Vans,2029,EV sales,Base Case,620.44,397.08,1083.86
France,FCEV,Vans,2029,EV sales,High Growth,1083.86,620.44,1246.44
France,FCEV,Vans,2029,EV sales,Low Growth,397.08,337.52,620.44
France,FCEV,Vans,2030,EV sales,Base Case,733.31,429.24,1432.25
France,FCEV,Vans,2030,EV sales,High Growth,1432.25,733.31,1647.09
France,FCEV,Vans,2030,EV sales,Low Growth,429.24,364.86,733.31
France,PHEV,Cars,2025,EV sales,Base Case,206751.82,189097.3,231155.56
France,PHEV,Cars,2025,EV sales,High Growth,231155.56,206751.82,265828.9
France,PHEV,Cars,2025,EV sales,Low Growth,189097.3,160732.71,206751.82
France,PHEV,Cars,2026,EV sales,Base Case,259845.2,217363.54,324806.5
France,PHEV,Cars,2026,EV sales,High Growth,324806.5,259845.2,373527.48
France,PHEV,Cars,2026,EV sales,Low Growth,217363.54,184759.01,259845.2
France,PHEV,Cars,2027,EV sales,Base Case,326583.78,249863.37,456414.71
France,PHEV,Cars,2027,EV sales,High Growth,456414.71,326583.78,524876.91
France,PHEV,Cars,2027,EV sales,Low Growth,249863.37,212383.86,326583.78
France,PHEV,Cars,2028,EV sales,Base Case,411308.64,287813.93,642669.75
France,PHEV,Cars,2028,EV sales,High Growth,642669.75,411308.64,739070.22
France,PHEV,Cars,2028,EV sales,Low Growth,287813.93,244641.84,411308.64
France,PHEV,Cars,2029,EV sales,Base Case,519880.27,332723.37,908193.46
France,PHEV,Cars,2029,EV sales,High Growth,908193.46,519880.27,1044422.48
France,PHEV,Cars,2029,EV sales,Low Growth,332723.37,282814.87,519880.27
France,PHEV,Cars,2030,EV sales,Base Case,660210.31,386454.41,1289473.26
France,PHEV,Cars,2030,EV sales,High Growth,1289473.26,660210.31,1482894.25
France,PHEV,Cars,2030,EV sales,Low Growth,386454.41,328486.25,660210.31
France,PHEV,Vans,2025,EV sales,Base Case,287.05,262.54,320.93
France,PHEV,Vans,2025,EV sales,High Growth,320.93,287.05,369.07
France,PHEV,Vans,2025,EV sales,Low Growth,262.54,223.16,287.05
France,PHEV,Vans,2026,EV sales,Base Case,299.47,250.51,374.33
France,PHEV,Vans,2026,EV sales,High Growth,374.33,299.47,430.48
France,PHEV,Vans,2026,EV sales,Low Growth,250.51,212.93,299.47
France,PHEV,Vans,2027,EV sales,Base Case,321.26,245.79,448.98
France,PHEV,Vans,2027,EV sales,High Growth,448.98,321.26,516.33
France,PHEV,Vans,2027,EV sales,Low Growth,245.79,208.92,321.26
France,PHEV,Vans,2028,EV sales,Base Case,398.58,278.91,622.78
France,PHEV,Vans,2028,EV sales,High Growth,622.78,398.58,716.2
France,PHEV,Vans,2028,EV sales,Low Growth,278.91,237.07,398.58
France,PHEV,Vans,2029,EV sales,Base Case,538.08,344.37,939.99
France,PHEV,Vans,2029,EV sales,High Growth,939.99,538.08,1080.99
France,PHEV,Vans,2029,EV sales,Low Growth,344.37,292.72,538.08
France,PHEV,Vans,2030,EV sales,Base Case,726.41,425.21,1418.78
France,PHEV,Vans,2030,EV sales,High Growth,1418.78,726.41,1631.59
France,PHEV,Vans,2030,EV sales,Low Growth,425.21,361.43,726.41
Germany,BEV,2 and 3 wheelers,2025,EV sales,Base Case,14651.92,13400.79,16381.34
Germany,BEV,2 and 3 wheelers,2025,EV sales,High Growth,16381.34,14651.92,18838.54
Germany,BEV,2 and 3 wheelers,2025,EV sales,Low Growth,13400.79,11390.67,14651.92
Germany,BEV,2 and 3 wheelers,2026,EV sales,Base Case,16806.69,14058.99,21008.37
Germany,BEV,2 and 3 wheelers,2026,EV sales,High Growth,21008.37,16806.69,24159.62
Germany,BEV,2 and 3 wheelers,2026,EV sales,Low Growth,14058.99,11950.15,16806.69
Germany,BEV,2 and 3 wheelers,2027,EV sales,Base Case,19229.96,14712.5,26874.69
Germany,BEV,2 and 3 wheelers,2027,EV sales,High Growth,26874.69,19229.96,30905.89
Germany,BEV,2 and 3 wheelers,2027,EV sales,Low Growth,14712.5,12505.62,19229.96
Germany,BEV,2 and 3 wheelers,2028,EV sales,Base Case,21985.53,15384.41,34352.38
Germany,BEV,2 and 3 wheelers,2028,EV sales,High Growth,34352.38,21985.53,39505.24
Germany,BEV,2 and 3 wheelers,2028,EV sales,Low Growth,15384.41,13076.75,21985.53
Germany,BEV,2 and 3 wheelers,2029,EV sales,Base Case,25152.17,16097.39,43939.04
Germany,BEV,2 and 3 wheelers,2029,EV sales,High Growth,43939.04,25152.17,50529.9
Germany,BEV,2 and 3 wheelers,2029,EV sales,Low Growth,16097.39,13682.78,25152.17
Germany,BEV,2 and 3 wheelers,2030,EV sales,Base Case,28827.18,16874.0,56303.08
Germany,BEV,2 and 3 wheelers,2030,EV sales,High Growth,56303.08,28827.18,64748.54
Germany,BEV,2 and 3 wheelers,2030,EV sales,Low Growth,16874.0,14342.9,28827.18
Germany,BEV,Buses,2025,EV sales,Base Case,1148.6,1050.52,1284.17
Germany,BEV,Buses,2025,EV sales,High Growth,1284.17,1148.6,1476.8
Germany,BEV,Buses,2025,EV sales,Low Growth,1050.52,892.94,1148.6
Germany,BEV,Buses,2026,EV sales,Base Case,1423.63,1190.88,1779.53
Germany,BEV,Buses,2026,EV sales,High Growth,1779.53,1423.63,2046.46
Germany,BEV,Buses,2026,EV sales,Low Growth,1190.88,1012.25,1423.63
Germany,BEV,Buses,2027,EV sales,Base Case,1757.46,1344.6,2456.13
Germany,BEV,Buses,2027,EV sales,High Growth,2456.13,1757.46,2824.55
Germany,BEV,Buses,2027,EV sales,Low Growth,1344.6,1142.91,1757.46
Germany,BEV,Buses,2028,EV sales,Base Case,2165.04,1514.99,3382.87
Germany,BEV,Buses,2028,EV sales,High Growth,3382.87,2165.04,3890.3
Germany,BEV,Buses,2028,EV sales,Low Growth,1514.99,1287.74,2165.04
Germany,BEV,Buses,2029,EV sales,Base Case,2665.71,1706.05,4656.8
Germany,BEV,Buses,2029,EV sales,High Growth,4656.8,2665.71,5355.32
Germany,BEV,Buses,2029,EV sales,Low Growth,1706.05,1450.14,2665.71
Germany,BEV,Buses,2030,EV sales,Base Case,3284.57,1922.62,6415.17
Germany,BEV,Buses,2030,EV sales,High Growth,6415.17,3284.57,7377.44
Germany,BEV,Buses,2030,EV sales,Low Growth,1922.62,1634.23,3284.57
Germany,BEV,Cars,2025,EV sales,Base Case,564664.87,516448.19,631314.51
Germany,BEV,Cars,2025,EV sales,High Growth,631314.51,564664.87,726011.69
Germany,BEV,Cars,2025,EV sales,Low Growth,516448.19,438980.96,564664.87
Germany,BEV,Cars,2026,EV sales,Base Case,704733.44,589517.73,880916.8
Germany,BEV,Cars,2026,EV sales,High Growth,880916.8,704733.44,1013054.32
Germany,BEV,Cars,2026,EV sales,Low Growth,589517.73,501090.07,704733.44
Germany,BEV,Cars,2027,EV sales,Base Case,879486.9,672879.59,1229120.3
Germany,BEV,Cars,2027,EV sales,High Growth,1229120.3,879486.9,1413488.35
Germany,BEV,Cars,2027,EV sales,Low Growth,672879.59,571947.65,879486.9
Germany,BEV,Cars,2028,EV sales,Base Case,1099922.66,769672.78,1718629.16
Germany,BEV,Cars,2028,EV sales,High Growth,1718629.16,1099922.66,1976423.54
Germany,BEV,Cars,2028,EV sales,Low Growth,769672.78,654221.87,1099922.66
Germany,BEV,Cars,2029,EV sales,Base Case,1380887.29,883767.86,2412310.81
Germany,BEV,Cars,2029,EV sales,High Growth,2412310.81,1380887.29,2774157.44
Germany,BEV,Cars,2029,EV sales,Low Growth,883767.86,751202.68,1380887.29
Germany,BEV,Cars,2030,EV sales,Base Case,1742423.59,1019928.46,3403171.08
Germany,BEV,Cars,2030,EV sales,High Growth,3403171.08,1742423.59,3913646.75
Germany,BEV,Cars,2030,EV sales,Low Growth,1019928.46,866939.19,1742423.59
Germany,BEV,Trucks,2025,EV sales,Base Case,4271.28,3906.55,4775.43
Germany,BEV,Trucks,2025,EV sales,High Growth,4775.43,4271.28,5491.75
Germany,BEV,Trucks,2025,EV sales,Low Growth,3906.55,3320.57,4271.28
Germany,BEV,Trucks,2026,EV sales,Base Case,5584.46,4671.47,6980.58
Germany,BEV,Trucks,2026,EV sales,High Growth,6980.58,5584.46,8027.66
Germany,BEV,Trucks,2026,EV sales,Low Growth,4671.47,3970.75,5584.46
Germany,BEV,Trucks,2027,EV sales,Base Case,7240.38,5539.48,10118.74
Germany,BEV,Trucks,2027,EV sales,High Growth,10118.74,7240.38,11636.55
Germany,BEV,Trucks,2027,EV sales,Low Growth,5539.48,4708.56,7240.38
Germany,BEV,Trucks,2028,EV sales,Base Case,9337.43,6533.88,14589.74
Germany,BEV,Trucks,2028,EV sales,High Growth,14589.74,9337.43,16778.2
Germany,BEV,Trucks,2028,EV sales,Low Growth,6533.88,5553.8,9337.43
Germany,BEV,Trucks,2029,EV sales,Base Case,12008.46,7685.41,20977.91
Germany,BEV,Trucks,2029,EV sales,High Growth,20977.91,12008.46,24124.6
Germany,BEV,Trucks,2029,EV sales,Low Growth,7685.41,6532.6,12008.46
Germany,BEV,Trucks,2030,EV sales,Base Case,15432.78,9033.58,30142.15
Germany,BEV,Trucks,2030,EV sales,High Growth,30142.15,15432.78,34663.47
Germany,BEV,Trucks,2030,EV sales,Low Growth,9033.58,7678.55,15432.78
Germany,BEV,Vans,2025,EV sales,Base Case,18216.6,16661.08,20366.77
Germany,BEV,Vans,2025,EV sales,High Growth,20366.77,18216.6,23421.79
Germany,BEV,Vans,2025,EV sales,Low Growth,16661.08,14161.92,18216.6
Germany,BEV,Vans,2026,EV sales,Base Case,21885.71,18307.65,27357.13
Germany,BEV,Vans,2026,EV sales,High Growth,27357.13,21885.71,31460.71
Germany,BEV,Vans,2026,EV sales,Low Growth,18307.65,15561.5,21885.71
Germany,BEV,Vans,2027,EV sales,Base Case,26474.27,20254.99,36998.92
Germany,BEV,Vans,2027,EV sales,High Growth,36998.92,26474.27,42548.76
Germany,BEV,Vans,2027,EV sales,Low Growth,20254.99,17216.74,26474.27
Germany,BEV,Vans,2028,EV sales,Base Case,32292.21,22596.53,50456.58
Germany,BEV,Vans,2028,EV sales,High Growth,50456.58,32292.21,58025.06
Germany,BEV,Vans,2028,EV sales,Low Growth,22596.53,19207.05,32292.21
Germany,BEV,Vans,2029,EV sales,Base Case,39751.65,25441.05,69443.27
Germany,BEV,Vans,2029,EV sales,High Growth,69443.27,39751.65,79859.76
Germany,BEV,Vans,2029,EV sales,Low Growth,25441.05,21624.9,39751.65
Germany,BEV,Vans,2030,EV sales,Base Case,49400.61,28916.67,96485.56
Germany,BEV,Vans,2030,EV sales,High Growth,96485.56,49400.61,110958.4
Germany,BEV,Vans,2030,EV sales,Low Growth,28916.67,24579.17,49400.61
Germany,FCEV,Buses,2025,EV sales,Base Case,199.78,182.72,223.36
Germany,FCEV,Buses,2025,EV sales,High Growth,223.36,199.78,256.86
Germany,FCEV,Buses,2025,EV sales,Low Growth,182.72,155.31,199.78
Germany,FCEV,Buses,2026,EV sales,Base Case,265.71,222.27,332.14
Germany,FCEV,Buses,2026,EV sales,High Growth,332.14,265.71,381.96
Germany,FCEV,Buses,2026,EV sales,Low Growth,222.27,188.93,265.71
Germany,FCEV,Buses,2027,EV sales,Base Case,348.75,266.82,487.39
Germany,FCEV,Buses,2027,EV sales,High Growth,487.39,348.75,560.5
Germany,FCEV,Buses,2027,EV sales,Low Growth,266.82,226.8,348.75
Germany,FCEV,Buses,2028,EV sales,Base Case,453.52,317.35,708.63
Germany,FCEV,Buses,2028,EV sales,High Growth,708.63,453.52,814.93
Germany,FCEV,Buses,2028,EV sales,Low Growth,317.35,269.75,453.52
Germany,FCEV,Buses,2029,EV sales,Base Case,586.27,375.21,1024.17
Germany,FCEV,Buses,2029,EV sales,High Growth,1024.17,586.27,1177.8
Germany,FCEV,Buses,2029,EV sales,Low Growth,375.21,318.93,586.27
Germany,FCEV,Buses,2030,EV sales,Base Case,755.36,442.15,1475.3
Germany,FCEV,Buses,2030,EV sales,High Growth,1475.3,755.36,1696.6
Germany,FCEV,Buses,2030,EV sales,Low Growth,442.15,375.83,755.36
Germany,FCEV,Cars,2025,EV sales,Base Case,477.37,436.61,533.72
Germany,FCEV,Cars,2025,EV sales,High Growth,533.72,477.37,613.78
Germany,FCEV,Cars,2025,EV sales,Low Growth,436.61,371.12,477.37
Germany,FCEV,Cars,2026,EV sales,Base Case,530.52,443.79,663.15
Germany,FCEV,Cars,2026,EV sales,High Growth,663.15,530.52,762.63
Germany,FCEV,Cars,2026,EV sales,Low Growth,443.79,377.22,530.52
Germany,FCEV,Cars,2027,EV sales,Base Case,590.05,451.44,824.62
Germany,FCEV,Cars,2027,EV sales,High Growth,824.62,590.05,948.32
Germany,FCEV,Cars,2027,EV sales,Low Growth,451.44,383.72,590.05
Germany,FCEV,Cars,2028,EV sales,Base Case,658.03,460.46,1028.18
Germany,FCEV,Cars,2028,EV sales,High Growth,1028.18,658.03,1182.4
Germany,FCEV,Cars,2028,EV sales,Low Growth,460.46,391.39,658.03
Germany,FCEV,Cars,2029,EV sales,Base Case,736.97,471.66,1287.43
Germany,FCEV,Cars,2029,EV sales,High Growth,1287.43,736.97,1480.54
Germany,FCEV,Cars,2029,EV sales,Low Growth,471.66,400.91,736.97
Germany,FCEV,Cars,2030,EV sales,Base Case,829.87,485.76,1620.83
Germany,FCEV,Cars,2030,EV sales,High Growth,1620.83,829.87,1863.96
Germany,FCEV,Cars,2030,EV sales,Low Growth,485.76,412.9,829.87
Germany,PHEV,Buses,2025,EV sales,Base Case,4.5,3.76,5.62
Germany,PHEV,Buses,2025,EV sales,High Growth,5.62,4.5,6.47
Germany,PHEV,Buses,2025,EV sales,Low Growth,3.76,3.2,4.5
Germany,PHEV,Buses,2026,EV sales,Base Case,4.5,3.44,6.29
Germany,PHEV,Buses,2026,EV sales,High Growth,6.29,4.5,7.23
Germany,PHEV,Buses,2026,EV sales,Low Growth,3.44,2.93,4.5
Germany,PHEV,Buses,2027,EV sales,Base Case,4.5,3.15,7.03
Germany,PHEV,Buses,2027,EV sales,High Growth,7.03,4.5,8.09
Germany,PHEV,Buses,2027,EV sales,Low Growth,3.15,2.68,4.5
Germany,PHEV,Buses,2028,EV sales,Base Case,4.5,2.88,7.86
Germany,PHEV,Buses,2028,EV sales,High Growth,7.86,4.5,9.04
Germany,PHEV,Buses,2028,EV sales,Low Growth,2.88,2.45,4.5
Germany,PHEV,Buses,2029,EV sales,Base Case,4.5,2.63,8.79
Germany,PHEV,Buses,2029,EV sales,High Growth,8.79,4.5,10.11
Germany,PHEV,Buses,2029,EV sales,Low Growth,2.63,2.24,4.5
Germany,PHEV,Buses,2030,EV sales,Base Case,4.5,2.41,9.83
Germany,PHEV,Buses,2030,EV sales,High Growth,9.83,4.5,11.3
Germany,PHEV,Buses,2030,EV sales,Low Growth,2.41,2.05,4.5
Germany,PHEV,Cars,2025,EV sales,Base Case,261636.72,239295.58,292518.74
Germany,PHEV,Cars,2025,EV sales,High Growth,292518.74,261636.72,336396.55
Germany,PHEV,Cars,2025,EV sales,Low Growth,239295.58,203401.25,261636.72
Germany,PHEV,Cars,2026,EV sales,Base Case,308794.57,258310.25,385993.21
Germany,PHEV,Cars,2026,EV sales,High Growth,385993.21,308794.57,443892.19
Germany,PHEV,Cars,2026,EV sales,Low Growth,258310.25,219563.71,308794.57
Germany,PHEV,Cars,2027,EV sales,Base Case,369324.42,282563.47,516146.57
Germany,PHEV,Cars,2027,EV sales,High Growth,516146.57,369324.42,593568.55
Germany,PHEV,Cars,2027,EV sales,Low Growth,282563.47,240178.95,369324.42
Germany,PHEV,Cars,2028,EV sales,Base Case,448724.99,313996.09,701132.79
Germany,PHEV,Cars,2028,EV sales,High Growth,701132.79,448724.99,806302.71
Germany,PHEV,Cars,2028,EV sales,Low Growth,313996.09,266896.67,448724.99
Germany,PHEV,Cars,2029,EV sales,Base Case,554419.54,354828.51,968531.09
Germany,PHEV,Cars,2029,EV sales,High Growth,968531.09,554419.54,1113810.75
Germany,PHEV,Cars,2029,EV sales,Low Growth,354828.51,301604.23,554419.54
Germany,PHEV,Cars,2030,EV sales,Base Case,696429.5,407655.33,1360213.87
Germany,PHEV,Cars,2030,EV sales,High Growth,1360213.87,696429.5,1564245.96
Germany,PHEV,Cars,2030,EV sales,Low Growth,407655.33,346507.03,696429.5
Germany,PHEV,Vans,2025,EV sales,Base Case,326.55,298.66,365.09
Germany,PHEV,Vans,2025,EV sales,High Growth,365.09,326.55,419.86
Germany,PHEV,Vans,2025,EV sales,Low Growth,298.66,253.86,326.55
Germany,PHEV,Vans,2026,EV sales,Base Case,360.67,301.7,450.83
Germany,PHEV,Vans,2026,EV sales,High Growth,450.83,360.67,518.46
Germany,PHEV,Vans,2026,EV sales,Low Growth,301.7,256.45,360.67
Germany,PHEV,Vans,2027,EV sales,Base Case,407.05,311.43,568.87
Germany,PHEV,Vans,2027,EV sales,High Growth,568.87,407.05,654.2
Germany,PHEV,Vans,2027,EV sales,Low Growth,311.43,264.71,407.05
Germany,PHEV,Vans,2028,EV sales,Base Case,472.37,330.54,738.07
Germany,PHEV,Vans,2028,EV sales,High Growth,738.07,472.37,848.78
Germany,PHEV,Vans,2028,EV sales,Low Growth,330.54,280.96,472.37
Germany,PHEV,Vans,2029,EV sales,Base Case,565.59,361.98,988.05
Germany,PHEV,Vans,2029,EV sales,High Growth,988.05,565.59,1136.25
Germany,PHEV,Vans,2029,EV sales,Low Growth,361.98,307.68,565.59
Germany,PHEV,Vans,2030,EV sales,Base Case,698.86,409.08,1364.96
Germany,PHEV,Vans,2030,EV sales,High Growth,1364.96,698.86,1569.71
Germany,PHEV,Vans,2030,EV sales,Low Growth,409.08,347.72,698.86
Greece,BEV,2 and 3 wheelers,2025,EV sales,Base Case,1523.31,1393.24,1703.12
Greece,BEV,2 and 3 wheelers,2025,EV sales,High Growth,1703.12,1523.31,1958.58
Greece,BEV,2 and 3 wheelers,2025,EV sales,Low Growth,1393.24,1184.25,1523.31
Greece,BEV,2 and 3 wheelers,2026,EV sales,Base Case,1952.34,1633.16,2440.43
Greece,BEV,2 and 3 wheelers,2026,EV sales,High Growth,2440.43,1952.34,2806.5
Greece,BEV,2 and 3 wheelers,2026,EV sales,Low Growth,1633.16,1388.19,1952.34
Greece,BEV,2 and 3 wheelers,2027,EV sales,Base Case,2488.67,1904.04,3478.03
Greece,BEV,2 and 3 wheelers,2027,EV sales,High Growth,3478.03,2488.67,3999.73
Greece,BEV,2 and 3 wheelers,2027,EV sales,Low Growth,1904.04,1618.43,2488.67
Greece,BEV,2 and 3 wheelers,2028,EV sales,Base Case,3164.14,2214.11,4943.96
Greece,BEV,2 and 3 wheelers,2028,EV sales,High Growth,4943.96,3164.14,5685.56
Greece,BEV,2 and 3 wheelers,2028,EV sales,Low Growth,2214.11,1881.99,3164.14
Greece,BEV,2 and 3 wheelers,2029,EV sales,Base Case,4021.71,2573.89,7025.63
Greece,BEV,2 and 3 wheelers,2029,EV sales,High Growth,7025.63,4021.71,8079.47
Greece,BEV,2 and 3 wheelers,2029,EV sales,Low Growth,2573.89,2187.81,4021.71
Greece,BEV,2 and 3 wheelers,2030,EV sales,Base Case,5119.4,2996.64,9998.83
Greece,BEV,2 and 3 wheelers,2030,EV sales,High Growth,9998.83,5119.4,11498.66
Greece,BEV,2 and 3 wheelers,2030,EV sales,Low Growth,2996.64,2547.15,5119.4
Greece,BEV,Cars,2025,EV sales,Base Case,11511.25,10528.31,12869.97
Greece,BEV,Cars,2025,EV sales,High Growth,12869.97,11511.25,14800.46
Greece,BEV,Cars,2025,EV sales,Low Growth,10528.31,8949.06,11511.25
Greece,BEV,Cars,2026,EV sales,Base Case,15146.05,12669.85,18932.56
Greece,BEV,Cars,2026,EV sales,High Growth,18932.56,15146.05,21772.44
Greece,BEV,Cars,2026,EV sales,Low Growth,12669.85,10769.37,15146.05
Greece,BEV,Cars,2027,EV sales,Base Case,19688.28,15063.15,27515.21
Greece,BEV,Cars,2027,EV sales,High Growth,27515.21,19688.28,31642.5
Greece,BEV,Cars,2027,EV sales,Low Growth,15063.15,12803.68,19688.28
Greece,BEV,Cars,2028,EV sales,Base Case,25389.74,17766.52,39671.47
Greece,BEV,Cars,2028,EV sales,High Growth,39671.47,25389.74,45622.2
Greece,BEV,Cars,2028,EV sales,Low Growth,17766.52,15101.54,25389.74
Greece,BEV,Cars,2029,EV sales,Base Case,32590.33,20857.81,56932.97
Greece,BEV,Cars,2029,EV sales,High Growth,56932.97,32590.33,65472.92
Greece,BEV,Cars,2029,EV sales,Low Growth,20857.81,17729.14,32590.33
Greece,BEV,Cars,2030,EV sales,Base Case,41748.93,24437.76,81540.88
Greece,BEV,Cars,2030,EV sales,High Growth,81540.88,41748.93,93772.01
Greece,BEV,Cars,2030,EV sales,Low Growth,24437.76,20772.09,41748.93
Greece,PHEV,Cars,2025,EV sales,Base Case,11956.27,10935.32,13367.51
Greece,PHEV,Cars,2025,EV sales,High Growth,13367.51,11956.27,15372.64
Greece,PHEV,Cars,2025,EV sales,Low Growth,10935.32,9295.02,11956.27
Greece,PHEV,Cars,2026,EV sales,Base Case,15412.51,12892.75,19265.64
Greece,PHEV,Cars,2026,EV sales,High Growth,19265.64,15412.51,22155.49
Greece,PHEV,Cars,2026,EV sales,Low Growth,12892.75,10958.83,15412.51
Greece,PHEV,Cars,2027,EV sales,Base Case,19710.14,15079.87,27545.76
Greece,PHEV,Cars,2027,EV sales,High Growth,27545.76,19710.14,31677.62
Greece,PHEV,Cars,2027,EV sales,Low Growth,15079.87,12817.89,19710.14
Greece,PHEV,Cars,2028,EV sales,Base Case,25089.36,17556.32,39202.12
Greece,PHEV,Cars,2028,EV sales,High Growth,39202.12,25089.36,45082.44
Greece,PHEV,Cars,2028,EV sales,Low Growth,17556.32,14922.87,25089.36
Greece,PHEV,Cars,2029,EV sales,Base Case,31874.45,20399.65,55682.37
Greece,PHEV,Cars,2029,EV sales,High Growth,55682.37,31874.45,64034.72
Greece,PHEV,Cars,2029,EV sales,Low Growth,20399.65,17339.7,31874.45
Greece,PHEV,Cars,2030,EV sales,Base Case,40503.18,23708.56,79107.78
Greece,PHEV,Cars,2030,EV sales,High Growth,79107.78,40503.18,90973.94
Greece,PHEV,Cars,2030,EV sales,Low Growth,23708.56,20152.27,40503.18
Hungary,BEV,Cars,2025,EV sales,Base Case,10722.71,9807.1,11988.36
Hungary,BEV,Cars,2025,EV sales,High Growth,11988.36,10722.71,13786.61
Hungary,BEV,Cars,2025,EV sales,Low Growth,9807.1,8336.04,10722.71
Hungary,BEV,Cars,2026,EV sales,Base Case,13722.14,11478.73,17152.68
Hungary,BEV,Cars,2026,EV sales,High Growth,17152.68,13722.14,19725.58
Hungary,BEV,Cars,2026,EV sales,Low Growth,11478.73,9756.92,13722.14
Hungary,BEV,Cars,2027,EV sales,Base Case,17520.49,13404.61,24485.62
Hungary,BEV,Cars,2027,EV sales,High Growth,24485.62,17520.49,28158.47
Hungary,BEV,Cars,2027,EV sales,Low Growth,13404.61,11393.92,17520.49
Hungary,BEV,Cars,2028,EV sales,Base Case,22366.63,15651.08,34947.85
Hungary,BEV,Cars,2028,EV sales,High Growth,34947.85,22366.63,40190.03
Hungary,BEV,Cars,2028,EV sales,Low Growth,15651.08,13303.42,22366.63
Hungary,BEV,Cars,2029,EV sales,Base Case,28596.56,18301.8,49956.14
Hungary,BEV,Cars,2029,EV sales,High Growth,49956.14,28596.56,57449.56
Hungary,BEV,Cars,2029,EV sales,Low Growth,18301.8,15556.53,28596.56
Hungary,BEV,Cars,2030,EV sales,Base Case,36663.9,21461.23,71609.19
Hungary,BEV,Cars,2030,EV sales,High Growth,71609.19,36663.9,82350.57
Hungary,BEV,Cars,2030,EV sales,Low Growth,21461.23,18242.05,36663.9
Hungary,PHEV,Cars,2025,EV sales,Base Case,7618.16,6967.65,8517.37
Hungary,PHEV,Cars,2025,EV sales,High Growth,8517.37,7618.16,9794.97
Hungary,PHEV,Cars,2025,EV sales,Low Growth,6967.65,5922.5,7618.16
Hungary,PHEV,Cars,2026,EV sales,Base Case,9577.35,8011.56,11971.68
Hungary,PHEV,Cars,2026,EV sales,High Growth,11971.68,9577.35,13767.44
Hungary,PHEV,Cars,2026,EV sales,Low Growth,8011.56,6809.83,9577.35
Hungary,PHEV,Cars,2027,EV sales,Base Case,12048.22,9217.88,16837.9
Hungary,PHEV,Cars,2027,EV sales,High Growth,16837.9,12048.22,19363.58
Hungary,PHEV,Cars,2027,EV sales,Low Growth,9217.88,7835.19,12048.22
Hungary,PHEV,Cars,2028,EV sales,Base Case,15195.74,10633.25,23743.35
Hungary,PHEV,Cars,2028,EV sales,High Growth,23743.35,15195.74,27304.85
Hungary,PHEV,Cars,2028,EV sales,Low Growth,10633.25,9038.26,15195.74
Hungary,PHEV,Cars,2029,EV sales,Base Case,19242.61,12315.27,33615.46
Hungary,PHEV,Cars,2029,EV sales,High Growth,33615.46,19242.61,38657.78
Hungary,PHEV,Cars,2029,EV sales,Low Growth,12315.27,10467.98,19242.61
Hungary,PHEV,Cars,2030,EV sales,Base Case,24489.48,14334.93,47831.01
Hungary,PHEV,Cars,2030,EV sales,High Growth,47831.01,24489.48,55005.66
Hungary,PHEV,Cars,2030,EV sales,Low Growth,14334.93,12184.69,24489.48
Iceland,BEV,2 and 3 wheelers,2025,EV sales,Base Case,24.3,22.23,27.17
Iceland,BEV,2 and 3 wheelers,2025,EV sales,High Growth,27.17,24.3,31.24
Iceland,BEV,2 and 3 wheelers,2025,EV sales,Low Growth,22.23,18.89,24.3
Iceland,BEV,2 and 3 wheelers,2026,EV sales,Base Case,24.6,20.58,30.75
Iceland,BEV,2 and 3 wheelers,2026,EV sales,High Growth,30.75,24.6,35.37
Iceland,BEV,2 and 3 wheelers,2026,EV sales,Low Growth,20.58,17.49,24.6
Iceland,BEV,2 and 3 wheelers,2027,EV sales,Base Case,33.22,25.41,46.42
Iceland,BEV,2 and 3 wheelers,2027,EV sales,High Growth,46.42,33.22,53.38
Iceland,BEV,2 and 3 wheelers,2027,EV sales,Low Growth,25.41,21.6,33.22
Iceland,BEV,2 and 3 wheelers,2028,EV sales,Base Case,44.84,31.38,70.06
Iceland,BEV,2 and 3 wheelers,2028,EV sales,High Growth,70.06,44.84,80.57
Iceland,BEV,2 and 3 wheelers,2028,EV sales,Low Growth,31.38,26.67,44.84
Iceland,BEV,2 and 3 wheelers,2029,EV sales,Base Case,60.53,38.74,105.75
Iceland,BEV,2 and 3 wheelers,2029,EV sales,High Growth,105.75,60.53,121.61
Iceland,BEV,2 and 3 wheelers,2029,EV sales,Low Growth,38.74,32.93,60.53
Iceland,BEV,2 and 3 wheelers,2030,EV sales,Base Case,81.72,47.84,159.61
Iceland,BEV,2 and 3 wheelers,2030,EV sales,High Growth,159.61,81.72,183.55
Iceland,BEV,2 and 3 wheelers,2030,EV sales,Low Growth,47.84,40.66,81.72
Iceland,BEV,Cars,2025,EV sales,Base Case,5517.88,5046.71,6169.18
Iceland,BEV,Cars,2025,EV sales,High Growth,6169.18,5517.88,7094.55
Iceland,BEV,Cars,2025,EV sales,Low Growth,5046.71,4289.7,5517.88
Iceland,BEV,Cars,2026,EV sales,Base Case,6422.64,5372.61,8028.3
Iceland,BEV,Cars,2026,EV sales,High Growth,8028.3,6422.64,9232.55
Iceland,BEV,Cars,2026,EV sales,Low Growth,5372.61,4566.72,6422.64
Iceland,BEV,Cars,2027,EV sales,Base Case,7442.49,5694.11,10401.19
Iceland,BEV,Cars,2027,EV sales,High Growth,10401.19,7442.49,11961.37
Iceland,BEV,Cars,2027,EV sales,Low Growth,5694.11,4840.0,7442.49
Iceland,BEV,Cars,2028,EV sales,Base Case,8600.51,6018.22,13438.3
Iceland,BEV,Cars,2028,EV sales,High Growth,13438.3,8600.51,15454.04
Iceland,BEV,Cars,2028,EV sales,Low Growth,6018.22,5115.49,8600.51
Iceland,BEV,Cars,2029,EV sales,Base Case,9925.35,6352.22,17338.87
Iceland,BEV,Cars,2029,EV sales,High Growth,17338.87,9925.35,19939.7
Iceland,BEV,Cars,2029,EV sales,Low Growth,6352.22,5399.39,9925.35
Iceland,BEV,Cars,2030,EV sales,Base Case,11452.49,6703.72,22368.14
Iceland,BEV,Cars,2030,EV sales,High Growth,22368.14,11452.49,25723.37
Iceland,BEV,Cars,2030,EV sales,Low Growth,6703.72,5698.16,11452.49
Iceland,FCEV,Cars,2025,EV sales,Base Case,0.9,0.75,1.12
Iceland,FCEV,Cars,2025,EV sales,High Growth,1.12,0.9,1.29
Iceland,FCEV,Cars,2025,EV sales,Low Growth,0.75,0.64,0.9
Iceland,FCEV,Cars,2026,EV sales,Base Case,0.9,0.69,1.26
Iceland,FCEV,Cars,2026,EV sales,High Growth,1.26,0.9,1.45
Iceland,FCEV,Cars,2026,EV sales,Low Growth,0.69,0.59,0.9
Iceland,FCEV,Cars,2027,EV sales,Base Case,0.9,0.63,1.41
Iceland,FCEV,Cars,2027,EV sales,High Growth,1.41,0.9,1.62
Iceland,FCEV,Cars,2027,EV sales,Low Growth,0.63,0.54,0.9
Iceland,FCEV,Cars,2028,EV sales,Base Case,0.9,0.58,1.57
Iceland,FCEV,Cars,2028,EV sales,High Growth,1.57,0.9,1.81
Iceland,FCEV,Cars,2028,EV sales,Low Growth,0.58,0.49,0.9
Iceland,FCEV,Cars,2029,EV sales,Base Case,0.9,0.53,1.76
Iceland,FCEV,Cars,2029,EV sales,High Growth,1.76,0.9,2.02
Iceland,FCEV,Cars,2029,EV sales,Low Growth,0.53,0.45,0.9
Iceland,FCEV,Cars,2030,EV sales,Base Case,0.9,0.48,1.97
Iceland,FCEV,Cars,2030,EV sales,High Growth,1.97,0.9,2.26
Iceland,FCEV,Cars,2030,EV sales,Low Growth,0.48,0.41,0.9
Iceland,PHEV,Cars,2025,EV sales,Base Case,1874.87,1714.77,2096.16
Iceland,PHEV,Cars,2025,EV sales,High Growth,2096.16,1874.87,2410.59
Iceland,PHEV,Cars,2025,EV sales,Low Growth,1714.77,1457.56,1874.87
Iceland,PHEV,Cars,2026,EV sales,Base Case,1701.75,1423.54,2127.19
Iceland,PHEV,Cars,2026,EV sales,High Growth,2127.19,1701.75,2446.27
Iceland,PHEV,Cars,2026,EV sales,Low Growth,1423.54,1210.01,1701.75
Iceland,PHEV,Cars,2027,EV sales,Base Case,1689.07,1292.28,2360.54
Iceland,PHEV,Cars,2027,EV sales,High Growth,2360.54,1689.07,2714.63
Iceland,PHEV,Cars,2027,EV sales,Low Growth,1292.28,1098.43,1689.07
Iceland,PHEV,Cars,2028,EV sales,Base Case,2166.87,1516.27,3385.73
Iceland,PHEV,Cars,2028,EV sales,High Growth,3385.73,2166.87,3893.59
Iceland,PHEV,Cars,2028,EV sales,Low Growth,1516.27,1288.83,2166.87
Iceland,PHEV,Cars,2029,EV sales,Base Case,2779.83,1779.09,4856.16
Iceland,PHEV,Cars,2029,EV sales,High Growth,4856.16,2779.83,5584.59
Iceland,PHEV,Cars,2029,EV sales,Low Growth,1779.09,1512.23,2779.83
Iceland,PHEV,Cars,2030,EV sales,Base Case,3566.19,2087.47,6965.21
Iceland,PHEV,Cars,2030,EV sales,High Growth,6965.21,3566.19,8009.99
Iceland,PHEV,Cars,2030,EV sales,Low Growth,2087.47,1774.35,3566.19
India,BEV,2 and 3 wheelers,2025,EV sales,Base Case,2515693.56,2300878.75,2812630.9
India,BEV,2 and 3 wheelers,2025,EV sales,High Growth,2812630.9,2515693.56,3234525.54
India,BEV,2 and 3 wheelers,2025,EV sales,Low Growth,2300878.75,1955746.93,2515693.56
India,BEV,2 and 3 wheelers,2026,EV sales,Base Case,3296997.28,2757976.61,4121246.61
India,BEV,2 and 3 wheelers,2026,EV sales,High Growth,4121246.61,3296997.28,4739433.6
India,BEV,2 and 3 wheelers,2026,EV sales,Low Growth,2757976.61,2344280.12,3296997.28
India,BEV,2 and 3 wheelers,2027,EV sales,Base Case,4274394.05,3270261.95,5973647.29
India,BEV,2 and 3 wheelers,2027,EV sales,High Growth,5973647.29,4274394.05,6869694.38
India,BEV,2 and 3 wheelers,2027,EV sales,Low Growth,3270261.95,2779722.66,4274394.05
India,BEV,2 and 3 wheelers,2028,EV sales,Base Case,5502871.05,3850643.52,8598236.02
India,BEV,2 and 3 wheelers,2028,EV sales,High Growth,8598236.02,5502871.05,9887971.42
India,BEV,2 and 3 wheelers,2028,EV sales,Low Growth,3850643.52,3273047.0,5502871.05
India,BEV,2 and 3 wheelers,2029,EV sales,Base Case,7056660.98,4516263.03,12327479.42
India,BEV,2 and 3 wheelers,2029,EV sales,High Growth,12327479.42,7056660.98,14176601.33
India,BEV,2 and 3 wheelers,2029,EV sales,Low Growth,4516263.03,3838823.58,7056660.98
India,BEV,2 and 3 wheelers,2030,EV sales,Base Case,9035978.0,5289213.94,17648394.53
India,BEV,2 and 3 wheelers,2030,EV sales,High Growth,17648394.53,9035978.0,20295653.71
India,BEV,2 and 3 wheelers,2030,EV sales,Low Growth,5289213.94,4495831.85,9035978.0
India,BEV,Buses,2025,EV sales,Base Case,4046.86,3701.3,4524.53
India,BEV,Buses,2025,EV sales,High Growth,4524.53,4046.86,5203.21
India,BEV,Buses,2025,EV sales,Low Growth,3701.3,3146.11,4046.86
India,BEV,Buses,2026,EV sales,Base Case,5159.42,4315.91,6449.27
India,BEV,Buses,2026,EV sales,High Growth,6449.27,5159.42,7416.66
India,BEV,Buses,2026,EV sales,Low Growth,4315.91,3668.53,5159.42
India,BEV,Buses,2027,EV sales,Base Case,6566.57,5023.96,9177.06
India,BEV,Buses,2027,EV sales,High Growth,9177.06,6566.57,10553.62
India,BEV,Buses,2027,EV sales,Low Growth,5023.96,4270.37,6566.57
India,BEV,Buses,2028,EV sales,Base Case,8360.93,5850.58,13063.95
India,BEV,Buses,2028,EV sales,High Growth,13063.95,8360.93,15023.55
India,BEV,Buses,2028,EV sales,Low Growth,5850.58,4972.99,8360.93
India,BEV,Buses,2029,EV sales,Base Case,10667.52,6827.21,18635.39
India,BEV,Buses,2029,EV sales,High Growth,18635.39,10667.52,21430.7
India,BEV,Buses,2029,EV sales,Low Growth,6827.21,5803.13,10667.52
India,BEV,Buses,2030,EV sales,Base Case,13655.12,7993.03,26670.16
India,BEV,Buses,2030,EV sales,High Growth,26670.16,13655.12,30670.68
India,BEV,Buses,2030,EV sales,Low Growth,7993.03,6794.08,13655.12
India,BEV,Cars,2025,EV sales,Base Case,126104.62,115336.56,140989.25
India,BEV,Cars,2025,EV sales,High Growth,140989.25,126104.62,162137.64
India,BEV,Cars,2025,EV sales,Low Growth,115336.56,98036.08,126104.62
India,BEV,Cars,2026,EV sales,Base Case,165986.1,138849.3,207482.62
India,BEV,Cars,2026,EV sales,High Growth,207482.62,165986.1,238605.02
India,BEV,Cars,2026,EV sales,Low Growth,138849.3,118021.91,165986.1
India,BEV,Cars,2027,EV sales,Base Case,215649.42,164989.49,301379.22
India,BEV,Cars,2027,EV sales,High Growth,301379.22,215649.42,346586.11
India,BEV,Cars,2027,EV sales,Low Growth,164989.49,140241.07,215649.42
India,BEV,Cars,2028,EV sales,Base Case,277757.12,194361.02,433995.5
India,BEV,Cars,2028,EV sales,High Growth,433995.5,277757.12,499094.82
India,BEV,Cars,2028,EV sales,Low Growth,194361.02,165206.87,277757.12
India,BEV,Cars,2029,EV sales,Base Case,355903.62,227778.32,621738.04
India,BEV,Cars,2029,EV sales,High Growth,621738.04,355903.62,714998.74
India,BEV,Cars,2029,EV sales,Low Growth,227778.32,193611.57,355903.62
India,BEV,Cars,2030,EV sales,Base Case,454941.4,266300.16,888557.43
India,BEV,Cars,2030,EV sales,High Growth,888557.43,454941.4,1021841.04
India,BEV,Cars,2030,EV sales,Low Growth,266300.16,226355.14,454941.4
India,BEV,Vans,2025,EV sales,Base Case,6495.52,5940.87,7262.21
India,BEV,Vans,2025,EV sales,High Growth,7262.21,6495.52,8351.54
India,BEV,Vans,2025,EV sales,Low Growth,5940.87,5049.74,6495.52
India,BEV,Vans,2026,EV sales,Base Case,8600.75,7194.63,10750.94
India,BEV,Vans,2026,EV sales,High Growth,10750.94,8600.75,12363.58
India,BEV,Vans,2026,EV sales,Low Growth,7194.63,6115.43,8600.75
India,BEV,Vans,2027,EV sales,Base Case,11296.4,8642.67,15787.2
India,BEV,Vans,2027,EV sales,High Growth,15787.2,11296.4,18155.28
India,BEV,Vans,2027,EV sales,Low Growth,8642.67,7346.27,11296.4
India,BEV,Vans,2028,EV sales,Base Case,14756.12,10325.62,23056.43
India,BEV,Vans,2028,EV sales,High Growth,23056.43,14756.12,26514.89
India,BEV,Vans,2028,EV sales,Low Growth,10325.62,8776.77,14756.12
India,BEV,Vans,2029,EV sales,Base Case,19214.31,12297.16,33566.02
India,BEV,Vans,2029,EV sales,High Growth,33566.02,19214.31,38600.92
India,BEV,Vans,2029,EV sales,Low Growth,12297.16,10452.58,19214.31
India,BEV,Vans,2030,EV sales,Base Case,24987.45,14626.41,48803.61
India,BEV,Vans,2030,EV sales,High Growth,48803.61,24987.45,56124.15
India,BEV,Vans,2030,EV sales,Low Growth,14626.41,12432.45,24987.45
India,FCEV,Buses,2025,EV sales,Base Case,1.8,1.51,2.25
India,FCEV,Buses,2025,EV sales,High Growth,2.25,1.8,2.59
India,FCEV,Buses,2025,EV sales,Low Growth,1.51,1.28,1.8
India,FCEV,Buses,2026,EV sales,Base Case,1.8,1.38,2.52
India,FCEV,Buses,2026,EV sales,High Growth,2.52,1.8,2.89
India,FCEV,Buses,2026,EV sales,Low Growth,1.38,1.17,1.8
India,FCEV,Buses,2027,EV sales,Base Case,1.8,1.26,2.81
India,FCEV,Buses,2027,EV sales,High Growth,2.81,1.8,3.23
India,FCEV,Buses,2027,EV sales,Low Growth,1.26,1.07,1.8
India,FCEV,Buses,2028,EV sales,Base Case,1.8,1.15,3.14
India,FCEV,Buses,2028,EV sales,High Growth,3.14,1.8,3.62
India,FCEV,Buses,2028,EV sales,Low Growth,1.15,0.98,1.8
India,FCEV,Buses,2029,EV sales,Base Case,1.8,1.05,3.52
India,FCEV,Buses,2029,EV sales,High Growth,3.52,1.8,4.04
India,FCEV,Buses,2029,EV sales,Low Growth,1.05,0.9,1.8
India,FCEV,Buses,2030,EV sales,Base Case,1.8,0.96,3.93
India,FCEV,Buses,2030,EV sales,High Growth,3.93,1.8,4.52
India,FCEV,Buses,2030,EV sales,Low Growth,0.96,0.82,1.8
India,PHEV,Cars,2025,EV sales,Base Case,166.09,151.9,185.69
India,PHEV,Cars,2025,EV sales,High Growth,185.69,166.09,213.54
India,PHEV,Cars,2025,EV sales,Low Growth,151.9,129.12,166.09
India,PHEV,Cars,2026,EV sales,Base Case,210.36,175.97,262.95
India,PHEV,Cars,2026,EV sales,High Growth,262.95,210.36,302.4
India,PHEV,Cars,2026,EV sales,Low Growth,175.97,149.57,210.36
India,PHEV,Cars,2027,EV sales,Base Case,264.11,202.07,369.11
India,PHEV,Cars,2027,EV sales,High Growth,369.11,264.11,424.48
India,PHEV,Cars,2027,EV sales,Low Growth,202.07,171.76,264.11
India,PHEV,Cars,2028,EV sales,Base Case,330.09,230.98,515.76
India,PHEV,Cars,2028,EV sales,High Growth,515.76,330.09,593.13
India,PHEV,Cars,2028,EV sales,Low Growth,230.98,196.33,330.09
India,PHEV,Cars,2029,EV sales,Base Case,412.0,263.68,719.73
India,PHEV,Cars,2029,EV sales,High Growth,719.73,412.0,827.69
India,PHEV,Cars,2029,EV sales,Low Growth,263.68,224.13,412.0
India,PHEV,Cars,2030,EV sales,Base Case,514.86,301.37,1005.58
India,PHEV,Cars,2030,EV sales,High Growth,1005.58,514.86,1156.42
India,PHEV,Cars,2030,EV sales,Low Growth,301.37,256.17,514.86
Indonesia,BEV,2 and 3 wheelers,2025,EV sales,Base Case,128189.76,117243.65,143320.51
Indonesia,BEV,2 and 3 wheelers,2025,EV sales,High Growth,143320.51,128189.76,164818.58
Indonesia,BEV,2 and 3 wheelers,2025,EV sales,Low Growth,117243.65,99657.1,128189.76
Indonesia,BEV,2 and 3 wheelers,2026,EV sales,Base Case,159712.28,133601.18,199640.35
Indonesia,BEV,2 and 3 wheelers,2026,EV sales,High Growth,199640.35,159712.28,229586.41
Indonesia,BEV,2 and 3 wheelers,2026,EV sales,Low Growth,133601.18,113561.01,159712.28
Indonesia,BEV,2 and 3 wheelers,2027,EV sales,Base Case,199755.29,152829.18,279166.51
Indonesia,BEV,2 and 3 wheelers,2027,EV sales,High Growth,279166.51,199755.29,321041.49
Indonesia,BEV,2 and 3 wheelers,2027,EV sales,Low Growth,152829.18,129904.8,199755.29
Indonesia,BEV,2 and 3 wheelers,2028,EV sales,Base Case,251212.85,175786.63,392520.09
Indonesia,BEV,2 and 3 wheelers,2028,EV sales,High Growth,392520.09,251212.85,451398.1
Indonesia,BEV,2 and 3 wheelers,2028,EV sales,Low Growth,175786.63,149418.63,251212.85
Indonesia,BEV,2 and 3 wheelers,2029,EV sales,Base Case,317991.95,203514.85,555509.08
Indonesia,BEV,2 and 3 wheelers,2029,EV sales,High Growth,555509.08,317991.95,638835.44
Indonesia,BEV,2 and 3 wheelers,2029,EV sales,Low Growth,203514.85,172987.62,317991.95
Indonesia,BEV,2 and 3 wheelers,2030,EV sales,Base Case,405367.01,237281.77,791732.44
Indonesia,BEV,2 and 3 wheelers,2030,EV sales,High Growth,791732.44,405367.01,910492.3
Indonesia,BEV,2 and 3 wheelers,2030,EV sales,Low Growth,237281.77,201689.5,405367.01
Indonesia,BEV,Cars,2025,EV sales,Base Case,60790.62,55599.71,67965.98
Indonesia,BEV,Cars,2025,EV sales,High Growth,67965.98,60790.62,78160.87
Indonesia,BEV,Cars,2025,EV sales,Low Growth,55599.71,47259.76,60790.62
Indonesia,BEV,Cars,2026,EV sales,Base Case,81490.91,68168.1,101863.64
Indonesia,BEV,Cars,2026,EV sales,High Growth,101863.64,81490.91,117143.19
Indonesia,BEV,Cars,2026,EV sales,Low Growth,68168.1,57942.88,81490.91
Indonesia,BEV,Cars,2027,EV sales,Base Case,107392.19,82163.83,150085.15
Indonesia,BEV,Cars,2027,EV sales,High Growth,150085.15,107392.19,172597.93
Indonesia,BEV,Cars,2027,EV sales,Low Growth,82163.83,69839.26,107392.19
Indonesia,BEV,Cars,2028,EV sales,Base Case,139912.55,97904.05,218613.37
Indonesia,BEV,Cars,2028,EV sales,High Growth,218613.37,139912.55,251405.37
Indonesia,BEV,Cars,2028,EV sales,Low Growth,97904.05,83218.44,139912.55
Indonesia,BEV,Cars,2029,EV sales,Base Case,180966.41,115818.51,316135.32
Indonesia,BEV,Cars,2029,EV sales,High Growth,316135.32,180966.41,363555.61
Indonesia,BEV,Cars,2029,EV sales,Low Growth,115818.51,98445.73,180966.41
Indonesia,BEV,Cars,2030,EV sales,Base Case,233138.24,136467.58,455348.13
Indonesia,BEV,Cars,2030,EV sales,High Growth,455348.13,233138.24,523650.35
Indonesia,BEV,Cars,2030,EV sales,Low Growth,136467.58,115997.44,233138.24
Indonesia,PHEV,Cars,2025,EV sales,Base Case,199.99,182.91,223.6
Indonesia,PHEV,Cars,2025,EV sales,High Growth,223.6,199.99,257.14
Indonesia,PHEV,Cars,2025,EV sales,Low Growth,182.91,155.48,199.99
Indonesia,PHEV,Cars,2026,EV sales,Base Case,253.08,211.7,316.35
Indonesia,PHEV,Cars,2026,EV sales,High Growth,316.35,253.08,363.8
Indonesia,PHEV,Cars,2026,EV sales,Low Growth,211.7,179.95,253.08
Indonesia,PHEV,Cars,2027,EV sales,Base Case,316.78,242.36,442.71
Indonesia,PHEV,Cars,2027,EV sales,High Growth,442.71,316.78,509.11
Indonesia,PHEV,Cars,2027,EV sales,Low Growth,242.36,206.01,316.78
Indonesia,PHEV,Cars,2028,EV sales,Base Case,393.13,275.09,614.27
Indonesia,PHEV,Cars,2028,EV sales,High Growth,614.27,393.13,706.41
Indonesia,PHEV,Cars,2028,EV sales,Low Growth,275.09,233.83,393.13
Indonesia,PHEV,Cars,2029,EV sales,Base Case,484.77,310.25,846.85
Indonesia,PHEV,Cars,2029,EV sales,High Growth,846.85,484.77,973.88
Indonesia,PHEV,Cars,2029,EV sales,Low Growth,310.25,263.71,484.77
Indonesia,PHEV,Cars,2030,EV sales,Base Case,595.02,348.3,1162.15
Indonesia,PHEV,Cars,2030,EV sales,High Growth,1162.15,595.02,1336.48
Indonesia,PHEV,Cars,2030,EV sales,Low Growth,348.3,296.05,595.02
Ireland,BEV,Cars,2025,EV sales,Base Case,25131.98,22985.96,28098.4
Ireland,BEV,Cars,2025,EV sales,High Growth,28098.4,25131.98,32313.17
Ireland,BEV,Cars,2025,EV sales,Low Growth,22985.96,19538.07,25131.98
Ireland,BEV,Cars,2026,EV sales,Base Case,32094.42,26847.35,40118.02
Ireland,BEV,Cars,2026,EV sales,High Growth,40118.02,32094.42,46135.73
Ireland,BEV,Cars,2026,EV sales,Low Growth,26847.35,22820.25,32094.42
Ireland,BEV,Cars,2027,EV sales,Base Case,40748.05,31175.6,56947.13
Ireland,BEV,Cars,2027,EV sales,High Growth,56947.13,40748.05,65489.2
Ireland,BEV,Cars,2027,EV sales,Low Growth,31175.6,26499.26,40748.05
Ireland,BEV,Cars,2028,EV sales,Base Case,51584.86,36096.6,80601.35
Ireland,BEV,Cars,2028,EV sales,High Growth,80601.35,51584.86,92691.55
Ireland,BEV,Cars,2028,EV sales,Low Growth,36096.6,30682.11,51584.86
Ireland,BEV,Cars,2029,EV sales,Base Case,65269.05,41772.19,114020.33
Ireland,BEV,Cars,2029,EV sales,High Growth,114020.33,65269.05,131123.38
Ireland,BEV,Cars,2029,EV sales,Low Growth,41772.19,35506.36,65269.05
Ireland,BEV,Cars,2030,EV sales,Base Case,82697.25,48406.87,161518.07
Ireland,BEV,Cars,2030,EV sales,High Growth,161518.07,82697.25,185745.78
Ireland,BEV,Cars,2030,EV sales,Low Growth,48406.87,41145.84,82697.25
Ireland,PHEV,Cars,2025,EV sales,Base Case,17081.14,15622.58,19097.3
Ireland,PHEV,Cars,2025,EV sales,High Growth,19097.3,17081.14,21961.89
Ireland,PHEV,Cars,2025,EV sales,Low Growth,15622.58,13279.2,17081.14
Ireland,PHEV,Cars,2026,EV sales,Base Case,22008.75,18410.57,27510.93
Ireland,PHEV,Cars,2026,EV sales,High Growth,27510.93,22008.75,31637.57
Ireland,PHEV,Cars,2026,EV sales,Low Growth,18410.57,15648.99,22008.75
Ireland,PHEV,Cars,2027,EV sales,Base Case,28197.58,21573.46,39407.32
Ireland,PHEV,Cars,2027,EV sales,High Growth,39407.32,28197.58,45318.41
Ireland,PHEV,Cars,2027,EV sales,Low Growth,21573.46,18337.44,28197.58
Ireland,PHEV,Cars,2028,EV sales,Base Case,36023.87,25207.76,56287.29
Ireland,PHEV,Cars,2028,EV sales,High Growth,56287.29,36023.87,64730.38
Ireland,PHEV,Cars,2028,EV sales,Low Growth,25207.76,21426.6,36023.87
Ireland,PHEV,Cars,2029,EV sales,Base Case,45995.51,29437.13,80350.85
Ireland,PHEV,Cars,2029,EV sales,High Growth,80350.85,45995.51,92403.48
Ireland,PHEV,Cars,2029,EV sales,Low Growth,29437.13,25021.56,45995.51
Ireland,PHEV,Cars,2030,EV sales,Base Case,58798.2,34417.55,114840.22
Ireland,PHEV,Cars,2030,EV sales,High Growth,114840.22,58798.2,132066.26
Ireland,PHEV,Cars,2030,EV sales,Low Growth,34417.55,29254.92,58798.2
Israel,BEV,2 and 3 wheelers,2025,EV sales,Base Case,1533.29,1402.37,1714.27
Israel,BEV,2 and 3 wheelers,2025,EV sales,High Growth,1714.27,1533.29,1971.42
Israel,BEV,2 and 3 wheelers,2025,EV sales,Low Growth,1402.37,1192.01,1533.29
Israel,BEV,2 and 3 wheelers,2026,EV sales,Base Case,1923.02,1608.63,2403.78
Israel,BEV,2 and 3 wheelers,2026,EV sales,High Growth,2403.78,1923.02,2764.34
Israel,BEV,2 and 3 wheelers,2026,EV sales,Low Growth,1608.63,1367.34,1923.02
Israel,BEV,2 and 3 wheelers,2027,EV sales,Base Case,2396.03,1833.16,3348.55
Israel,BEV,2 and 3 wheelers,2027,EV sales,High Growth,3348.55,2396.03,3850.84
Israel,BEV,2 and 3 wheelers,2027,EV sales,Low Growth,1833.16,1558.19,2396.03
Israel,BEV,2 and 3 wheelers,2028,EV sales,Base Case,2970.78,2078.81,4641.85
Israel,BEV,2 and 3 wheelers,2028,EV sales,High Growth,4641.85,2970.78,5338.13
Israel,BEV,2 and 3 wheelers,2028,EV sales,Low Growth,2078.81,1766.99,2970.78
Israel,BEV,2 and 3 wheelers,2029,EV sales,Base Case,3670.94,2349.4,6412.87
Israel,BEV,2 and 3 wheelers,2029,EV sales,High Growth,6412.87,3670.94,7374.8
Israel,BEV,2 and 3 wheelers,2029,EV sales,Low Growth,2349.4,1996.99,3670.94
Israel,BEV,2 and 3 wheelers,2030,EV sales,Base Case,4526.79,2649.76,8841.4
Israel,BEV,2 and 3 wheelers,2030,EV sales,High Growth,8841.4,4526.79,10167.6
Israel,BEV,2 and 3 wheelers,2030,EV sales,Low Growth,2649.76,2252.3,4526.79
Israel,BEV,Buses,2025,EV sales,Base Case,706.31,646.0,789.68
Israel,BEV,Buses,2025,EV sales,High Growth,789.68,706.31,908.13
Israel,BEV,Buses,2025,EV sales,Low Growth,646.0,549.1,706.31
Israel,BEV,Buses,2026,EV sales,Base Case,923.56,772.56,1154.44
Israel,BEV,Buses,2026,EV sales,High Growth,1154.44,923.56,1327.61
Israel,BEV,Buses,2026,EV sales,Low Growth,772.56,656.68,923.56
Israel,BEV,Buses,2027,EV sales,Base Case,1193.82,913.37,1668.42
Israel,BEV,Buses,2027,EV sales,High Growth,1668.42,1193.82,1918.68
Israel,BEV,Buses,2027,EV sales,Low Growth,913.37,776.37,1193.82
Israel,BEV,Buses,2028,EV sales,Base Case,1531.58,1071.72,2393.09
Israel,BEV,Buses,2028,EV sales,High Growth,2393.09,1531.58,2752.05
Israel,BEV,Buses,2028,EV sales,Low Growth,1071.72,910.96,1531.58
Israel,BEV,Buses,2029,EV sales,Base Case,1956.36,1252.07,3417.62
Israel,BEV,Buses,2029,EV sales,High Growth,3417.62,1956.36,3930.26
Israel,BEV,Buses,2029,EV sales,Low Growth,1252.07,1064.26,1956.36
Israel,BEV,Buses,2030,EV sales,Base Case,2494.54,1460.18,4872.14
Israel,BEV,Buses,2030,EV sales,High Growth,4872.14,2494.54,5602.96
Israel,BEV,Buses,2030,EV sales,Low Growth,1460.18,1241.15,2494.54
Israel,BEV,Cars,2025,EV sales,Base Case,90670.89,82928.51,101373.13
Israel,BEV,Cars,2025,EV sales,High Growth,101373.13,90670.89,116579.1
Israel,BEV,Cars,2025,EV sales,Low Growth,82928.51,70489.23,90670.89
Israel,BEV,Cars,2026,EV sales,Base Case,119755.48,100176.85,149694.35
Israel,BEV,Cars,2026,EV sales,High Growth,149694.35,119755.48,172148.5
Israel,BEV,Cars,2026,EV sales,Low Growth,100176.85,85150.32,119755.48
Israel,BEV,Cars,2027,EV sales,Base Case,156097.48,119427.37,218152.86
Israel,BEV,Cars,2027,EV sales,High Growth,218152.86,156097.48,250875.79
Israel,BEV,Cars,2027,EV sales,Low Growth,119427.37,101513.27,156097.48
Israel,BEV,Cars,2028,EV sales,Base Case,201693.79,141135.58,315146.55
Israel,BEV,Cars,2028,EV sales,High Growth,315146.55,201693.79,362418.54
Israel,BEV,Cars,2028,EV sales,Low Growth,141135.58,119965.24,201693.79
Israel,BEV,Cars,2029,EV sales,Base Case,259240.24,165913.75,452874.06
Israel,BEV,Cars,2029,EV sales,High Growth,452874.06,259240.24,520805.17
Israel,BEV,Cars,2029,EV sales,Low Growth,165913.75,141026.69,259240.24
Israel,BEV,Cars,2030,EV sales,Base Case,332376.18,194556.55,649172.22
Israel,BEV,Cars,2030,EV sales,High Growth,649172.22,332376.18,746548.05
Israel,BEV,Cars,2030,EV sales,Low Growth,194556.55,165373.07,332376.18
Israel,BEV,Vans,2025,EV sales,Base Case,221.23,202.34,247.34
Israel,BEV,Vans,2025,EV sales,High Growth,247.34,221.23,284.44
Israel,BEV,Vans,2025,EV sales,Low Growth,202.34,171.99,221.23
Israel,BEV,Vans,2026,EV sales,Base Case,286.76,239.88,358.45
Israel,BEV,Vans,2026,EV sales,High Growth,358.45,286.76,412.21
Israel,BEV,Vans,2026,EV sales,Low Growth,239.88,203.89,286.76
Israel,BEV,Vans,2027,EV sales,Base Case,369.61,282.78,516.55
Israel,BEV,Vans,2027,EV sales,High Growth,516.55,369.61,594.03
Israel,BEV,Vans,2027,EV sales,Low Growth,282.78,240.36,369.61
Israel,BEV,Vans,2028,EV sales,Base Case,475.0,332.38,742.18
Israel,BEV,Vans,2028,EV sales,High Growth,742.18,475.0,853.51
Israel,BEV,Vans,2028,EV sales,Low Growth,332.38,282.52,475.0
Israel,BEV,Vans,2029,EV sales,Base Case,609.95,390.37,1065.54
Israel,BEV,Vans,2029,EV sales,High Growth,1065.54,609.95,1225.37
Israel,BEV,Vans,2029,EV sales,Low Growth,390.37,331.81,609.95
Israel,BEV,Vans,2030,EV sales,Base Case,783.96,458.89,1531.17
Israel,BEV,Vans,2030,EV sales,High Growth,1531.17,783.96,1760.85
Israel,BEV,Vans,2030,EV sales,Low Growth,458.89,390.06,783.96
Israel,PHEV,Cars,2025,EV sales,Base Case,12204.85,11162.68,13645.44
Israel,PHEV,Cars,2025,EV sales,High Growth,13645.44,12204.85,15692.26
Israel,PHEV,Cars,2025,EV sales,Low Growth,11162.68,9488.28,12204.85
Israel,PHEV,Cars,2026,EV sales,Base Case,14392.24,12039.28,17990.3
Israel,PHEV,Cars,2026,EV sales,High Growth,17990.3,14392.24,20688.85
Israel,PHEV,Cars,2026,EV sales,Low Growth,12039.28,10233.39,14392.24
Israel,PHEV,Cars,2027,EV sales,Base Case,17125.69,13102.56,23933.88
Israel,PHEV,Cars,2027,EV sales,High Growth,23933.88,17125.69,27523.97
Israel,PHEV,Cars,2027,EV sales,Low Growth,13102.56,11137.18,17125.69
Israel,PHEV,Cars,2028,EV sales,Base Case,20619.37,14428.44,32217.76
Israel,PHEV,Cars,2028,EV sales,High Growth,32217.76,20619.37,37050.42
Israel,PHEV,Cars,2028,EV sales,Low Growth,14428.44,12264.17,20619.37
Israel,PHEV,Cars,2029,EV sales,Base Case,25162.38,16103.92,43956.86
Israel,PHEV,Cars,2029,EV sales,High Growth,43956.86,25162.38,50550.39
Israel,PHEV,Cars,2029,EV sales,Low Growth,16103.92,13688.33,25162.38
Israel,PHEV,Cars,2030,EV sales,Base Case,31145.03,18230.76,60830.14
Israel,PHEV,Cars,2030,EV sales,High Growth,60830.14,31145.03,69954.66
Israel,PHEV,Cars,2030,EV sales,Low Growth,18230.76,15496.15,31145.03
Italy,BEV,2 and 3 wheelers,2025,EV sales,Base Case,13694.88,12525.48,15311.34
Italy,BEV,2 and 3 wheelers,2025,EV sales,High Growth,15311.34,13694.88,17608.04
Italy,BEV,2 and 3 wheelers,2025,EV sales,Low Growth,12525.48,10646.66,13694.88
Italy,BEV,2 and 3 wheelers,2026,EV sales,Base Case,16339.24,13667.96,20424.05
Italy,BEV,2 and 3 wheelers,2026,EV sales,High Growth,20424.05,16339.24,23487.66
Italy,BEV,2 and 3 wheelers,2026,EV sales,Low Growth,13667.96,11617.77,16339.24
Italy,BEV,2 and 3 wheelers,2027,EV sales,Base Case,19680.52,15057.21,27504.36
Italy,BEV,2 and 3 wheelers,2027,EV sales,High Growth,27504.36,19680.52,31630.01
Italy,BEV,2 and 3 wheelers,2027,EV sales,Low Growth,15057.21,12798.63,19680.52
Italy,BEV,2 and 3 wheelers,2028,EV sales,Base Case,23975.83,16777.13,37462.23
Italy,BEV,2 and 3 wheelers,2028,EV sales,High Growth,37462.23,23975.83,43081.56
Italy,BEV,2 and 3 wheelers,2028,EV sales,Low Growth,16777.13,14260.56,23975.83
Italy,BEV,2 and 3 wheelers,2029,EV sales,Base Case,29569.07,18924.21,51655.04
Italy,BEV,2 and 3 wheelers,2029,EV sales,High Growth,51655.04,29569.07,59403.3
Italy,BEV,2 and 3 wheelers,2029,EV sales,Low Growth,18924.21,16085.58,29569.07
Italy,BEV,2 and 3 wheelers,2030,EV sales,Base Case,36920.22,21611.27,72109.8
Italy,BEV,2 and 3 wheelers,2030,EV sales,High Growth,72109.8,36920.22,82926.27
Italy,BEV,2 and 3 wheelers,2030,EV sales,Low Growth,21611.27,18369.58,36920.22
Italy,BEV,Buses,2025,EV sales,Base Case,1438.95,1316.08,1608.79
Italy,BEV,Buses,2025,EV sales,High Growth,1608.79,1438.95,1850.11
Italy,BEV,Buses,2025,EV sales,Low Growth,1316.08,1118.67,1438.95
Italy,BEV,Buses,2026,EV sales,Base Case,1923.28,1608.85,2404.1
Italy,BEV,Buses,2026,EV sales,High Growth,2404.1,1923.28,2764.72
Italy,BEV,Buses,2026,EV sales,Low Growth,1608.85,1367.52,1923.28
Italy,BEV,Buses,2027,EV sales,Base Case,2533.97,1938.7,3541.34
Italy,BEV,Buses,2027,EV sales,High Growth,3541.34,2533.97,4072.54
Italy,BEV,Buses,2027,EV sales,Low Growth,1938.7,1647.89,2533.97
Italy,BEV,Buses,2028,EV sales,Base Case,3305.75,2313.2,5165.23
Italy,BEV,Buses,2028,EV sales,High Growth,5165.23,3305.75,5940.01
Italy,BEV,Buses,2028,EV sales,Low Growth,2313.2,1966.22,3305.75
Italy,BEV,Buses,2029,EV sales,Base Case,4285.49,2742.71,7486.44
Italy,BEV,Buses,2029,EV sales,High Growth,7486.44,4285.49,8609.41
Italy,BEV,Buses,2029,EV sales,Low Growth,2742.71,2331.31,4285.49
Italy,BEV,Buses,2030,EV sales,Base Case,5536.49,3240.79,10813.46
Italy,BEV,Buses,2030,EV sales,High Growth,10813.46,5536.49,12435.48
Italy,BEV,Buses,2030,EV sales,Low Growth,3240.79,2754.67,5536.49
Italy,BEV,Cars,2025,EV sales,Base Case,89011.49,81410.81,99517.88
Italy,BEV,Cars,2025,EV sales,High Growth,99517.88,89011.49,114445.56
Italy,BEV,Cars,2025,EV sales,Low Growth,81410.81,69199.19,89011.49
Italy,BEV,Cars,2026,EV sales,Base Case,111737.22,93469.48,139671.52
Italy,BEV,Cars,2026,EV sales,High Growth,139671.52,111737.22,160622.25
Italy,BEV,Cars,2026,EV sales,Low Growth,93469.48,79449.06,111737.22
Italy,BEV,Cars,2027,EV sales,Base Case,140368.78,107393.63,196171.34
Italy,BEV,Cars,2027,EV sales,High Growth,196171.34,140368.78,225597.04
Italy,BEV,Cars,2027,EV sales,Low Growth,107393.63,91284.58,140368.78
Italy,BEV,Cars,2028,EV sales,Base Case,176816.27,123727.49,276275.42
Italy,BEV,Cars,2028,EV sales,High Growth,276275.42,176816.27,317716.73
Italy,BEV,Cars,2028,EV sales,Low Growth,123727.49,105168.37,176816.27
Italy,BEV,Cars,2029,EV sales,Base Case,223658.28,143141.3,390714.94
Italy,BEV,Cars,2029,EV sales,High Growth,390714.94,223658.28,449322.18
Italy,BEV,Cars,2029,EV sales,Low Growth,143141.3,121670.11,223658.28
Italy,BEV,Cars,2030,EV sales,Base Case,284375.95,166459.6,555421.79
Italy,BEV,Cars,2030,EV sales,High Growth,555421.79,284375.95,638735.05
Italy,BEV,Cars,2030,EV sales,Low Growth,166459.6,141490.66,284375.95
Italy,BEV,Vans,2025,EV sales,Base Case,6402.28,5855.59,7157.96
Italy,BEV,Vans,2025,EV sales,High Growth,7157.96,6402.28,8231.66
Italy,BEV,Vans,2025,EV sales,Low Growth,5855.59,4977.25,6402.28
Italy,BEV,Vans,2026,EV sales,Base Case,7940.95,6642.7,9926.19
Italy,BEV,Vans,2026,EV sales,High Growth,9926.19,7940.95,11415.12
Italy,BEV,Vans,2026,EV sales,Low Growth,6642.7,5646.29,7940.95
Italy,BEV,Vans,2027,EV sales,Base Case,9782.01,7484.04,13670.78
Italy,BEV,Vans,2027,EV sales,High Growth,13670.78,9782.01,15721.39
Italy,BEV,Vans,2027,EV sales,Low Growth,7484.04,6361.44,9782.01
Italy,BEV,Vans,2028,EV sales,Base Case,11992.68,8391.9,18738.56
Italy,BEV,Vans,2028,EV sales,High Growth,18738.56,11992.68,21549.34
Italy,BEV,Vans,2028,EV sales,Low Growth,8391.9,7133.11,11992.68
Italy,BEV,Vans,2029,EV sales,Base Case,14659.75,9382.24,25609.53
Italy,BEV,Vans,2029,EV sales,High Growth,25609.53,14659.75,29450.96
Italy,BEV,Vans,2029,EV sales,Low Growth,9382.24,7974.91,14659.75
Italy,BEV,Vans,2030,EV sales,Base Case,17895.37,10475.06,34951.89
Italy,BEV,Vans,2030,EV sales,High Growth,34951.89,17895.37,40194.67
Italy,BEV,Vans,2030,EV sales,Low Growth,10475.06,8903.8,17895.37
Italy,FCEV,Cars,2025,EV sales,Base Case,0.9,0.82,1.01
Italy,FCEV,Cars,2025,EV sales,High Growth,1.01,0.9,1.16
Italy,FCEV,Cars,2025,EV sales,Low Growth,0.82,0.7,0.9
Italy,FCEV,Cars,2026,EV sales,Base Case,0.9,0.75,1.12
Italy,FCEV,Cars,2026,EV sales,High Growth,1.12,0.9,1.29
Italy,FCEV,Cars,2026,EV sales,Low Growth,0.75,0.64,0.9
Italy,FCEV,Cars,2027,EV sales,Base Case,0.9,0.69,1.26
Italy,FCEV,Cars,2027,EV sales,High Growth,1.26,0.9,1.45
Italy,FCEV,Cars,2027,EV sales,Low Growth,0.69,0.59,0.9
Italy,FCEV,Cars,2028,EV sales,Base Case,0.9,0.63,1.41
Italy,FCEV,Cars,2028,EV sales,High Growth,1.41,0.9,1.62
Italy,FCEV,Cars,2028,EV sales,Low Growth,0.63,0.54,0.9
Italy,FCEV,Cars,2029,EV sales,Base Case,0.9,0.58,1.57
Italy,FCEV,Cars,2029,EV sales,High Growth,1.57,0.9,1.81
Italy,FCEV,Cars,2029,EV sales,Low Growth,0.58,0.49,0.9
Italy,FCEV,Cars,2030,EV sales,Base Case,0.9,0.53,1.76
Italy,FCEV,Cars,2030,EV sales,High Growth,1.76,0.9,2.02
Italy,FCEV,Cars,2030,EV sales,Low Growth,0.53,0.45,0.9
Italy,PHEV,Cars,2025,EV sales,Base Case,76984.76,70411.04,86071.58
Italy,PHEV,Cars,2025,EV sales,High Growth,86071.58,76984.76,98982.31
Italy,PHEV,Cars,2025,EV sales,Low Growth,70411.04,59849.38,76984.76
Italy,PHEV,Cars,2026,EV sales,Base Case,95063.2,79521.47,118829.0
Italy,PHEV,Cars,2026,EV sales,High Growth,118829.0,95063.2,136653.35
Italy,PHEV,Cars,2026,EV sales,Low Growth,79521.47,67593.25,95063.2
Italy,PHEV,Cars,2027,EV sales,Base Case,117670.3,90027.43,164449.25
Italy,PHEV,Cars,2027,EV sales,High Growth,164449.25,117670.3,189116.64
Italy,PHEV,Cars,2027,EV sales,Low Growth,90027.43,76523.32,117670.3
Italy,PHEV,Cars,2028,EV sales,Base Case,146310.99,102381.37,228610.92
Italy,PHEV,Cars,2028,EV sales,High Growth,228610.92,146310.99,262902.56
Italy,PHEV,Cars,2028,EV sales,Low Growth,102381.37,87024.16,146310.99
Italy,PHEV,Cars,2029,EV sales,Base Case,183016.88,117130.81,319717.34
Italy,PHEV,Cars,2029,EV sales,High Growth,319717.34,183016.88,367674.94
Italy,PHEV,Cars,2029,EV sales,Low Growth,117130.81,99561.18,183016.88
Italy,PHEV,Cars,2030,EV sales,Base Case,230530.69,134941.25,450255.26
Italy,PHEV,Cars,2030,EV sales,High Growth,450255.26,230530.69,517793.55
Italy,PHEV,Cars,2030,EV sales,Low Growth,134941.25,114700.06,230530.69
Italy,PHEV,Vans,2025,EV sales,Base Case,421.69,385.68,471.47
Italy,PHEV,Vans,2025,EV sales,High Growth,471.47,421.69,542.19
Italy,PHEV,Vans,2025,EV sales,Low Growth,385.68,327.83,421.69
Italy,PHEV,Vans,2026,EV sales,Base Case,478.86,400.57,598.58
Italy,PHEV,Vans,2026,EV sales,High Growth,598.58,478.86,688.36
Italy,PHEV,Vans,2026,EV sales,Low Growth,400.57,340.49,478.86
Italy,PHEV,Vans,2027,EV sales,Base Case,545.26,417.17,762.02
Italy,PHEV,Vans,2027,EV sales,High Growth,762.02,545.26,876.33
Italy,PHEV,Vans,2027,EV sales,Low Growth,417.17,354.59,545.26
Italy,PHEV,Vans,2028,EV sales,Base Case,625.8,437.91,977.81
Italy,PHEV,Vans,2028,EV sales,High Growth,977.81,625.8,1124.49
Italy,PHEV,Vans,2028,EV sales,Low Growth,437.91,372.22,625.8
Italy,PHEV,Vans,2029,EV sales,Base Case,727.13,465.36,1270.25
Italy,PHEV,Vans,2029,EV sales,High Growth,1270.25,727.13,1460.78
Italy,PHEV,Vans,2029,EV sales,Low Growth,465.36,395.56,727.13
Italy,PHEV,Vans,2030,EV sales,Base Case,858.22,502.36,1676.2
Italy,PHEV,Vans,2030,EV sales,High Growth,1676.2,858.22,1927.63
Italy,PHEV,Vans,2030,EV sales,Low Growth,502.36,427.0,858.22
Japan,BEV,2 and 3 wheelers,2025,EV sales,Base Case,36048.09,32969.95,40302.99
Japan,BEV,2 and 3 wheelers,2025,EV sales,High Growth,40302.99,36048.09,46348.44
Japan,BEV,2 and 3 wheelers,2025,EV sales,Low Growth,32969.95,28024.45,36048.09
Japan,BEV,2 and 3 wheelers,2026,EV sales,Base Case,47068.13,39373.04,58835.17
Japan,BEV,2 and 3 wheelers,2026,EV sales,High Growth,58835.17,47068.13,67660.44
Japan,BEV,2 and 3 wheelers,2026,EV sales,Low Growth,39373.04,33467.09,47068.13
Japan,BEV,2 and 3 wheelers,2027,EV sales,Base Case,60833.18,46542.37,85016.95
Japan,BEV,2 and 3 wheelers,2027,EV sales,High Growth,85016.95,60833.18,97769.5
Japan,BEV,2 and 3 wheelers,2027,EV sales,Low Growth,46542.37,39561.02,60833.18
Japan,BEV,2 and 3 wheelers,2028,EV sales,Base Case,78124.62,54667.84,122069.72
Japan,BEV,2 and 3 wheelers,2028,EV sales,High Growth,122069.72,78124.62,140380.18
Japan,BEV,2 and 3 wheelers,2028,EV sales,Low Growth,54667.84,46467.66,78124.62
Japan,BEV,2 and 3 wheelers,2029,EV sales,Base Case,99997.34,63998.3,174688.17
Japan,BEV,2 and 3 wheelers,2029,EV sales,High Growth,174688.17,99997.34,200891.39
Japan,BEV,2 and 3 wheelers,2029,EV sales,Low Growth,63998.3,54398.55,99997.34
Japan,BEV,2 and 3 wheelers,2030,EV sales,Base Case,127875.44,74851.95,249756.72
Japan,BEV,2 and 3 wheelers,2030,EV sales,High Growth,249756.72,127875.44,287220.23
Japan,BEV,2 and 3 wheelers,2030,EV sales,Low Growth,74851.95,63624.16,127875.44
Japan,BEV,Cars,2025,EV sales,Base Case,82928.75,75847.48,92717.17
Japan,BEV,Cars,2025,EV sales,High Growth,92717.17,82928.75,106624.74
Japan,BEV,Cars,2025,EV sales,Low Growth,75847.48,64470.35,82928.75
Japan,BEV,Cars,2026,EV sales,Base Case,100163.74,83788.14,125204.68
Japan,BEV,Cars,2026,EV sales,High Growth,125204.68,100163.74,143985.38
Japan,BEV,Cars,2026,EV sales,Low Growth,83788.14,71219.91,100163.74
Japan,BEV,Cars,2027,EV sales,Base Case,120123.74,91904.51,167878.03
Japan,BEV,Cars,2027,EV sales,High Growth,167878.03,120123.74,193059.74
Japan,BEV,Cars,2027,EV sales,Low Growth,91904.51,78118.84,120123.74
Japan,BEV,Cars,2028,EV sales,Base Case,143200.08,100204.51,223750.13
Japan,BEV,Cars,2028,EV sales,High Growth,223750.13,143200.08,257312.65
Japan,BEV,Cars,2028,EV sales,Low Growth,100204.51,85173.83,143200.08
Japan,BEV,Cars,2029,EV sales,Base Case,169870.29,108716.99,296751.18
Japan,BEV,Cars,2029,EV sales,High Growth,296751.18,169870.29,341263.86
Japan,BEV,Cars,2029,EV sales,Low Growth,108716.99,92409.44,169870.29
Japan,BEV,Cars,2030,EV sales,Base Case,200717.08,117489.84,392025.55
Japan,BEV,Cars,2030,EV sales,High Growth,392025.55,200717.08,450829.38
Japan,BEV,Cars,2030,EV sales,Low Growth,117489.84,99866.36,200717.08
Japan,BEV,Trucks,2025,EV sales,Base Case,518.54,474.26,579.74
Japan,BEV,Trucks,2025,EV sales,High Growth,579.74,518.54,666.7
Japan,BEV,Trucks,2025,EV sales,Low Growth,474.26,403.12,518.54
Japan,BEV,Trucks,2026,EV sales,Base Case,703.53,588.51,879.42
Japan,BEV,Trucks,2026,EV sales,High Growth,879.42,703.53,1011.33
Japan,BEV,Trucks,2026,EV sales,Low Growth,588.51,500.24,703.53
Japan,BEV,Trucks,2027,EV sales,Base Case,937.66,717.39,1310.42
Japan,BEV,Trucks,2027,EV sales,High Growth,1310.42,937.66,1506.98
Japan,BEV,Trucks,2027,EV sales,Low Growth,717.39,609.78,937.66
Japan,BEV,Trucks,2028,EV sales,Base Case,1233.93,863.45,1928.02
Japan,BEV,Trucks,2028,EV sales,High Growth,1928.02,1233.93,2217.22
Japan,BEV,Trucks,2028,EV sales,Low Growth,863.45,733.93,1233.93
Japan,BEV,Trucks,2029,EV sales,Base Case,1609.94,1030.36,2812.45
Japan,BEV,Trucks,2029,EV sales,High Growth,2812.45,1609.94,3234.31
Japan,BEV,Trucks,2029,EV sales,Low Growth,1030.36,875.81,1609.94
Japan,BEV,Trucks,2030,EV sales,Base Case,2089.41,1223.04,4080.88
Japan,BEV,Trucks,2030,EV sales,High Growth,4080.88,2089.41,4693.02
Japan,BEV,Trucks,2030,EV sales,Low Growth,1223.04,1039.58,2089.41
Japan,BEV,Vans,2025,EV sales,Base Case,5460.39,4994.13,6104.9
Japan,BEV,Vans,2025,EV sales,High Growth,6104.9,5460.39,7020.63
Japan,BEV,Vans,2025,EV sales,Low Growth,4994.13,4245.01,5460.39
Japan,BEV,Vans,2026,EV sales,Base Case,6758.66,5653.7,8448.33
Japan,BEV,Vans,2026,EV sales,High Growth,8448.33,6758.66,9715.58
Japan,BEV,Vans,2026,EV sales,Low Growth,5653.7,4805.65,6758.66
Japan,BEV,Vans,2027,EV sales,Base Case,8267.31,6325.17,11553.91
Japan,BEV,Vans,2027,EV sales,High Growth,11553.91,8267.31,13287.0
Japan,BEV,Vans,2027,EV sales,Low Growth,6325.17,5376.39,8267.31
Japan,BEV,Vans,2028,EV sales,Base Case,10011.93,7005.86,15643.63
Japan,BEV,Vans,2028,EV sales,High Growth,15643.63,10011.93,17990.18
Japan,BEV,Vans,2028,EV sales,Low Growth,7005.86,5954.98,10011.93
Japan,BEV,Vans,2029,EV sales,Base Case,12023.49,7695.03,21004.17
Japan,BEV,Vans,2029,EV sales,High Growth,21004.17,12023.49,24154.79
Japan,BEV,Vans,2029,EV sales,Low Growth,7695.03,6540.78,12023.49
Japan,BEV,Vans,2030,EV sales,Base Case,14339.46,8393.61,28006.76
Japan,BEV,Vans,2030,EV sales,High Growth,28006.76,14339.46,32207.77
Japan,BEV,Vans,2030,EV sales,Low Growth,8393.61,7134.57,14339.46
Japan,FCEV,Cars,2025,EV sales,Base Case,594.0,543.28,664.11
Japan,FCEV,Cars,2025,EV sales,High Growth,664.11,594.0,763.73
Japan,FCEV,Cars,2025,EV sales,Low Growth,543.28,461.79,594.0
Japan,FCEV,Cars,2026,EV sales,Base Case,594.0,496.89,742.5
Japan,FCEV,Cars,2026,EV sales,High Growth,742.5,594.0,853.87
Japan,FCEV,Cars,2026,EV sales,Low Growth,496.89,422.35,594.0
Japan,FCEV,Cars,2027,EV sales,Base Case,594.0,454.46,830.14
Japan,FCEV,Cars,2027,EV sales,High Growth,830.14,594.0,954.66
Japan,FCEV,Cars,2027,EV sales,Low Growth,454.46,386.29,594.0
Japan,FCEV,Cars,2028,EV sales,Base Case,594.0,415.65,928.12
Japan,FCEV,Cars,2028,EV sales,High Growth,928.12,594.0,1067.34
Japan,FCEV,Cars,2028,EV sales,Low Growth,415.65,353.3,594.0
Japan,FCEV,Cars,2029,EV sales,Base Case,594.0,380.16,1037.68
Japan,FCEV,Cars,2029,EV sales,High Growth,1037.68,594.0,1193.33
Japan,FCEV,Cars,2029,EV sales,Low Growth,380.16,323.14,594.0
Japan,FCEV,Cars,2030,EV sales,Base Case,594.0,347.7,1160.16
Japan,FCEV,Cars,2030,EV sales,High Growth,1160.16,594.0,1334.18
Japan,FCEV,Cars,2030,EV sales,Low Growth,347.7,295.54,594.0
Japan,PHEV,Cars,2025,EV sales,Base Case,52295.83,47830.3,58468.52
Japan,PHEV,Cars,2025,EV sales,High Growth,58468.52,52295.83,67238.79
Japan,PHEV,Cars,2025,EV sales,Low Growth,47830.3,40655.75,52295.83
Japan,PHEV,Cars,2026,EV sales,Base Case,59929.98,50132.12,74912.47
Japan,PHEV,Cars,2026,EV sales,High Growth,74912.47,59929.98,86149.34
Japan,PHEV,Cars,2026,EV sales,Low Growth,50132.12,42612.3,59929.98
Japan,PHEV,Cars,2027,EV sales,Base Case,68440.37,52362.49,95648.32
Japan,PHEV,Cars,2027,EV sales,High Growth,95648.32,68440.37,109995.57
Japan,PHEV,Cars,2027,EV sales,Low Growth,52362.49,44508.12,68440.37
Japan,PHEV,Cars,2028,EV sales,Base Case,77884.03,54499.49,121693.8
Japan,PHEV,Cars,2028,EV sales,High Growth,121693.8,77884.03,139947.87
Japan,PHEV,Cars,2028,EV sales,Low Growth,54499.49,46324.56,77884.03
Japan,PHEV,Cars,2029,EV sales,Base Case,88325.57,56528.36,154298.41
Japan,PHEV,Cars,2029,EV sales,High Growth,154298.41,88325.57,177443.18
Japan,PHEV,Cars,2029,EV sales,Low Growth,56528.36,48049.11,88325.57
Japan,PHEV,Cars,2030,EV sales,Base Case,99838.15,58440.31,194996.38
Japan,PHEV,Cars,2030,EV sales,High Growth,194996.38,99838.15,224245.84
Japan,PHEV,Cars,2030,EV sales,Low Growth,58440.31,49674.26,99838.15
Latvia,BEV,Cars,2025,EV sales,Base Case,1918.83,1754.98,2145.31
Latvia,BEV,Cars,2025,EV sales,High Growth,2145.31,1918.83,2467.11
Latvia,BEV,Cars,2025,EV sales,Low Growth,1754.98,1491.73,1918.83
Latvia,BEV,Cars,2026,EV sales,Base Case,2474.52,2069.96,3093.14
Latvia,BEV,Cars,2026,EV sales,High Growth,3093.14,2474.52,3557.12
Latvia,BEV,Cars,2026,EV sales,Low Growth,2069.96,1759.47,2474.52
Latvia,BEV,Cars,2027,EV sales,Base Case,3163.96,2420.69,4421.77
Latvia,BEV,Cars,2027,EV sales,High Growth,4421.77,3163.96,5085.03
Latvia,BEV,Cars,2027,EV sales,Low Growth,2420.69,2057.58,3163.96
Latvia,BEV,Cars,2028,EV sales,Base Case,4024.78,2816.35,6288.72
Latvia,BEV,Cars,2028,EV sales,High Growth,6288.72,4024.78,7232.03
Latvia,BEV,Cars,2028,EV sales,Low Growth,2816.35,2393.89,4024.78
Latvia,BEV,Cars,2029,EV sales,Base Case,5107.77,3268.97,8922.91
Latvia,BEV,Cars,2029,EV sales,High Growth,8922.91,5107.77,10261.34
Latvia,BEV,Cars,2029,EV sales,Low Growth,3268.97,2778.63,5107.77
Latvia,BEV,Cars,2030,EV sales,Base Case,6481.5,3793.95,12659.18
Latvia,BEV,Cars,2030,EV sales,High Growth,12659.18,6481.5,14558.05
Latvia,BEV,Cars,2030,EV sales,Low Growth,3793.95,3224.86,6481.5
Latvia,PHEV,Cars,2025,EV sales,Base Case,989.41,904.93,1106.2
Latvia,PHEV,Cars,2025,EV sales,High Growth,1106.2,989.41,1272.13
Latvia,PHEV,Cars,2025,EV sales,Low Growth,904.93,769.19,989.41
Latvia,PHEV,Cars,2026,EV sales,Base Case,1306.93,1093.26,1633.66
Latvia,PHEV,Cars,2026,EV sales,High Growth,1633.66,1306.93,1878.71
Latvia,PHEV,Cars,2026,EV sales,Low Growth,1093.26,929.27,1306.93
Latvia,PHEV,Cars,2027,EV sales,Base Case,1706.24,1305.41,2384.54
Latvia,PHEV,Cars,2027,EV sales,High Growth,2384.54,1706.24,2742.22
Latvia,PHEV,Cars,2027,EV sales,Low Growth,1305.41,1109.6,1706.24
Latvia,PHEV,Cars,2028,EV sales,Base Case,2210.5,1546.8,3453.9
Latvia,PHEV,Cars,2028,EV sales,High Growth,3453.9,2210.5,3971.99
Latvia,PHEV,Cars,2028,EV sales,Low Growth,1546.8,1314.78,2210.5
Latvia,PHEV,Cars,2029,EV sales,Base Case,2850.96,1824.62,4980.43
Latvia,PHEV,Cars,2029,EV sales,High Growth,4980.43,2850.96,5727.49
Latvia,PHEV,Cars,2029,EV sales,Low Growth,1824.62,1550.92,2850.96
Latvia,PHEV,Cars,2030,EV sales,Base Case,3669.83,2148.14,7167.64
Latvia,PHEV,Cars,2030,EV sales,High Growth,7167.64,3669.83,8242.79
Latvia,PHEV,Cars,2030,EV sales,Low Growth,2148.14,1825.92,3669.83
Lithuania,BEV,Cars,2025,EV sales,Base Case,2565.49,2346.42,2868.3
Lithuania,BEV,Cars,2025,EV sales,High Growth,2868.3,2565.49,3298.55
Lithuania,BEV,Cars,2025,EV sales,Low Growth,2346.42,1994.46,2565.49
Lithuania,BEV,Cars,2026,EV sales,Base Case,3280.96,2744.56,4101.2
Lithuania,BEV,Cars,2026,EV sales,High Growth,4101.2,3280.96,4716.38
Lithuania,BEV,Cars,2026,EV sales,Low Growth,2744.56,2332.87,3280.96
Lithuania,BEV,Cars,2027,EV sales,Base Case,4173.26,3192.89,5832.31
Lithuania,BEV,Cars,2027,EV sales,High Growth,5832.31,4173.26,6707.15
Lithuania,BEV,Cars,2027,EV sales,Low Growth,3192.89,2713.95,4173.26
Lithuania,BEV,Cars,2028,EV sales,Base Case,5294.49,3704.83,8272.64
Lithuania,BEV,Cars,2028,EV sales,High Growth,8272.64,5294.49,9513.53
Lithuania,BEV,Cars,2028,EV sales,Low Growth,3704.83,3149.1,5294.49
Lithuania,BEV,Cars,2029,EV sales,Base Case,6714.96,4297.58,11730.56
Lithuania,BEV,Cars,2029,EV sales,High Growth,11730.56,6714.96,13490.14
Lithuania,BEV,Cars,2029,EV sales,Low Growth,4297.58,3652.94,6714.96
Lithuania,BEV,Cars,2030,EV sales,Base Case,8529.63,4992.82,16659.44
Lithuania,BEV,Cars,2030,EV sales,High Growth,16659.44,8529.63,19158.36
Lithuania,BEV,Cars,2030,EV sales,Low Growth,4992.82,4243.9,8529.63
Lithuania,PHEV,Cars,2025,EV sales,Base Case,2250.09,2057.96,2515.68
Lithuania,PHEV,Cars,2025,EV sales,High Growth,2515.68,2250.09,2893.03
Lithuania,PHEV,Cars,2025,EV sales,Low Growth,2057.96,1749.26,2250.09
Lithuania,PHEV,Cars,2026,EV sales,Base Case,2958.92,2475.17,3698.65
Lithuania,PHEV,Cars,2026,EV sales,High Growth,3698.65,2958.92,4253.44
Lithuania,PHEV,Cars,2026,EV sales,Low Growth,2475.17,2103.89,2958.92
Lithuania,PHEV,Cars,2027,EV sales,Base Case,3838.14,2936.49,5363.96
Lithuania,PHEV,Cars,2027,EV sales,High Growth,5363.96,3838.14,6168.56
Lithuania,PHEV,Cars,2027,EV sales,Low Growth,2936.49,2496.02,3838.14
Lithuania,PHEV,Cars,2028,EV sales,Base Case,4936.96,3454.65,7714.01
Lithuania,PHEV,Cars,2028,EV sales,High Growth,7714.01,4936.96,8871.11
Lithuania,PHEV,Cars,2028,EV sales,Low Growth,3454.65,2936.45,4936.96
Lithuania,PHEV,Cars,2029,EV sales,Base Case,6321.8,4045.95,11043.74
Lithuania,PHEV,Cars,2029,EV sales,High Growth,11043.74,6321.8,12700.3
Lithuania,PHEV,Cars,2029,EV sales,Low Growth,4045.95,3439.06,6321.8
Lithuania,PHEV,Cars,2030,EV sales,Base Case,8082.33,4730.99,15785.8
Lithuania,PHEV,Cars,2030,EV sales,High Growth,15785.8,8082.33,18153.67
Lithuania,PHEV,Cars,2030,EV sales,Low Growth,4730.99,4021.35,8082.33
Luxembourg,BEV,Cars,2025,EV sales,Base Case,17273.89,15798.87,19312.79
Luxembourg,BEV,Cars,2025,EV sales,High Growth,19312.79,17273.89,22209.71
Luxembourg,BEV,Cars,2025,EV sales,Low Growth,15798.87,13429.04,17273.89
Luxembourg,BEV,Cars,2026,EV sales,Base Case,22381.56,18722.44,27976.95
Luxembourg,BEV,Cars,2026,EV sales,High Growth,27976.95,22381.56,32173.5
Luxembourg,BEV,Cars,2026,EV sales,Low Growth,18722.44,15914.07,22381.56
Luxembourg,BEV,Cars,2027,EV sales,Base Case,28760.9,22004.45,40194.58
Luxembourg,BEV,Cars,2027,EV sales,High Growth,40194.58,28760.9,46223.77
Luxembourg,BEV,Cars,2027,EV sales,Low Growth,22004.45,18703.78,28760.9
Luxembourg,BEV,Cars,2028,EV sales,Base Case,36788.13,25742.56,57481.45
Luxembourg,BEV,Cars,2028,EV sales,High Growth,57481.45,36788.13,66103.67
Luxembourg,BEV,Cars,2028,EV sales,Low Growth,25742.56,21881.17,36788.13
Luxembourg,BEV,Cars,2029,EV sales,Base Case,46971.15,30061.54,82055.23
Luxembourg,BEV,Cars,2029,EV sales,High Growth,82055.23,46971.15,94363.52
Luxembourg,BEV,Cars,2029,EV sales,Low Growth,30061.54,25552.31,46971.15
Luxembourg,BEV,Cars,2030,EV sales,Base Case,59995.66,35118.49,117179.02
Luxembourg,BEV,Cars,2030,EV sales,High Growth,117179.02,59995.66,134755.87
Luxembourg,BEV,Cars,2030,EV sales,Low Growth,35118.49,29850.71,59995.66
Luxembourg,PHEV,Cars,2025,EV sales,Base Case,5061.02,4628.86,5658.39
Luxembourg,PHEV,Cars,2025,EV sales,High Growth,5658.39,5061.02,6507.14
Luxembourg,PHEV,Cars,2025,EV sales,Low Growth,4628.86,3934.53,5061.02
Luxembourg,PHEV,Cars,2026,EV sales,Base Case,6080.36,5086.3,7600.46
Luxembourg,PHEV,Cars,2026,EV sales,High Growth,7600.46,6080.36,8740.52
Luxembourg,PHEV,Cars,2026,EV sales,Low Growth,5086.3,4323.35,6080.36
Luxembourg,PHEV,Cars,2027,EV sales,Base Case,7355.99,5627.94,10280.31
Luxembourg,PHEV,Cars,2027,EV sales,High Growth,10280.31,7355.99,11822.36
Luxembourg,PHEV,Cars,2027,EV sales,Low Growth,5627.94,4783.75,7355.99
Luxembourg,PHEV,Cars,2028,EV sales,Base Case,8979.53,6283.44,14030.51
Luxembourg,PHEV,Cars,2028,EV sales,High Growth,14030.51,8979.53,16135.08
Luxembourg,PHEV,Cars,2028,EV sales,Low Growth,6283.44,5340.92,8979.53
Luxembourg,PHEV,Cars,2029,EV sales,Base Case,11072.91,7086.66,19343.58
Luxembourg,PHEV,Cars,2029,EV sales,High Growth,19343.58,11072.91,22245.12
Luxembourg,PHEV,Cars,2029,EV sales,Low Growth,7086.66,6023.66,11072.91
Luxembourg,PHEV,Cars,2030,EV sales,Base Case,13798.46,8076.93,26950.11
Luxembourg,PHEV,Cars,2030,EV sales,High Growth,26950.11,13798.46,30992.63
Luxembourg,PHEV,Cars,2030,EV sales,Low Growth,8076.93,6865.39,13798.46
Malaysia,BEV,2 and 3 wheelers,2025,EV sales,Base Case,3782.98,3459.95,4229.5
Malaysia,BEV,2 and 3 wheelers,2025,EV sales,High Growth,4229.5,3782.98,4863.93
Malaysia,BEV,2 and 3 wheelers,2025,EV sales,Low Growth,3459.95,2940.96,3782.98
Malaysia,BEV,2 and 3 wheelers,2026,EV sales,Base Case,4666.95,3903.96,5833.69
Malaysia,BEV,2 and 3 wheelers,2026,EV sales,High Growth,5833.69,4666.95,6708.74
Malaysia,BEV,2 and 3 wheelers,2026,EV sales,Low Growth,3903.96,3318.36,4666.95
Malaysia,BEV,2 and 3 wheelers,2027,EV sales,Base Case,5807.56,4443.26,8116.31
Malaysia,BEV,2 and 3 wheelers,2027,EV sales,High Growth,8116.31,5807.56,9333.75
Malaysia,BEV,2 and 3 wheelers,2027,EV sales,Low Growth,4443.26,3776.77,5807.56
Malaysia,BEV,2 and 3 wheelers,2028,EV sales,Base Case,7297.41,5106.38,11402.2
Malaysia,BEV,2 and 3 wheelers,2028,EV sales,High Growth,11402.2,7297.41,13112.53
Malaysia,BEV,2 and 3 wheelers,2028,EV sales,Low Growth,5106.38,4340.42,7297.41
Malaysia,BEV,2 and 3 wheelers,2029,EV sales,Base Case,9261.54,5927.38,16179.24
Malaysia,BEV,2 and 3 wheelers,2029,EV sales,High Growth,16179.24,9261.54,18606.12
Malaysia,BEV,2 and 3 wheelers,2029,EV sales,Low Growth,5927.38,5038.28,9261.54
Malaysia,BEV,2 and 3 wheelers,2030,EV sales,Base Case,11868.71,6947.36,23181.08
Malaysia,BEV,2 and 3 wheelers,2030,EV sales,High Growth,23181.08,11868.71,26658.25
Malaysia,BEV,2 and 3 wheelers,2030,EV sales,Low Growth,6947.36,5905.25,11868.71
Malaysia,BEV,Buses,2025,EV sales,Base Case,0.9,0.53,1.76
Malaysia,BEV,Buses,2025,EV sales,High Growth,1.76,0.9,2.02
Malaysia,BEV,Buses,2025,EV sales,Low Growth,0.53,0.45,0.9
Malaysia,BEV,Buses,2026,EV sales,Base Case,0.9,0.48,1.97
Malaysia,BEV,Buses,2026,EV sales,High Growth,1.97,0.9,2.26
Malaysia,BEV,Buses,2026,EV sales,Low Growth,0.48,0.41,0.9
Malaysia,BEV,Buses,2027,EV sales,Base Case,0.9,0.44,2.2
Malaysia,BEV,Buses,2027,EV sales,High Growth,2.2,0.9,2.53
Malaysia,BEV,Buses,2027,EV sales,Low Growth,0.44,0.37,0.9
Malaysia,BEV,Buses,2028,EV sales,Base Case,0.9,0.4,2.46
Malaysia,BEV,Buses,2028,EV sales,High Growth,2.46,0.9,2.83
Malaysia,BEV,Buses,2028,EV sales,Low Growth,0.4,0.34,0.9
Malaysia,BEV,Buses,2029,EV sales,Base Case,0.9,0.37,2.75
Malaysia,BEV,Buses,2029,EV sales,High Growth,2.75,0.9,3.16
Malaysia,BEV,Buses,2029,EV sales,Low Growth,0.37,0.31,0.9
Malaysia,BEV,Buses,2030,EV sales,Base Case,0.9,0.34,3.07
Malaysia,BEV,Buses,2030,EV sales,High Growth,3.07,0.9,3.53
Malaysia,BEV,Buses,2030,EV sales,Low Growth,0.34,0.29,0.9
Malaysia,BEV,Cars,2025,EV sales,Base Case,31094.5,28439.35,34764.71
Malaysia,BEV,Cars,2025,EV sales,High Growth,34764.71,31094.5,39979.42
Malaysia,BEV,Cars,2025,EV sales,Low Growth,28439.35,24173.44,31094.5
Malaysia,BEV,Cars,2026,EV sales,Base Case,41725.48,34903.85,52156.85
Malaysia,BEV,Cars,2026,EV sales,High Growth,52156.85,41725.48,59980.37
Malaysia,BEV,Cars,2026,EV sales,Low Growth,34903.85,29668.27,41725.48
Malaysia,BEV,Cars,2027,EV sales,Base Case,55097.49,42154.09,77001.08
Malaysia,BEV,Cars,2027,EV sales,High Growth,77001.08,55097.49,88551.24
Malaysia,BEV,Cars,2027,EV sales,Low Growth,42154.09,35830.98,55097.49
Malaysia,BEV,Cars,2028,EV sales,Base Case,71962.99,50356.22,112442.17
Malaysia,BEV,Cars,2028,EV sales,High Growth,112442.17,71962.99,129308.49
Malaysia,BEV,Cars,2028,EV sales,Low Growth,50356.22,42802.79,71962.99
Malaysia,BEV,Cars,2029,EV sales,Base Case,93337.79,59736.19,163054.41
Malaysia,BEV,Cars,2029,EV sales,High Growth,163054.41,93337.79,187512.58
Malaysia,BEV,Cars,2029,EV sales,Low Growth,59736.19,50775.76,93337.79
Malaysia,BEV,Cars,2030,EV sales,Base Case,120593.26,70589.32,235533.71
Malaysia,BEV,Cars,2030,EV sales,High Growth,235533.71,120593.26,270863.76
Malaysia,BEV,Cars,2030,EV sales,Low Growth,70589.32,60000.92,120593.26
Malaysia,PHEV,Cars,2025,EV sales,Base Case,1434.48,1311.99,1603.8
Malaysia,PHEV,Cars,2025,EV sales,High Growth,1603.8,1434.48,1844.37
Malaysia,PHEV,Cars,2025,EV sales,Low Growth,1311.99,1115.19,1434.48
Malaysia,PHEV,Cars,2026,EV sales,Base Case,1803.16,1508.37,2253.95
Malaysia,PHEV,Cars,2026,EV sales,High Growth,2253.95,1803.16,2592.05
Malaysia,PHEV,Cars,2026,EV sales,Low Growth,1508.37,1282.11,1803.16
Malaysia,PHEV,Cars,2027,EV sales,Base Case,2328.95,1781.84,3254.8
Malaysia,PHEV,Cars,2027,EV sales,High Growth,3254.8,2328.95,3743.02
Malaysia,PHEV,Cars,2027,EV sales,Low Growth,1781.84,1514.56,2328.95
Malaysia,PHEV,Cars,2028,EV sales,Base Case,3011.92,2107.6,4706.13
Malaysia,PHEV,Cars,2028,EV sales,High Growth,4706.13,3011.92,5412.05
Malaysia,PHEV,Cars,2028,EV sales,Low Growth,2107.6,1791.46,3011.92
Malaysia,PHEV,Cars,2029,EV sales,Base Case,3852.18,2465.4,6729.49
Malaysia,PHEV,Cars,2029,EV sales,High Growth,6729.49,3852.18,7738.91
Malaysia,PHEV,Cars,2029,EV sales,Low Growth,2465.4,2095.59,3852.18
Malaysia,PHEV,Cars,2030,EV sales,Base Case,4849.82,2838.84,9472.3
Malaysia,PHEV,Cars,2030,EV sales,High Growth,9472.3,4849.82,10893.14
Malaysia,PHEV,Cars,2030,EV sales,Low Growth,2838.84,2413.02,4849.82
Mexico,BEV,2 and 3 wheelers,2025,EV sales,Base Case,5752.38,5261.18,6431.35
Mexico,BEV,2 and 3 wheelers,2025,EV sales,High Growth,6431.35,5752.38,7396.06
Mexico,BEV,2 and 3 wheelers,2025,EV sales,Low Growth,5261.18,4472.01,5752.38
Mexico,BEV,2 and 3 wheelers,2026,EV sales,Base Case,6967.01,5827.98,8708.76
Mexico,BEV,2 and 3 wheelers,2026,EV sales,High Growth,8708.76,6967.01,10015.08
Mexico,BEV,2 and 3 wheelers,2026,EV sales,Low Growth,5827.98,4953.79,6967.01
Mexico,BEV,2 and 3 wheelers,2027,EV sales,Base Case,8481.51,6489.05,11853.27
Mexico,BEV,2 and 3 wheelers,2027,EV sales,High Growth,11853.27,8481.51,13631.26
Mexico,BEV,2 and 3 wheelers,2027,EV sales,Low Growth,6489.05,5515.69,8481.51
Mexico,BEV,2 and 3 wheelers,2028,EV sales,Base Case,10390.37,7270.68,16234.96
Mexico,BEV,2 and 3 wheelers,2028,EV sales,High Growth,16234.96,10390.37,18670.2
Mexico,BEV,2 and 3 wheelers,2028,EV sales,Low Growth,7270.68,6180.08,10390.37
Mexico,BEV,2 and 3 wheelers,2029,EV sales,Base Case,12817.49,8203.19,22391.23
Mexico,BEV,2 and 3 wheelers,2029,EV sales,High Growth,22391.23,12817.49,25749.91
Mexico,BEV,2 and 3 wheelers,2029,EV sales,Low Growth,8203.19,6972.71,12817.49
Mexico,BEV,2 and 3 wheelers,2030,EV sales,Base Case,15925.23,9321.84,31103.97
Mexico,BEV,2 and 3 wheelers,2030,EV sales,High Growth,31103.97,15925.23,35769.56
Mexico,BEV,2 and 3 wheelers,2030,EV sales,Low Growth,9321.84,7923.56,15925.23
Mexico,BEV,Cars,2025,EV sales,Base Case,25752.36,23553.37,28792.02
Mexico,BEV,Cars,2025,EV sales,High Growth,28792.02,25752.36,33110.82
Mexico,BEV,Cars,2025,EV sales,Low Growth,23553.37,20020.37,25752.36
Mexico,BEV,Cars,2026,EV sales,Base Case,34072.22,28501.81,42590.27
Mexico,BEV,Cars,2026,EV sales,High Growth,42590.27,34072.22,48978.81
Mexico,BEV,Cars,2026,EV sales,Low Growth,28501.81,24226.54,34072.22
Mexico,BEV,Cars,2027,EV sales,Base Case,44488.21,34037.13,62174.16
Mexico,BEV,Cars,2027,EV sales,High Growth,62174.16,44488.21,71500.28
Mexico,BEV,Cars,2027,EV sales,Low Growth,34037.13,28931.56,44488.21
Mexico,BEV,Cars,2028,EV sales,Base Case,57579.14,40291.1,89967.41
Mexico,BEV,Cars,2028,EV sales,High Growth,89967.41,57579.14,103462.52
Mexico,BEV,Cars,2028,EV sales,Low Growth,40291.1,34247.44,57579.14
Mexico,BEV,Cars,2029,EV sales,Base Case,74126.42,47440.91,129493.53
Mexico,BEV,Cars,2029,EV sales,High Growth,129493.53,74126.42,148917.55
Mexico,BEV,Cars,2029,EV sales,Low Growth,47440.91,40324.77,74126.42
Mexico,BEV,Cars,2030,EV sales,Base Case,95184.93,55716.54,185908.06
Mexico,BEV,Cars,2030,EV sales,High Growth,185908.06,95184.93,213794.27
Mexico,BEV,Cars,2030,EV sales,Low Growth,55716.54,47359.06,95184.93
Mexico,PHEV,Cars,2025,EV sales,Base Case,8155.01,7458.65,9117.57
Mexico,PHEV,Cars,2025,EV sales,High Growth,9117.57,8155.01,10485.21
Mexico,PHEV,Cars,2025,EV sales,Low Growth,7458.65,6339.85,8155.01
Mexico,PHEV,Cars,2026,EV sales,Base Case,10451.02,8742.4,13063.78
Mexico,PHEV,Cars,2026,EV sales,High Growth,13063.78,10451.02,15023.35
Mexico,PHEV,Cars,2026,EV sales,Low Growth,8742.4,7431.04,10451.02
Mexico,PHEV,Cars,2027,EV sales,Base Case,13388.66,10243.42,18711.22
Mexico,PHEV,Cars,2027,EV sales,High Growth,18711.22,13388.66,21517.91
Mexico,PHEV,Cars,2027,EV sales,Low Growth,10243.42,8706.91,13388.66
Mexico,PHEV,Cars,2028,EV sales,Base Case,17173.4,12017.12,26833.43
Mexico,PHEV,Cars,2028,EV sales,High Growth,26833.43,17173.4,30858.45
Mexico,PHEV,Cars,2028,EV sales,Low Growth,12017.12,10214.55,17173.4
Mexico,PHEV,Cars,2029,EV sales,Base Case,22082.63,14132.88,38576.77
Mexico,PHEV,Cars,2029,EV sales,High Growth,38576.77,22082.63,44363.28
Mexico,PHEV,Cars,2029,EV sales,Low Growth,14132.88,12012.95,22082.63
Mexico,PHEV,Cars,2030,EV sales,Base Case,28490.84,16677.13,55646.18
Mexico,PHEV,Cars,2030,EV sales,High Growth,55646.18,28490.84,63993.11
Mexico,PHEV,Cars,2030,EV sales,Low Growth,16677.13,14175.56,28490.84
Netherlands,BEV,2 and 3 wheelers,2025,EV sales,Base Case,19422.52,17764.03,21715.04
Netherlands,BEV,2 and 3 wheelers,2025,EV sales,High Growth,21715.04,19422.52,24972.29
Netherlands,BEV,2 and 3 wheelers,2025,EV sales,Low Growth,17764.03,15099.43,19422.52
Netherlands,BEV,2 and 3 wheelers,2026,EV sales,Base Case,19409.41,16236.19,24261.76
Netherlands,BEV,2 and 3 wheelers,2026,EV sales,High Growth,24261.76,19409.41,27901.02
Netherlands,BEV,2 and 3 wheelers,2026,EV sales,Low Growth,16236.19,13800.77,19409.41
Netherlands,BEV,2 and 3 wheelers,2027,EV sales,Base Case,19148.26,14649.99,26760.51
Netherlands,BEV,2 and 3 wheelers,2027,EV sales,High Growth,26760.51,19148.26,30774.58
Netherlands,BEV,2 and 3 wheelers,2027,EV sales,Low Growth,14649.99,12452.49,19148.26
Netherlands,BEV,2 and 3 wheelers,2028,EV sales,Base Case,18654.3,13053.38,29147.35
Netherlands,BEV,2 and 3 wheelers,2028,EV sales,High Growth,29147.35,18654.3,33519.45
Netherlands,BEV,2 and 3 wheelers,2028,EV sales,Low Growth,13053.38,11095.37,18654.3
Netherlands,BEV,2 and 3 wheelers,2029,EV sales,Base Case,17944.57,11484.53,31347.88
Netherlands,BEV,2 and 3 wheelers,2029,EV sales,High Growth,31347.88,17944.57,36050.06
Netherlands,BEV,2 and 3 wheelers,2029,EV sales,Low Growth,11484.53,9761.85,17944.57
Netherlands,BEV,2 and 3 wheelers,2030,EV sales,Base Case,17038.15,9973.29,33277.63
Netherlands,BEV,2 and 3 wheelers,2030,EV sales,High Growth,33277.63,17038.15,38269.28
Netherlands,BEV,2 and 3 wheelers,2030,EV sales,Low Growth,9973.29,8477.29,17038.15
Netherlands,BEV,Buses,2025,EV sales,Base Case,404.1,369.59,451.8
Netherlands,BEV,Buses,2025,EV sales,High Growth,451.8,404.1,519.57
Netherlands,BEV,Buses,2025,EV sales,Low Growth,369.59,314.16,404.1
Netherlands,BEV,Buses,2026,EV sales,Base Case,490.9,410.65,613.63
Netherlands,BEV,Buses,2026,EV sales,High Growth,613.63,490.9,705.67
Netherlands,BEV,Buses,2026,EV sales,Low Growth,410.65,349.05,490.9
Netherlands,BEV,Buses,2027,EV sales,Base Case,607.86,465.07,849.52
Netherlands,BEV,Buses,2027,EV sales,High Growth,849.52,607.86,976.94
Netherlands,BEV,Buses,2027,EV sales,Low Growth,465.07,395.31,607.86
Netherlands,BEV,Buses,2028,EV sales,Base Case,766.85,536.6,1198.2
Netherlands,BEV,Buses,2028,EV sales,High Growth,1198.2,766.85,1377.93
Netherlands,BEV,Buses,2028,EV sales,Low Growth,536.6,456.11,766.85
Netherlands,BEV,Buses,2029,EV sales,Base Case,983.88,629.68,1718.77
Netherlands,BEV,Buses,2029,EV sales,High Growth,1718.77,983.88,1976.58
Netherlands,BEV,Buses,2029,EV sales,Low Growth,629.68,535.23,983.88
Netherlands,BEV,Buses,2030,EV sales,Base Case,1280.58,749.59,2501.13
Netherlands,BEV,Buses,2030,EV sales,High Growth,2501.13,1280.58,2876.3
Netherlands,BEV,Buses,2030,EV sales,Low Growth,749.59,637.15,1280.58
Netherlands,BEV,Cars,2025,EV sales,Base Case,161671.88,147866.73,180754.65
Netherlands,BEV,Cars,2025,EV sales,High Growth,180754.65,161671.88,207867.85
Netherlands,BEV,Cars,2025,EV sales,Low Growth,147866.73,125686.72,161671.88
Netherlands,BEV,Cars,2026,EV sales,Base Case,203693.68,170392.13,254617.1
Netherlands,BEV,Cars,2026,EV sales,High Growth,254617.1,203693.68,292809.66
Netherlands,BEV,Cars,2026,EV sales,Low Growth,170392.13,144833.31,203693.68
Netherlands,BEV,Cars,2027,EV sales,Base Case,257178.46,196762.61,359417.82
Netherlands,BEV,Cars,2027,EV sales,High Growth,359417.82,257178.46,413330.49
Netherlands,BEV,Cars,2027,EV sales,Low Growth,196762.61,167248.22,257178.46
Netherlands,BEV,Cars,2028,EV sales,Base Case,325888.5,228041.04,509200.78
Netherlands,BEV,Cars,2028,EV sales,High Growth,509200.78,325888.5,585580.89
Netherlands,BEV,Cars,2028,EV sales,Low Growth,228041.04,193834.88,325888.5
Netherlands,BEV,Cars,2029,EV sales,Base Case,414902.88,265537.84,724805.5
Netherlands,BEV,Cars,2029,EV sales,High Growth,724805.5,414902.88,833526.32
Netherlands,BEV,Cars,2029,EV sales,Low Growth,265537.84,225707.16,414902.88
Netherlands,BEV,Cars,2030,EV sales,Base Case,531078.35,310866.96,1037262.41
Netherlands,BEV,Cars,2030,EV sales,High Growth,1037262.41,531078.35,1192851.77
Netherlands,BEV,Cars,2030,EV sales,Low Growth,310866.96,264236.92,531078.35
Netherlands,BEV,Trucks,2025,EV sales,Base Case,1344.72,1229.9,1503.44
Netherlands,BEV,Trucks,2025,EV sales,High Growth,1503.44,1344.72,1728.96
Netherlands,BEV,Trucks,2025,EV sales,Low Growth,1229.9,1045.41,1344.72
Netherlands,BEV,Trucks,2026,EV sales,Base Case,1773.84,1483.84,2217.3
Netherlands,BEV,Trucks,2026,EV sales,High Growth,2217.3,1773.84,2549.89
Netherlands,BEV,Trucks,2026,EV sales,Low Growth,1483.84,1261.26,1773.84
Netherlands,BEV,Trucks,2027,EV sales,Base Case,2307.16,1765.17,3224.36
Netherlands,BEV,Trucks,2027,EV sales,High Growth,3224.36,2307.16,3708.01
Netherlands,BEV,Trucks,2027,EV sales,Low Growth,1765.17,1500.39,2307.16
Netherlands,BEV,Trucks,2028,EV sales,Base Case,2972.47,2079.99,4644.49
Netherlands,BEV,Trucks,2028,EV sales,High Growth,4644.49,2972.47,5341.16
Netherlands,BEV,Trucks,2028,EV sales,Low Growth,2079.99,1767.99,2972.47
Netherlands,BEV,Trucks,2029,EV sales,Base Case,3807.28,2436.66,6651.04
Netherlands,BEV,Trucks,2029,EV sales,High Growth,6651.04,3807.28,7648.69
Netherlands,BEV,Trucks,2029,EV sales,Low Growth,2436.66,2071.16,3807.28
Netherlands,BEV,Trucks,2030,EV sales,Base Case,4862.21,2846.1,9496.5
Netherlands,BEV,Trucks,2030,EV sales,High Growth,9496.5,4862.21,10920.98
Netherlands,BEV,Trucks,2030,EV sales,Low Growth,2846.1,2419.18,4862.21
Netherlands,BEV,Vans,2025,EV sales,Base Case,14630.87,13381.54,16357.81
Netherlands,BEV,Vans,2025,EV sales,High Growth,16357.81,14630.87,18811.48
Netherlands,BEV,Vans,2025,EV sales,Low Growth,13381.54,11374.31,14630.87
Netherlands,BEV,Vans,2026,EV sales,Base Case,19073.41,15955.13,23841.76
Netherlands,BEV,Vans,2026,EV sales,High Growth,23841.76,19073.41,27418.02
Netherlands,BEV,Vans,2026,EV sales,Low Growth,15955.13,13561.86,19073.41
Netherlands,BEV,Vans,2027,EV sales,Base Case,24635.58,18848.24,34429.26
Netherlands,BEV,Vans,2027,EV sales,High Growth,34429.26,24635.58,39593.65
Netherlands,BEV,Vans,2027,EV sales,Low Growth,18848.24,16021.0,24635.58
Netherlands,BEV,Vans,2028,EV sales,Base Case,31635.72,22137.15,49430.81
Netherlands,BEV,Vans,2028,EV sales,High Growth,49430.81,31635.72,56845.44
Netherlands,BEV,Vans,2028,EV sales,Low Growth,22137.15,18816.58,31635.72
Netherlands,BEV,Vans,2029,EV sales,Base Case,40503.61,25922.31,70756.9
Netherlands,BEV,Vans,2029,EV sales,High Growth,70756.9,40503.61,81370.43
Netherlands,BEV,Vans,2029,EV sales,Low Growth,25922.31,22033.97,40503.61
Netherlands,BEV,Vans,2030,EV sales,Base Case,51819.44,30332.53,101209.83
Netherlands,BEV,Vans,2030,EV sales,High Growth,101209.83,51819.44,116391.31
Netherlands,BEV,Vans,2030,EV sales,Low Growth,30332.53,25782.65,51819.44
Netherlands,FCEV,Buses,2025,EV sales,Base Case,9.72,8.89,10.87
Netherlands,FCEV,Buses,2025,EV sales,High Growth,10.87,9.72,12.49
Netherlands,FCEV,Buses,2025,EV sales,Low Growth,8.89,7.55,9.72
Netherlands,FCEV,Buses,2026,EV sales,Base Case,8.1,6.78,10.12
Netherlands,FCEV,Buses,2026,EV sales,High Growth,10.12,8.1,11.64
Netherlands,FCEV,Buses,2026,EV sales,Low Growth,6.78,5.76,8.1
Netherlands,FCEV,Buses,2027,EV sales,Base Case,10.26,7.85,14.34
Netherlands,FCEV,Buses,2027,EV sales,High Growth,14.34,10.26,16.49
Netherlands,FCEV,Buses,2027,EV sales,Low Growth,7.85,6.67,10.26
Netherlands,FCEV,Buses,2028,EV sales,Base Case,13.5,9.45,21.09
Netherlands,FCEV,Buses,2028,EV sales,High Growth,21.09,13.5,24.26
Netherlands,FCEV,Buses,2028,EV sales,Low Growth,9.45,8.03,13.5
Netherlands,FCEV,Buses,2029,EV sales,Base Case,17.77,11.37,31.04
Netherlands,FCEV,Buses,2029,EV sales,High Growth,31.04,17.77,35.69
Netherlands,FCEV,Buses,2029,EV sales,Low Growth,11.37,9.67,17.77
Netherlands,FCEV,Buses,2030,EV sales,Base Case,23.38,13.69,45.67
Netherlands,FCEV,Buses,2030,EV sales,High Growth,45.67,23.38,52.52
Netherlands,FCEV,Buses,2030,EV sales,Low Growth,13.69,11.63,23.38
Netherlands,FCEV,Cars,2025,EV sales,Base Case,35.1,32.1,39.24
Netherlands,FCEV,Cars,2025,EV sales,High Growth,39.24,35.1,45.13
Netherlands,FCEV,Cars,2025,EV sales,Low Growth,32.1,27.29,35.1
Netherlands,FCEV,Cars,2026,EV sales,Base Case,35.1,29.36,43.88
Netherlands,FCEV,Cars,2026,EV sales,High Growth,43.88,35.1,50.46
Netherlands,FCEV,Cars,2026,EV sales,Low Growth,29.36,24.96,35.1
Netherlands,FCEV,Cars,2027,EV sales,Base Case,35.1,26.85,49.05
Netherlands,FCEV,Cars,2027,EV sales,High Growth,49.05,35.1,56.41
Netherlands,FCEV,Cars,2027,EV sales,Low Growth,26.85,22.83,35.1
Netherlands,FCEV,Cars,2028,EV sales,Base Case,35.1,24.56,54.84
Netherlands,FCEV,Cars,2028,EV sales,High Growth,54.84,35.1,63.07
Netherlands,FCEV,Cars,2028,EV sales,Low Growth,24.56,20.88,35.1
Netherlands,FCEV,Cars,2029,EV sales,Base Case,35.1,22.46,61.32
Netherlands,FCEV,Cars,2029,EV sales,High Growth,61.32,35.1,70.51
Netherlands,FCEV,Cars,2029,EV sales,Low Growth,22.46,19.09,35.1
Netherlands,FCEV,Cars,2030,EV sales,Base Case,35.1,20.55,68.55
Netherlands,FCEV,Cars,2030,EV sales,High Growth,68.55,35.1,78.84
Netherlands,FCEV,Cars,2030,EV sales,Low Growth,20.55,17.46,35.1
Netherlands,FCEV,Trucks,2025,EV sales,Base Case,13.76,12.58,15.38
Netherlands,FCEV,Trucks,2025,EV sales,High Growth,15.38,13.76,17.69
Netherlands,FCEV,Trucks,2025,EV sales,Low Growth,12.58,10.7,13.76
Netherlands,FCEV,Trucks,2026,EV sales,Base Case,16.7,13.97,20.87
Netherlands,FCEV,Trucks,2026,EV sales,High Growth,20.87,16.7,24.0
Netherlands,FCEV,Trucks,2026,EV sales,Low Growth,13.97,11.87,16.7
Netherlands,FCEV,Trucks,2027,EV sales,Base Case,20.27,15.51,28.33
Netherlands,FCEV,Trucks,2027,EV sales,High Growth,28.33,20.27,32.58
Netherlands,FCEV,Trucks,2027,EV sales,Low Growth,15.51,13.18,20.27
Netherlands,FCEV,Trucks,2028,EV sales,Base Case,24.67,17.26,38.55
Netherlands,FCEV,Trucks,2028,EV sales,High Growth,38.55,24.67,44.33
Netherlands,FCEV,Trucks,2028,EV sales,Low Growth,17.26,14.67,24.67
Netherlands,FCEV,Trucks,2029,EV sales,Base Case,30.13,19.28,52.64
Netherlands,FCEV,Trucks,2029,EV sales,High Growth,52.64,30.13,60.53
Netherlands,FCEV,Trucks,2029,EV sales,Low Growth,19.28,16.39,30.13
Netherlands,FCEV,Trucks,2030,EV sales,Base Case,36.97,21.64,72.21
Netherlands,FCEV,Trucks,2030,EV sales,High Growth,72.21,36.97,83.04
Netherlands,FCEV,Trucks,2030,EV sales,Low Growth,21.64,18.4,36.97
Netherlands,FCEV,Vans,2025,EV sales,Base Case,18.29,16.73,20.45
Netherlands,FCEV,Vans,2025,EV sales,High Growth,20.45,18.29,23.52
Netherlands,FCEV,Vans,2025,EV sales,Low Growth,16.73,14.22,18.29
Netherlands,FCEV,Vans,2026,EV sales,Base Case,23.71,19.84,29.64
Netherlands,FCEV,Vans,2026,EV sales,High Growth,29.64,23.71,34.09
Netherlands,FCEV,Vans,2026,EV sales,Low Growth,19.84,16.86,23.71
Netherlands,FCEV,Vans,2027,EV sales,Base Case,30.64,23.44,42.82
Netherlands,FCEV,Vans,2027,EV sales,High Growth,42.82,30.64,49.24
Netherlands,FCEV,Vans,2027,EV sales,Low Growth,23.44,19.92,30.64
Netherlands,FCEV,Vans,2028,EV sales,Base Case,39.53,27.66,61.76
Netherlands,FCEV,Vans,2028,EV sales,High Growth,61.76,39.53,71.03
Netherlands,FCEV,Vans,2028,EV sales,Low Growth,27.66,23.51,39.53
Netherlands,FCEV,Vans,2029,EV sales,Base Case,51.01,32.65,89.12
Netherlands,FCEV,Vans,2029,EV sales,High Growth,89.12,51.01,102.49
Netherlands,FCEV,Vans,2029,EV sales,Low Growth,32.65,27.75,51.01
Netherlands,FCEV,Vans,2030,EV sales,Base Case,65.94,38.6,128.78
Netherlands,FCEV,Vans,2030,EV sales,High Growth,128.78,65.94,148.1
Netherlands,FCEV,Vans,2030,EV sales,Low Growth,38.6,32.81,65.94
Netherlands,PHEV,Cars,2025,EV sales,Base Case,65278.47,59704.35,72983.55
Netherlands,PHEV,Cars,2025,EV sales,High Growth,72983.55,65278.47,83931.09
Netherlands,PHEV,Cars,2025,EV sales,Low Growth,59704.35,50748.7,65278.47
Netherlands,PHEV,Cars,2026,EV sales,Base Case,79029.17,66108.82,98786.46
Netherlands,PHEV,Cars,2026,EV sales,High Growth,98786.46,79029.17,113604.43
Netherlands,PHEV,Cars,2026,EV sales,Low Growth,66108.82,56192.5,79029.17
Netherlands,PHEV,Cars,2027,EV sales,Base Case,94827.77,72551.02,132525.83
Netherlands,PHEV,Cars,2027,EV sales,High Growth,132525.83,94827.77,152404.71
Netherlands,PHEV,Cars,2027,EV sales,Low Growth,72551.02,61668.36,94827.77
Netherlands,PHEV,Cars,2028,EV sales,Base Case,112843.82,78962.66,176318.46
Netherlands,PHEV,Cars,2028,EV sales,High Growth,176318.46,112843.82,202766.23
Netherlands,PHEV,Cars,2028,EV sales,Low Growth,78962.66,67118.26,112843.82
Netherlands,PHEV,Cars,2029,EV sales,Base Case,133276.86,85297.19,232825.09
Netherlands,PHEV,Cars,2029,EV sales,High Growth,232825.09,133276.86,267748.86
Netherlands,PHEV,Cars,2029,EV sales,Low Growth,85297.19,72502.61,133276.86
Netherlands,PHEV,Cars,2030,EV sales,Base Case,156361.75,91526.43,305394.05
Netherlands,PHEV,Cars,2030,EV sales,High Growth,305394.05,156361.75,351203.16
Netherlands,PHEV,Cars,2030,EV sales,Low Growth,91526.43,77797.46,156361.75
Netherlands,PHEV,Trucks,2025,EV sales,Base Case,26.05,23.83,29.13
Netherlands,PHEV,Trucks,2025,EV sales,High Growth,29.13,26.05,33.5
Netherlands,PHEV,Trucks,2025,EV sales,Low Growth,23.83,20.25,26.05
Netherlands,PHEV,Trucks,2026,EV sales,Base Case,31.09,26.01,38.86
Netherlands,PHEV,Trucks,2026,EV sales,High Growth,38.86,31.09,44.69
Netherlands,PHEV,Trucks,2026,EV sales,Low Growth,26.01,22.11,31.09
Netherlands,PHEV,Trucks,2027,EV sales,Base Case,36.78,28.14,51.4
Netherlands,PHEV,Trucks,2027,EV sales,High Growth,51.4,36.78,59.11
Netherlands,PHEV,Trucks,2027,EV sales,Low Growth,28.14,23.92,36.78
Netherlands,PHEV,Trucks,2028,EV sales,Base Case,43.12,30.17,67.38
Netherlands,PHEV,Trucks,2028,EV sales,High Growth,67.38,43.12,77.48
Netherlands,PHEV,Trucks,2028,EV sales,Low Growth,30.17,25.65,43.12
Netherlands,PHEV,Trucks,2029,EV sales,Base Case,50.12,32.08,87.55
Netherlands,PHEV,Trucks,2029,EV sales,High Growth,87.55,50.12,100.69
Netherlands,PHEV,Trucks,2029,EV sales,Low Growth,32.08,27.26,50.12
Netherlands,PHEV,Trucks,2030,EV sales,Base Case,57.77,33.82,112.83
Netherlands,PHEV,Trucks,2030,EV sales,High Growth,112.83,57.77,129.76
Netherlands,PHEV,Trucks,2030,EV sales,Low Growth,33.82,28.74,57.77
Netherlands,PHEV,Vans,2025,EV sales,Base Case,516.95,472.81,577.97
Netherlands,PHEV,Vans,2025,EV sales,High Growth,577.97,516.95,664.67
Netherlands,PHEV,Vans,2025,EV sales,Low Growth,472.81,401.89,516.95
Netherlands,PHEV,Vans,2026,EV sales,Base Case,700.12,585.66,875.15
Netherlands,PHEV,Vans,2026,EV sales,High Growth,875.15,700.12,1006.43
Netherlands,PHEV,Vans,2026,EV sales,Low Growth,585.66,497.81,700.12
Netherlands,PHEV,Vans,2027,EV sales,Base Case,931.56,712.72,1301.9
Netherlands,PHEV,Vans,2027,EV sales,High Growth,1301.9,931.56,1497.18
Netherlands,PHEV,Vans,2027,EV sales,Low Growth,712.72,605.81,931.56
Netherlands,PHEV,Vans,2028,EV sales,Base Case,1224.29,856.7,1912.95
Netherlands,PHEV,Vans,2028,EV sales,High Growth,1912.95,1224.29,2199.9
Netherlands,PHEV,Vans,2028,EV sales,Low Growth,856.7,728.19,1224.29
Netherlands,PHEV,Vans,2029,EV sales,Base Case,1595.89,1021.37,2787.91
Netherlands,PHEV,Vans,2029,EV sales,High Growth,2787.91,1595.89,3206.1
Netherlands,PHEV,Vans,2029,EV sales,Low Growth,1021.37,868.17,1595.89
Netherlands,PHEV,Vans,2030,EV sales,Base Case,2070.1,1211.73,4043.17
Netherlands,PHEV,Vans,2030,EV sales,High Growth,4043.17,2070.1,4649.64
Netherlands,PHEV,Vans,2030,EV sales,Low Growth,1211.73,1029.97,2070.1
New Zealand,BEV,2 and 3 wheelers,2025,EV sales,Base Case,586.38,536.31,655.59
New Zealand,BEV,2 and 3 wheelers,2025,EV sales,High Growth,655.59,586.38,753.93
New Zealand,BEV,2 and 3 wheelers,2025,EV sales,Low Growth,536.31,455.86,586.38
New Zealand,BEV,2 and 3 wheelers,2026,EV sales,Base Case,666.52,557.56,833.16
New Zealand,BEV,2 and 3 wheelers,2026,EV sales,High Growth,833.16,666.52,958.13
New Zealand,BEV,2 and 3 wheelers,2026,EV sales,Low Growth,557.56,473.92,666.52
New Zealand,BEV,2 and 3 wheelers,2027,EV sales,Base Case,758.13,580.03,1059.52
New Zealand,BEV,2 and 3 wheelers,2027,EV sales,High Growth,1059.52,758.13,1218.45
New Zealand,BEV,2 and 3 wheelers,2027,EV sales,Low Growth,580.03,493.03,758.13
New Zealand,BEV,2 and 3 wheelers,2028,EV sales,Base Case,864.89,605.21,1351.39
New Zealand,BEV,2 and 3 wheelers,2028,EV sales,High Growth,1351.39,864.89,1554.1
New Zealand,BEV,2 and 3 wheelers,2028,EV sales,Low Growth,605.21,514.43,864.89
New Zealand,BEV,2 and 3 wheelers,2029,EV sales,Base Case,991.43,634.52,1731.96
New Zealand,BEV,2 and 3 wheelers,2029,EV sales,High Growth,1731.96,991.43,1991.76
New Zealand,BEV,2 and 3 wheelers,2029,EV sales,Low Growth,634.52,539.34,991.43
New Zealand,BEV,2 and 3 wheelers,2030,EV sales,Base Case,1143.56,669.38,2233.52
New Zealand,BEV,2 and 3 wheelers,2030,EV sales,High Growth,2233.52,1143.56,2568.55
New Zealand,BEV,2 and 3 wheelers,2030,EV sales,Low Growth,669.38,568.98,1143.56
New Zealand,BEV,Buses,2025,EV sales,Base Case,218.12,199.49,243.86
New Zealand,BEV,Buses,2025,EV sales,High Growth,243.86,218.12,280.44
New Zealand,BEV,Buses,2025,EV sales,Low Growth,199.49,169.57,218.12
New Zealand,BEV,Buses,2026,EV sales,Base Case,282.84,236.6,353.55
New Zealand,BEV,Buses,2026,EV sales,High Growth,353.55,282.84,406.58
New Zealand,BEV,Buses,2026,EV sales,Low Growth,236.6,201.11,282.84
New Zealand,BEV,Buses,2027,EV sales,Base Case,364.17,278.62,508.94
New Zealand,BEV,Buses,2027,EV sales,High Growth,508.94,364.17,585.29
New Zealand,BEV,Buses,2027,EV sales,Low Growth,278.62,236.83,364.17
New Zealand,BEV,Buses,2028,EV sales,Base Case,467.03,326.8,729.73
New Zealand,BEV,Buses,2028,EV sales,High Growth,729.73,467.03,839.19
New Zealand,BEV,Buses,2028,EV sales,Low Growth,326.8,277.78,467.03
New Zealand,BEV,Buses,2029,EV sales,Base Case,598.05,382.75,1044.75
New Zealand,BEV,Buses,2029,EV sales,High Growth,1044.75,598.05,1201.46
New Zealand,BEV,Buses,2029,EV sales,Low Growth,382.75,325.34,598.05
New Zealand,BEV,Buses,2030,EV sales,Base Case,766.2,448.5,1496.49
New Zealand,BEV,Buses,2030,EV sales,High Growth,1496.49,766.2,1720.97
New Zealand,BEV,Buses,2030,EV sales,Low Growth,448.5,381.22,766.2
New Zealand,BEV,Cars,2025,EV sales,Base Case,12371.05,11314.69,13831.26
New Zealand,BEV,Cars,2025,EV sales,High Growth,13831.26,12371.05,15905.95
New Zealand,BEV,Cars,2025,EV sales,Low Growth,11314.69,9617.49,12371.05
New Zealand,BEV,Cars,2026,EV sales,Base Case,14678.86,12279.04,18348.57
New Zealand,BEV,Cars,2026,EV sales,High Growth,18348.57,14678.86,21100.86
New Zealand,BEV,Cars,2026,EV sales,Low Growth,12279.04,10437.18,14678.86
New Zealand,BEV,Cars,2027,EV sales,Base Case,17505.02,13392.77,24464.0
New Zealand,BEV,Cars,2027,EV sales,High Growth,24464.0,17505.02,28133.61
New Zealand,BEV,Cars,2027,EV sales,Low Growth,13392.77,11383.86,17505.02
New Zealand,BEV,Cars,2028,EV sales,Base Case,21031.86,14717.08,32862.27
New Zealand,BEV,Cars,2028,EV sales,High Growth,32862.27,21031.86,37791.61
New Zealand,BEV,Cars,2028,EV sales,Low Growth,14717.08,12509.52,21031.86
New Zealand,BEV,Cars,2029,EV sales,Base Case,25505.51,16323.53,44556.3
New Zealand,BEV,Cars,2029,EV sales,High Growth,44556.3,25505.51,51239.74
New Zealand,BEV,Cars,2029,EV sales,Low Growth,16323.53,13875.0,25505.51
New Zealand,BEV,Cars,2030,EV sales,Base Case,31258.28,18297.05,61051.33
New Zealand,BEV,Cars,2030,EV sales,High Growth,61051.33,31258.28,70209.03
New Zealand,BEV,Cars,2030,EV sales,Low Growth,18297.05,15552.49,31258.28
New Zealand,BEV,Vans,2025,EV sales,Base Case,314.32,287.48,351.42
New Zealand,BEV,Vans,2025,EV sales,High Growth,351.42,314.32,404.14
New Zealand,BEV,Vans,2025,EV sales,Low Growth,287.48,244.36,314.32
New Zealand,BEV,Vans,2026,EV sales,Base Case,358.47,299.86,448.09
New Zealand,BEV,Vans,2026,EV sales,High Growth,448.09,358.47,515.3
New Zealand,BEV,Vans,2026,EV sales,Low Growth,299.86,254.88,358.47
New Zealand,BEV,Vans,2027,EV sales,Base Case,405.75,310.44,567.06
New Zealand,BEV,Vans,2027,EV sales,High Growth,567.06,405.75,652.12
New Zealand,BEV,Vans,2027,EV sales,Low Growth,310.44,263.87,405.75
New Zealand,BEV,Vans,2028,EV sales,Base Case,457.16,319.9,714.31
New Zealand,BEV,Vans,2028,EV sales,High Growth,714.31,457.16,821.46
New Zealand,BEV,Vans,2028,EV sales,Low Growth,319.9,271.91,457.16
New Zealand,BEV,Vans,2029,EV sales,Base Case,513.86,328.87,897.68
New Zealand,BEV,Vans,2029,EV sales,High Growth,897.68,513.86,1032.33
New Zealand,BEV,Vans,2029,EV sales,Low Growth,328.87,279.54,513.86
New Zealand,BEV,Vans,2030,EV sales,Base Case,577.28,337.91,1127.51
New Zealand,BEV,Vans,2030,EV sales,High Growth,1127.51,577.28,1296.63
New Zealand,BEV,Vans,2030,EV sales,Low Growth,337.91,287.23,577.28
New Zealand,FCEV,Cars,2025,EV sales,Base Case,22.75,20.81,25.43
New Zealand,FCEV,Cars,2025,EV sales,High Growth,25.43,22.75,29.25
New Zealand,FCEV,Cars,2025,EV sales,Low Growth,20.81,17.68,22.75
New Zealand,FCEV,Cars,2026,EV sales,Base Case,30.09,25.17,37.61
New Zealand,FCEV,Cars,2026,EV sales,High Growth,37.61,30.09,43.25
New Zealand,FCEV,Cars,2026,EV sales,Low Growth,25.17,21.39,30.09
New Zealand,FCEV,Cars,2027,EV sales,Base Case,39.35,30.1,54.99
New Zealand,FCEV,Cars,2027,EV sales,High Growth,54.99,39.35,63.24
New Zealand,FCEV,Cars,2027,EV sales,Low Growth,30.1,25.59,39.35
New Zealand,FCEV,Cars,2028,EV sales,Base Case,51.09,35.75,79.82
New Zealand,FCEV,Cars,2028,EV sales,High Growth,79.82,51.09,91.8
New Zealand,FCEV,Cars,2028,EV sales,Low Growth,35.75,30.39,51.09
New Zealand,FCEV,Cars,2029,EV sales,Base Case,66.04,42.27,115.37
New Zealand,FCEV,Cars,2029,EV sales,High Growth,115.37,66.04,132.67
New Zealand,FCEV,Cars,2029,EV sales,Low Growth,42.27,35.93,66.04
New Zealand,FCEV,Cars,2030,EV sales,Base Case,85.21,49.88,166.43
New Zealand,FCEV,Cars,2030,EV sales,High Growth,166.43,85.21,191.4
New Zealand,FCEV,Cars,2030,EV sales,Low Growth,49.88,42.4,85.21
New Zealand,PHEV,Cars,2025,EV sales,Base Case,6405.82,5858.83,7161.92
New Zealand,PHEV,Cars,2025,EV sales,High Growth,7161.92,6405.82,8236.21
New Zealand,PHEV,Cars,2025,EV sales,Low Growth,5858.83,4980.0,6405.82
New Zealand,PHEV,Cars,2026,EV sales,Base Case,7781.85,6509.61,9727.31
New Zealand,PHEV,Cars,2026,EV sales,High Growth,9727.31,7781.85,11186.41
New Zealand,PHEV,Cars,2026,EV sales,Low Growth,6509.61,5533.17,7781.85
New Zealand,PHEV,Cars,2027,EV sales,Base Case,9464.63,7241.22,13227.23
New Zealand,PHEV,Cars,2027,EV sales,High Growth,13227.23,9464.63,15211.31
New Zealand,PHEV,Cars,2027,EV sales,Low Growth,7241.22,6155.04,9464.63
New Zealand,PHEV,Cars,2028,EV sales,Base Case,11552.57,8083.93,18050.88
New Zealand,PHEV,Cars,2028,EV sales,High Growth,18050.88,11552.57,20758.52
New Zealand,PHEV,Cars,2028,EV sales,Low Growth,8083.93,6871.34,11552.57
New Zealand,PHEV,Cars,2029,EV sales,Base Case,14178.48,9074.23,24768.79
New Zealand,PHEV,Cars,2029,EV sales,High Growth,24768.79,14178.48,28484.11
New Zealand,PHEV,Cars,2029,EV sales,Low Growth,9074.23,7713.1,14178.48
New Zealand,PHEV,Cars,2030,EV sales,Base Case,17521.72,10256.35,34222.1
New Zealand,PHEV,Cars,2030,EV sales,High Growth,34222.1,17521.72,39355.42
New Zealand,PHEV,Cars,2030,EV sales,Low Growth,10256.35,8717.89,17521.72
New Zealand,PHEV,Vans,2025,EV sales,Base Case,6.95,6.35,7.77
New Zealand,PHEV,Vans,2025,EV sales,High Growth,7.77,6.95,8.93
New Zealand,PHEV,Vans,2025,EV sales,Low Growth,6.35,5.4,6.95
New Zealand,PHEV,Vans,2026,EV sales,Base Case,4.59,3.84,5.74
New Zealand,PHEV,Vans,2026,EV sales,High Growth,5.74,4.59,6.6
New Zealand,PHEV,Vans,2026,EV sales,Low Growth,3.84,3.26,4.59
New Zealand,PHEV,Vans,2027,EV sales,Base Case,3.42,2.62,4.78
New Zealand,PHEV,Vans,2027,EV sales,High Growth,4.78,3.42,5.5
New Zealand,PHEV,Vans,2027,EV sales,Low Growth,2.62,2.22,3.42
New Zealand,PHEV,Vans,2028,EV sales,Base Case,4.5,3.15,7.03
New Zealand,PHEV,Vans,2028,EV sales,High Growth,7.03,4.5,8.09
New Zealand,PHEV,Vans,2028,EV sales,Low Growth,3.15,2.68,4.5
New Zealand,PHEV,Vans,2029,EV sales,Base Case,5.92,3.79,10.35
New Zealand,PHEV,Vans,2029,EV sales,High Growth,10.35,5.92,11.9
New Zealand,PHEV,Vans,2029,EV sales,Low Growth,3.79,3.22,5.92
New Zealand,PHEV,Vans,2030,EV sales,Base Case,7.79,4.56,15.22
New Zealand,PHEV,Vans,2030,EV sales,High Growth,15.22,7.79,17.51
New Zealand,PHEV,Vans,2030,EV sales,Low Growth,4.56,3.88,7.79
Norway,BEV,2 and 3 wheelers,2025,EV sales,Base Case,799.53,731.25,893.9
Norway,BEV,2 and 3 wheelers,2025,EV sales,High Growth,893.9,799.53,1027.98
Norway,BEV,2 and 3 wheelers,2025,EV sales,Low Growth,731.25,621.57,799.53
Norway,BEV,2 and 3 wheelers,2026,EV sales,Base Case,851.82,712.56,1064.78
Norway,BEV,2 and 3 wheelers,2026,EV sales,High Growth,1064.78,851.82,1224.49
Norway,BEV,2 and 3 wheelers,2026,EV sales,Low Growth,712.56,605.68,851.82
Norway,BEV,2 and 3 wheelers,2027,EV sales,Base Case,907.95,694.65,1268.89
Norway,BEV,2 and 3 wheelers,2027,EV sales,High Growth,1268.89,907.95,1459.23
Norway,BEV,2 and 3 wheelers,2027,EV sales,Low Growth,694.65,590.46,907.95
Norway,BEV,2 and 3 wheelers,2028,EV sales,Base Case,971.35,679.71,1517.74
Norway,BEV,2 and 3 wheelers,2028,EV sales,High Growth,1517.74,971.35,1745.4
Norway,BEV,2 and 3 wheelers,2028,EV sales,Low Growth,679.71,577.75,971.35
Norway,BEV,2 and 3 wheelers,2029,EV sales,Base Case,1046.21,669.57,1827.64
Norway,BEV,2 and 3 wheelers,2029,EV sales,High Growth,1827.64,1046.21,2101.79
Norway,BEV,2 and 3 wheelers,2029,EV sales,Low Growth,669.57,569.14,1046.21
Norway,BEV,2 and 3 wheelers,2030,EV sales,Base Case,1137.53,665.85,2221.74
Norway,BEV,2 and 3 wheelers,2030,EV sales,High Growth,2221.74,1137.53,2555.0
Norway,BEV,2 and 3 wheelers,2030,EV sales,Low Growth,665.85,565.98,1137.53
Norway,BEV,Buses,2025,EV sales,Base Case,517.93,473.7,579.06
Norway,BEV,Buses,2025,EV sales,High Growth,579.06,517.93,665.92
Norway,BEV,Buses,2025,EV sales,Low Growth,473.7,402.65,517.93
Norway,BEV,Buses,2026,EV sales,Base Case,652.07,545.47,815.09
Norway,BEV,Buses,2026,EV sales,High Growth,815.09,652.07,937.35
Norway,BEV,Buses,2026,EV sales,Low Growth,545.47,463.65,652.07
Norway,BEV,Buses,2027,EV sales,Base Case,819.65,627.1,1145.5
Norway,BEV,Buses,2027,EV sales,High Growth,1145.5,819.65,1317.33
Norway,BEV,Buses,2027,EV sales,Low Growth,627.1,533.04,819.65
Norway,BEV,Buses,2028,EV sales,Base Case,1031.09,721.51,1611.08
Norway,BEV,Buses,2028,EV sales,High Growth,1611.08,1031.09,1852.75
Norway,BEV,Buses,2028,EV sales,Low Growth,721.51,613.28,1031.09
Norway,BEV,Buses,2029,EV sales,Base Case,1300.46,832.29,2271.8
Norway,BEV,Buses,2029,EV sales,High Growth,2271.8,1300.46,2612.57
Norway,BEV,Buses,2029,EV sales,Low Growth,832.29,707.45,1300.46
Norway,BEV,Buses,2030,EV sales,Base Case,1646.73,963.91,3216.27
Norway,BEV,Buses,2030,EV sales,High Growth,3216.27,1646.73,3698.71
Norway,BEV,Buses,2030,EV sales,Low Growth,963.91,819.33,1646.73
Norway,BEV,Cars,2025,EV sales,Base Case,131715.42,120468.25,147262.31
Norway,BEV,Cars,2025,EV sales,High Growth,147262.31,131715.42,169351.66
Norway,BEV,Cars,2025,EV sales,Low Growth,120468.25,102398.01,131715.42
Norway,BEV,Cars,2026,EV sales,Base Case,147624.7,123489.78,184530.88
Norway,BEV,Cars,2026,EV sales,High Growth,184530.88,147624.7,212210.51
Norway,BEV,Cars,2026,EV sales,Low Growth,123489.78,104966.32,147624.7
Norway,BEV,Cars,2027,EV sales,Base Case,165253.93,126432.81,230949.39
Norway,BEV,Cars,2027,EV sales,High Growth,230949.39,165253.93,265591.8
Norway,BEV,Cars,2027,EV sales,Low Growth,126432.81,107467.89,165253.93
Norway,BEV,Cars,2028,EV sales,Base Case,184942.16,129413.6,288972.13
Norway,BEV,Cars,2028,EV sales,High Growth,288972.13,184942.16,332317.95
Norway,BEV,Cars,2028,EV sales,Low Growth,129413.6,110001.56,184942.16
Norway,BEV,Cars,2029,EV sales,Base Case,207087.39,132535.93,361766.78
Norway,BEV,Cars,2029,EV sales,High Growth,361766.78,207087.39,416031.8
Norway,BEV,Cars,2029,EV sales,Low Growth,132535.93,112655.54,207087.39
Norway,BEV,Cars,2030,EV sales,Base Case,232156.79,135893.09,453431.24
Norway,BEV,Cars,2030,EV sales,High Growth,453431.24,232156.79,521445.92
Norway,BEV,Cars,2030,EV sales,Low Growth,135893.09,115509.12,232156.79
Norway,BEV,Trucks,2025,EV sales,Base Case,997.02,911.89,1114.71
Norway,BEV,Trucks,2025,EV sales,High Growth,1114.71,997.02,1281.91
Norway,BEV,Trucks,2025,EV sales,Low Growth,911.89,775.1,997.02
Norway,BEV,Trucks,2026,EV sales,Base Case,1304.19,1090.97,1630.24
Norway,BEV,Trucks,2026,EV sales,High Growth,1630.24,1304.19,1874.78
Norway,BEV,Trucks,2026,EV sales,Low Growth,1090.97,927.33,1304.19
Norway,BEV,Trucks,2027,EV sales,Base Case,1685.28,1289.38,2355.26
Norway,BEV,Trucks,2027,EV sales,High Growth,2355.26,1685.28,2708.54
Norway,BEV,Trucks,2027,EV sales,Low Growth,1289.38,1095.97,1685.28
Norway,BEV,Trucks,2028,EV sales,Base Case,2160.56,1511.85,3375.87
Norway,BEV,Trucks,2028,EV sales,High Growth,3375.87,2160.56,3882.25
Norway,BEV,Trucks,2028,EV sales,Low Growth,1511.85,1285.08,2160.56
Norway,BEV,Trucks,2029,EV sales,Base Case,2757.36,1764.71,4816.91
Norway,BEV,Trucks,2029,EV sales,High Growth,4816.91,2757.36,5539.45
Norway,BEV,Trucks,2029,EV sales,Low Growth,1764.71,1500.0,2757.36
Norway,BEV,Trucks,2030,EV sales,Base Case,3512.62,2056.11,6860.58
Norway,BEV,Trucks,2030,EV sales,High Growth,6860.58,3512.62,7889.67
Norway,BEV,Trucks,2030,EV sales,Low Growth,2056.11,1747.7,3512.62
Norway,BEV,Vans,2025,EV sales,Base Case,9299.59,8505.5,10397.26
Norway,BEV,Vans,2025,EV sales,High Growth,10397.26,9299.59,11956.85
Norway,BEV,Vans,2025,EV sales,Low Growth,8505.5,7229.68,9299.59
Norway,BEV,Vans,2026,EV sales,Base Case,11510.97,9629.06,14388.71
Norway,BEV,Vans,2026,EV sales,High Growth,14388.71,11510.97,16547.02
Norway,BEV,Vans,2026,EV sales,Low Growth,9629.06,8184.7,11510.97
Norway,BEV,Vans,2027,EV sales,Base Case,14155.53,10830.14,19782.96
Norway,BEV,Vans,2027,EV sales,High Growth,19782.96,14155.53,22750.41
Norway,BEV,Vans,2027,EV sales,Low Growth,10830.14,9205.62,14155.53
Norway,BEV,Vans,2028,EV sales,Base Case,17327.2,12124.74,27073.75
Norway,BEV,Vans,2028,EV sales,High Growth,27073.75,17327.2,31134.82
Norway,BEV,Vans,2028,EV sales,Low Growth,12124.74,10306.03,17327.2
Norway,BEV,Vans,2029,EV sales,Base Case,21146.29,13533.63,36941.05
Norway,BEV,Vans,2029,EV sales,High Growth,36941.05,21146.29,42482.21
Norway,BEV,Vans,2029,EV sales,Low Growth,13533.63,11503.58,21146.29
Norway,BEV,Vans,2030,EV sales,Base Case,25766.94,15082.69,50326.05
Norway,BEV,Vans,2030,EV sales,High Growth,50326.05,25766.94,57874.96
Norway,BEV,Vans,2030,EV sales,Low Growth,15082.69,12820.29,25766.94
Norway,FCEV,Cars,2025,EV sales,Base Case,8.1,7.41,9.06
Norway,FCEV,Cars,2025,EV sales,High Growth,9.06,8.1,10.41
Norway,FCEV,Cars,2025,EV sales,Low Growth,7.41,6.3,8.1
Norway,FCEV,Cars,2026,EV sales,Base Case,8.1,6.78,10.12
Norway,FCEV,Cars,2026,EV sales,High Growth,10.12,8.1,11.64
Norway,FCEV,Cars,2026,EV sales,Low Growth,6.78,5.76,8.1
Norway,FCEV,Cars,2027,EV sales,Base Case,8.1,6.2,11.32
Norway,FCEV,Cars,2027,EV sales,High Growth,11.32,8.1,13.02
Norway,FCEV,Cars,2027,EV sales,Low Growth,6.2,5.27,8.1
Norway,FCEV,Cars,2028,EV sales,Base Case,8.1,5.67,12.66
Norway,FCEV,Cars,2028,EV sales,High Growth,12.66,8.1,14.55
Norway,FCEV,Cars,2028,EV sales,Low Growth,5.67,4.82,8.1
Norway,FCEV,Cars,2029,EV sales,Base Case,8.1,5.18,14.15
Norway,FCEV,Cars,2029,EV sales,High Growth,14.15,8.1,16.27
Norway,FCEV,Cars,2029,EV sales,Low Growth,5.18,4.41,8.1
Norway,FCEV,Cars,2030,EV sales,Base Case,8.1,4.74,15.82
Norway,FCEV,Cars,2030,EV sales,High Growth,15.82,8.1,18.19
Norway,FCEV,Cars,2030,EV sales,Low Growth,4.74,4.03,8.1
Norway,PHEV,Cars,2025,EV sales,Base Case,3150.0,2881.02,3521.81
Norway,PHEV,Cars,2025,EV sales,High Growth,3521.81,3150.0,4050.08
Norway,PHEV,Cars,2025,EV sales,Low Growth,2881.02,2448.87,3150.0
Norway,PHEV,Cars,2026,EV sales,Base Case,3150.0,2635.01,3937.5
Norway,PHEV,Cars,2026,EV sales,High Growth,3937.5,3150.0,4528.12
Norway,PHEV,Cars,2026,EV sales,Low Growth,2635.01,2239.76,3150.0
Norway,PHEV,Cars,2027,EV sales,Base Case,3150.0,2410.01,4402.26
Norway,PHEV,Cars,2027,EV sales,High Growth,4402.26,3150.0,5062.6
Norway,PHEV,Cars,2027,EV sales,Low Growth,2410.01,2048.51,3150.0
Norway,PHEV,Cars,2028,EV sales,Base Case,3150.0,2204.22,4921.88
Norway,PHEV,Cars,2028,EV sales,High Growth,4921.88,3150.0,5660.16
Norway,PHEV,Cars,2028,EV sales,Low Growth,2204.22,1873.59,3150.0
Norway,PHEV,Cars,2029,EV sales,Base Case,3150.0,2016.0,5502.82
Norway,PHEV,Cars,2029,EV sales,High Growth,5502.82,3150.0,6328.25
Norway,PHEV,Cars,2029,EV sales,Low Growth,2016.0,1713.6,3150.0
Norway,PHEV,Cars,2030,EV sales,Base Case,3150.0,1843.85,6152.34
Norway,PHEV,Cars,2030,EV sales,High Growth,6152.34,3150.0,7075.2
Norway,PHEV,Cars,2030,EV sales,Low Growth,1843.85,1567.28,3150.0
Norway,PHEV,Vans,2025,EV sales,Base Case,421.28,385.31,471.01
Norway,PHEV,Vans,2025,EV sales,High Growth,471.01,421.28,541.66
Norway,PHEV,Vans,2025,EV sales,Low Growth,385.31,327.51,421.28
Norway,PHEV,Vans,2026,EV sales,Base Case,552.02,461.77,690.03
Norway,PHEV,Vans,2026,EV sales,High Growth,690.03,552.02,793.53
Norway,PHEV,Vans,2026,EV sales,Low Growth,461.77,392.51,552.02
Norway,PHEV,Vans,2027,EV sales,Base Case,715.01,547.04,999.25
Norway,PHEV,Vans,2027,EV sales,High Growth,999.25,715.01,1149.14
Norway,PHEV,Vans,2027,EV sales,Low Growth,547.04,464.98,715.01
Norway,PHEV,Vans,2028,EV sales,Base Case,919.78,643.62,1437.16
Norway,PHEV,Vans,2028,EV sales,High Growth,1437.16,919.78,1652.74
Norway,PHEV,Vans,2028,EV sales,Low Growth,643.62,547.08,919.78
Norway,PHEV,Vans,2029,EV sales,Base Case,1179.25,754.72,2060.07
Norway,PHEV,Vans,2029,EV sales,High Growth,2060.07,1179.25,2369.08
Norway,PHEV,Vans,2029,EV sales,Low Growth,754.72,641.51,1179.25
Norway,PHEV,Vans,2030,EV sales,Base Case,1510.81,884.35,2950.8
Norway,PHEV,Vans,2030,EV sales,High Growth,2950.8,1510.81,3393.42
Norway,PHEV,Vans,2030,EV sales,Low Growth,884.35,751.7,1510.81
Poland,BEV,2 and 3 wheelers,2025,EV sales,Base Case,2593.88,2372.39,2900.05
Poland,BEV,2 and 3 wheelers,2025,EV sales,High Growth,2900.05,2593.88,3335.05
Poland,BEV,2 and 3 wheelers,2025,EV sales,Low Growth,2372.39,2016.53,2593.88
Poland,BEV,2 and 3 wheelers,2026,EV sales,Base Case,2978.67,2491.69,3723.33
Poland,BEV,2 and 3 wheelers,2026,EV sales,High Growth,3723.33,2978.67,4281.83
Poland,BEV,2 and 3 wheelers,2026,EV sales,Low Growth,2491.69,2117.94,2978.67
Poland,BEV,2 and 3 wheelers,2027,EV sales,Base Case,3493.82,2673.06,4882.76
Poland,BEV,2 and 3 wheelers,2027,EV sales,High Growth,4882.76,3493.82,5615.18
Poland,BEV,2 and 3 wheelers,2027,EV sales,Low Growth,2673.06,2272.1,3493.82
Poland,BEV,2 and 3 wheelers,2028,EV sales,Base Case,4197.44,2937.17,6558.5
Poland,BEV,2 and 3 wheelers,2028,EV sales,High Growth,6558.5,4197.44,7542.28
Poland,BEV,2 and 3 wheelers,2028,EV sales,Low Growth,2937.17,2496.59,4197.44
Poland,BEV,2 and 3 wheelers,2029,EV sales,Base Case,5167.11,3306.95,9026.57
Poland,BEV,2 and 3 wheelers,2029,EV sales,High Growth,9026.57,5167.11,10380.56
Poland,BEV,2 and 3 wheelers,2029,EV sales,Low Growth,3306.95,2810.91,5167.11
Poland,BEV,2 and 3 wheelers,2030,EV sales,Base Case,6529.56,3822.08,12753.04
Poland,BEV,2 and 3 wheelers,2030,EV sales,High Growth,12753.04,6529.56,14666.0
Poland,BEV,2 and 3 wheelers,2030,EV sales,Low Growth,3822.08,3248.77,6529.56
Poland,BEV,Buses,2025,EV sales,Base Case,248.18,226.98,277.47
Poland,BEV,Buses,2025,EV sales,High Growth,277.47,248.18,319.09
Poland,BEV,Buses,2025,EV sales,Low Growth,226.98,192.94,248.18
Poland,BEV,Buses,2026,EV sales,Base Case,271.49,227.1,339.36
Poland,BEV,Buses,2026,EV sales,High Growth,339.36,271.49,390.27
Poland,BEV,Buses,2026,EV sales,Low Growth,227.1,193.04,271.49
Poland,BEV,Buses,2027,EV sales,Base Case,295.68,226.22,413.23
Poland,BEV,Buses,2027,EV sales,High Growth,413.23,295.68,475.21
Poland,BEV,Buses,2027,EV sales,Low Growth,226.22,192.29,295.68
Poland,BEV,Buses,2028,EV sales,Base Case,320.91,224.56,501.43
Poland,BEV,Buses,2028,EV sales,High Growth,501.43,320.91,576.64
Poland,BEV,Buses,2028,EV sales,Low Growth,224.56,190.88,320.91
Poland,BEV,Buses,2029,EV sales,Base Case,347.36,222.31,606.82
Poland,BEV,Buses,2029,EV sales,High Growth,606.82,347.36,697.84
Poland,BEV,Buses,2029,EV sales,Low Growth,222.31,188.96,347.36
Poland,BEV,Buses,2030,EV sales,Base Case,375.22,219.64,732.85
Poland,BEV,Buses,2030,EV sales,High Growth,732.85,375.22,842.78
Poland,BEV,Buses,2030,EV sales,Low Growth,219.64,186.69,375.22
Poland,BEV,Cars,2025,EV sales,Base Case,23742.23,21714.89,26544.62
Poland,BEV,Cars,2025,EV sales,High Growth,26544.62,23742.23,30526.32
Poland,BEV,Cars,2025,EV sales,Low Growth,21714.89,18457.65,23742.23
Poland,BEV,Cars,2026,EV sales,Base Case,30579.86,25580.41,38224.83
Poland,BEV,Cars,2026,EV sales,High Growth,38224.83,30579.86,43958.55
Poland,BEV,Cars,2026,EV sales,Low Growth,25580.41,21743.35,30579.86
Poland,BEV,Cars,2027,EV sales,Base Case,39111.01,29923.13,54659.3
Poland,BEV,Cars,2027,EV sales,High Growth,54659.3,39111.01,62858.19
Poland,BEV,Cars,2027,EV sales,Low Growth,29923.13,25434.66,39111.01
Poland,BEV,Cars,2028,EV sales,Base Case,49827.67,34867.0,77855.74
Poland,BEV,Cars,2028,EV sales,High Growth,77855.74,49827.67,89534.1
Poland,BEV,Cars,2028,EV sales,Low Growth,34867.0,29636.95,49827.67
Poland,BEV,Cars,2029,EV sales,Base Case,63394.03,40572.18,110744.82
Poland,BEV,Cars,2029,EV sales,High Growth,110744.82,63394.03,127356.54
Poland,BEV,Cars,2029,EV sales,Low Growth,40572.18,34486.35,63394.03
Poland,BEV,Cars,2030,EV sales,Base Case,80706.75,47241.73,157630.37
Poland,BEV,Cars,2030,EV sales,High Growth,157630.37,80706.75,181274.92
Poland,BEV,Cars,2030,EV sales,Low Growth,47241.73,40155.47,80706.75
Poland,BEV,Vans,2025,EV sales,Base Case,2755.18,2519.92,3080.39
Poland,BEV,Vans,2025,EV sales,High Growth,3080.39,2755.18,3542.45
Poland,BEV,Vans,2025,EV sales,Low Growth,2519.92,2141.93,2755.18
Poland,BEV,Vans,2026,EV sales,Base Case,3571.98,2988.01,4464.98
Poland,BEV,Vans,2026,EV sales,High Growth,4464.98,3571.98,5134.73
Poland,BEV,Vans,2026,EV sales,Low Growth,2988.01,2539.81,3571.98
Poland,BEV,Vans,2027,EV sales,Base Case,4586.13,3508.77,6409.32
Poland,BEV,Vans,2027,EV sales,High Growth,6409.32,4586.13,7370.71
Poland,BEV,Vans,2027,EV sales,Low Growth,3508.77,2982.45,4586.13
Poland,BEV,Vans,2028,EV sales,Base Case,5852.62,4095.38,9144.72
Poland,BEV,Vans,2028,EV sales,High Growth,9144.72,5852.62,10516.42
Poland,BEV,Vans,2028,EV sales,Low Growth,4095.38,3481.07,5852.62
Poland,BEV,Vans,2029,EV sales,Base Case,7445.67,4765.23,13007.06
Poland,BEV,Vans,2029,EV sales,High Growth,13007.06,7445.67,14958.12
Poland,BEV,Vans,2029,EV sales,Low Growth,4765.23,4050.45,7445.67
Poland,BEV,Vans,2030,EV sales,Base Case,9465.51,5540.64,18487.33
Poland,BEV,Vans,2030,EV sales,High Growth,18487.33,9465.51,21260.43
Poland,BEV,Vans,2030,EV sales,Low Growth,5540.64,4709.55,9465.51
Poland,FCEV,Cars,2025,EV sales,Base Case,18.23,16.68,20.38
Poland,FCEV,Cars,2025,EV sales,High Growth,20.38,18.23,23.44
Poland,FCEV,Cars,2025,EV sales,Low Growth,16.68,14.17,18.23
Poland,FCEV,Cars,2026,EV sales,Base Case,11.18,9.35,13.97
Poland,FCEV,Cars,2026,EV sales,High Growth,13.97,11.18,16.07
Poland,FCEV,Cars,2026,EV sales,Low Growth,9.35,7.95,11.18
Poland,FCEV,Cars,2027,EV sales,Base Case,8.61,6.59,12.03
Poland,FCEV,Cars,2027,EV sales,High Growth,12.03,8.61,13.84
Poland,FCEV,Cars,2027,EV sales,Low Growth,6.59,5.6,8.61
Poland,FCEV,Cars,2028,EV sales,Base Case,11.63,8.13,18.16
Poland,FCEV,Cars,2028,EV sales,High Growth,18.16,11.63,20.89
Poland,FCEV,Cars,2028,EV sales,Low Growth,8.13,6.91,11.63
Poland,FCEV,Cars,2029,EV sales,Base Case,15.69,10.04,27.42
Poland,FCEV,Cars,2029,EV sales,High Growth,27.42,15.69,31.53
Poland,FCEV,Cars,2029,EV sales,Low Growth,10.04,8.54,15.69
Poland,FCEV,Cars,2030,EV sales,Base Case,21.19,12.4,41.38
Poland,FCEV,Cars,2030,EV sales,High Growth,41.38,21.19,47.59
Poland,FCEV,Cars,2030,EV sales,Low Growth,12.4,10.54,21.19
Poland,PHEV,Buses,2025,EV sales,Base Case,5.4,4.94,6.04
Poland,PHEV,Buses,2025,EV sales,High Growth,6.04,5.4,6.94
Poland,PHEV,Buses,2025,EV sales,Low Growth,4.94,4.2,5.4
Poland,PHEV,Buses,2026,EV sales,Base Case,6.18,5.17,7.73
Poland,PHEV,Buses,2026,EV sales,High Growth,7.73,6.18,8.88
Poland,PHEV,Buses,2026,EV sales,Low Growth,5.17,4.39,6.18
Poland,PHEV,Buses,2027,EV sales,Base Case,8.21,6.28,11.48
Poland,PHEV,Buses,2027,EV sales,High Growth,11.48,8.21,13.2
Poland,PHEV,Buses,2027,EV sales,Low Growth,6.28,5.34,8.21
Poland,PHEV,Buses,2028,EV sales,Base Case,10.89,7.62,17.01
Poland,PHEV,Buses,2028,EV sales,High Growth,17.01,10.89,19.57
Poland,PHEV,Buses,2028,EV sales,Low Growth,7.62,6.48,10.89
Poland,PHEV,Buses,2029,EV sales,Base Case,14.2,9.09,24.81
Poland,PHEV,Buses,2029,EV sales,High Growth,24.81,14.2,28.54
Poland,PHEV,Buses,2029,EV sales,Low Growth,9.09,7.73,14.2
Poland,PHEV,Buses,2030,EV sales,Base Case,18.16,10.63,35.47
Poland,PHEV,Buses,2030,EV sales,High Growth,35.47,18.16,40.79
Poland,PHEV,Buses,2030,EV sales,Low Growth,10.63,9.04,18.16
Poland,PHEV,Cars,2025,EV sales,Base Case,20178.24,18455.23,22559.96
Poland,PHEV,Cars,2025,EV sales,High Growth,22559.96,20178.24,25943.96
Poland,PHEV,Cars,2025,EV sales,Low Growth,18455.23,15686.94,20178.24
Poland,PHEV,Cars,2026,EV sales,Base Case,25855.04,21628.05,32318.8
Poland,PHEV,Cars,2026,EV sales,High Growth,32318.8,25855.04,37166.63
Poland,PHEV,Cars,2026,EV sales,Low Growth,21628.05,18383.84,25855.04
Poland,PHEV,Cars,2027,EV sales,Base Case,32975.16,25228.7,46084.18
Poland,PHEV,Cars,2027,EV sales,High Growth,46084.18,32975.16,52996.81
Poland,PHEV,Cars,2027,EV sales,Low Growth,25228.7,21444.39,32975.16
Poland,PHEV,Cars,2028,EV sales,Base Case,41972.69,29370.46,65582.33
Poland,PHEV,Cars,2028,EV sales,High Growth,65582.33,41972.69,75419.68
Poland,PHEV,Cars,2028,EV sales,Low Growth,29370.46,24964.89,41972.69
Poland,PHEV,Cars,2029,EV sales,Base Case,53433.7,34197.57,93344.83
Poland,PHEV,Cars,2029,EV sales,High Growth,93344.83,53433.7,107346.56
Poland,PHEV,Cars,2029,EV sales,Low Growth,34197.57,29067.93,53433.7
Poland,PHEV,Cars,2030,EV sales,Base Case,68149.34,39891.25,133104.18
Poland,PHEV,Cars,2030,EV sales,High Growth,133104.18,68149.34,153069.81
Poland,PHEV,Cars,2030,EV sales,Low Growth,39891.25,33907.56,68149.34
Portugal,BEV,2 and 3 wheelers,2025,EV sales,Base Case,999.65,914.29,1117.64
Portugal,BEV,2 and 3 wheelers,2025,EV sales,High Growth,1117.64,999.65,1285.29
Portugal,BEV,2 and 3 wheelers,2025,EV sales,Low Growth,914.29,777.15,999.65
Portugal,BEV,2 and 3 wheelers,2026,EV sales,Base Case,1237.9,1035.52,1547.38
Portugal,BEV,2 and 3 wheelers,2026,EV sales,High Growth,1547.38,1237.9,1779.48
Portugal,BEV,2 and 3 wheelers,2026,EV sales,Low Growth,1035.52,880.19,1237.9
Portugal,BEV,2 and 3 wheelers,2027,EV sales,Base Case,1522.8,1165.07,2128.18
Portugal,BEV,2 and 3 wheelers,2027,EV sales,High Growth,2128.18,1522.8,2447.4
Portugal,BEV,2 and 3 wheelers,2027,EV sales,Low Growth,1165.07,990.31,1522.8
Portugal,BEV,2 and 3 wheelers,2028,EV sales,Base Case,1866.78,1306.29,2916.85
Portugal,BEV,2 and 3 wheelers,2028,EV sales,High Growth,2916.85,1866.78,3354.38
Portugal,BEV,2 and 3 wheelers,2028,EV sales,Low Growth,1306.29,1110.34,1866.78
Portugal,BEV,2 and 3 wheelers,2029,EV sales,Base Case,2286.66,1463.46,3994.63
Portugal,BEV,2 and 3 wheelers,2029,EV sales,High Growth,3994.63,2286.66,4593.83
Portugal,BEV,2 and 3 wheelers,2029,EV sales,Low Growth,1463.46,1243.94,2286.66
Portugal,BEV,2 and 3 wheelers,2030,EV sales,Base Case,2805.11,1641.97,5478.72
Portugal,BEV,2 and 3 wheelers,2030,EV sales,High Growth,5478.72,2805.11,6300.53
Portugal,BEV,2 and 3 wheelers,2030,EV sales,Low Growth,1641.97,1395.67,2805.11
Portugal,BEV,Buses,2025,EV sales,Base Case,172.41,157.69,192.76
Portugal,BEV,Buses,2025,EV sales,High Growth,192.76,172.41,221.67
Portugal,BEV,Buses,2025,EV sales,Low Growth,157.69,134.03,172.41
Portugal,BEV,Buses,2026,EV sales,Base Case,217.21,181.7,271.52
Portugal,BEV,Buses,2026,EV sales,High Growth,271.52,217.21,312.24
Portugal,BEV,Buses,2026,EV sales,Low Growth,181.7,154.45,217.21
Portugal,BEV,Buses,2027,EV sales,Base Case,271.09,207.4,378.86
Portugal,BEV,Buses,2027,EV sales,High Growth,378.86,271.09,435.68
Portugal,BEV,Buses,2027,EV sales,Low Growth,207.4,176.29,271.09
Portugal,BEV,Buses,2028,EV sales,Base Case,336.31,235.34,525.49
Portugal,BEV,Buses,2028,EV sales,High Growth,525.49,336.31,604.31
Portugal,BEV,Buses,2028,EV sales,Low Growth,235.34,200.04,336.31
Portugal,BEV,Buses,2029,EV sales,Base Case,415.98,266.23,726.69
Portugal,BEV,Buses,2029,EV sales,High Growth,726.69,415.98,835.69
Portugal,BEV,Buses,2029,EV sales,Low Growth,266.23,226.29,415.98
Portugal,BEV,Buses,2030,EV sales,Base Case,514.26,301.02,1004.41
Portugal,BEV,Buses,2030,EV sales,High Growth,1004.41,514.26,1155.07
Portugal,BEV,Buses,2030,EV sales,Low Growth,301.02,255.87,514.26
Portugal,BEV,Cars,2025,EV sales,Base Case,54991.54,50295.82,61482.41
Portugal,BEV,Cars,2025,EV sales,High Growth,61482.41,54991.54,70704.77
Portugal,BEV,Cars,2025,EV sales,Low Growth,50295.82,42751.45,54991.54
Portugal,BEV,Cars,2026,EV sales,Base Case,71441.06,59761.28,89301.33
Portugal,BEV,Cars,2026,EV sales,High Growth,89301.33,71441.06,102696.53
Portugal,BEV,Cars,2026,EV sales,Low Growth,59761.28,50797.09,71441.06
Portugal,BEV,Cars,2027,EV sales,Base Case,92082.58,70450.72,128689.32
Portugal,BEV,Cars,2027,EV sales,High Growth,128689.32,92082.58,147992.71
Portugal,BEV,Cars,2027,EV sales,Low Growth,70450.72,59883.12,92082.58
Portugal,BEV,Cars,2028,EV sales,Base Case,118131.59,82662.79,184580.62
Portugal,BEV,Cars,2028,EV sales,High Growth,184580.62,118131.59,212267.71
Portugal,BEV,Cars,2028,EV sales,Low Growth,82662.79,70263.37,118131.59
Portugal,BEV,Cars,2029,EV sales,Base Case,151229.04,96786.59,264186.26
Portugal,BEV,Cars,2029,EV sales,High Growth,264186.26,151229.04,303814.2
Portugal,BEV,Cars,2029,EV sales,Low Growth,96786.59,82268.6,151229.04
Portugal,BEV,Cars,2030,EV sales,Base Case,193590.18,113318.1,378105.82
Portugal,BEV,Cars,2030,EV sales,High Growth,378105.82,193590.18,434821.69
Portugal,BEV,Cars,2030,EV sales,Low Growth,113318.1,96320.39,193590.18
Portugal,BEV,Vans,2025,EV sales,Base Case,2988.53,2733.34,3341.28
Portugal,BEV,Vans,2025,EV sales,High Growth,3341.28,2988.53,3842.47
Portugal,BEV,Vans,2025,EV sales,Low Growth,2733.34,2323.34,2988.53
Portugal,BEV,Vans,2026,EV sales,Base Case,3917.11,3276.71,4896.39
Portugal,BEV,Vans,2026,EV sales,High Growth,4896.39,3917.11,5630.85
Portugal,BEV,Vans,2026,EV sales,Low Growth,3276.71,2785.2,3917.11
Portugal,BEV,Vans,2027,EV sales,Base Case,5073.17,3881.39,7089.97
Portugal,BEV,Vans,2027,EV sales,High Growth,7089.97,5073.17,8153.47
Portugal,BEV,Vans,2027,EV sales,Low Growth,3881.39,3299.18,5073.17
Portugal,BEV,Vans,2028,EV sales,Base Case,6517.49,4560.62,10183.57
Portugal,BEV,Vans,2028,EV sales,High Growth,10183.57,6517.49,11711.11
Portugal,BEV,Vans,2028,EV sales,Low Growth,4560.62,3876.53,6517.49
Portugal,BEV,Vans,2029,EV sales,Base Case,8332.1,5332.55,14555.58
Portugal,BEV,Vans,2029,EV sales,High Growth,14555.58,8332.1,16738.92
Portugal,BEV,Vans,2029,EV sales,Low Growth,5332.55,4532.66,8332.1
Portugal,BEV,Vans,2030,EV sales,Base Case,10627.78,6220.98,20757.39
Portugal,BEV,Vans,2030,EV sales,High Growth,20757.39,10627.78,23870.99
Portugal,BEV,Vans,2030,EV sales,Low Growth,6220.98,5287.83,10627.78
Portugal,PHEV,Buses,2025,EV sales,Base Case,1.8,1.26,2.81
Portugal,PHEV,Buses,2025,EV sales,High Growth,2.81,1.8,3.23
Portugal,PHEV,Buses,2025,EV sales,Low Growth,1.26,1.07,1.8
Portugal,PHEV,Buses,2026,EV sales,Base Case,1.8,1.15,3.14
Portugal,PHEV,Buses,2026,EV sales,High Growth,3.14,1.8,3.62
Portugal,PHEV,Buses,2026,EV sales,Low Growth,1.15,0.98,1.8
Portugal,PHEV,Buses,2027,EV sales,Base Case,1.8,1.05,3.52
Portugal,PHEV,Buses,2027,EV sales,High Growth,3.52,1.8,4.04
Portugal,PHEV,Buses,2027,EV sales,Low Growth,1.05,0.9,1.8
Portugal,PHEV,Buses,2028,EV sales,Base Case,1.8,0.96,3.93
Portugal,PHEV,Buses,2028,EV sales,High Growth,3.93,1.8,4.52
Portugal,PHEV,Buses,2028,EV sales,Low Growth,0.96,0.82,1.8
Portugal,PHEV,Buses,2029,EV sales,Base Case,1.8,0.88,4.39
Portugal,PHEV,Buses,2029,EV sales,High Growth,4.39,1.8,5.05
Portugal,PHEV,Buses,2029,EV sales,Low Growth,0.88,0.75,1.8
Portugal,PHEV,Buses,2030,EV sales,Base Case,1.8,0.81,4.91
Portugal,PHEV,Buses,2030,EV sales,High Growth,4.91,1.8,5.65
Portugal,PHEV,Buses,2030,EV sales,Low Growth,0.81,0.69,1.8
Portugal,PHEV,Cars,2025,EV sales,Base Case,36828.87,33684.06,41175.93
Portugal,PHEV,Cars,2025,EV sales,High Growth,41175.93,36828.87,47352.32
Portugal,PHEV,Cars,2025,EV sales,Low Growth,33684.06,28631.45,36828.87
Portugal,PHEV,Cars,2026,EV sales,Base Case,46884.75,39219.64,58605.93
Portugal,PHEV,Cars,2026,EV sales,High Growth,58605.93,46884.75,67396.83
Portugal,PHEV,Cars,2026,EV sales,Low Growth,39219.64,33336.69,46884.75
Portugal,PHEV,Cars,2027,EV sales,Base Case,59557.12,45566.08,83233.61
Portugal,PHEV,Cars,2027,EV sales,High Growth,83233.61,59557.12,95718.65
Portugal,PHEV,Cars,2027,EV sales,Low Growth,45566.08,38731.17,59557.12
Portugal,PHEV,Cars,2028,EV sales,Base Case,75656.33,52940.65,118213.02
Portugal,PHEV,Cars,2028,EV sales,High Growth,118213.02,75656.33,135944.97
Portugal,PHEV,Cars,2028,EV sales,Low Growth,52940.65,44999.55,75656.33
Portugal,PHEV,Cars,2029,EV sales,Base Case,96276.33,61616.85,168187.83
Portugal,PHEV,Cars,2029,EV sales,High Growth,168187.83,96276.33,193416.0
Portugal,PHEV,Cars,2029,EV sales,Low Growth,61616.85,52374.32,96276.33
Portugal,PHEV,Cars,2030,EV sales,Base Case,122893.96,71936.04,240027.27
Portugal,PHEV,Cars,2030,EV sales,High Growth,240027.27,122893.96,276031.36
Portugal,PHEV,Cars,2030,EV sales,Low Growth,71936.04,61145.63,122893.96
Romania,BEV,Cars,2025,EV sales,Base Case,15190.77,13893.63,16983.79
Romania,BEV,Cars,2025,EV sales,High Growth,16983.79,15190.77,19531.36
Romania,BEV,Cars,2025,EV sales,Low Growth,13893.63,11809.58,15190.77
Romania,BEV,Cars,2026,EV sales,Base Case,19234.12,16089.57,24042.65
Romania,BEV,Cars,2026,EV sales,High Growth,24042.65,19234.12,27649.05
Romania,BEV,Cars,2026,EV sales,Low Growth,16089.57,13676.13,19234.12
Romania,BEV,Cars,2027,EV sales,Base Case,24239.77,18545.41,33876.11
Romania,BEV,Cars,2027,EV sales,High Growth,33876.11,24239.77,38957.53
Romania,BEV,Cars,2027,EV sales,Low Growth,18545.41,15763.6,24239.77
Romania,BEV,Cars,2028,EV sales,Base Case,30491.35,21336.37,47642.73
Romania,BEV,Cars,2028,EV sales,High Growth,47642.73,30491.35,54789.14
Romania,BEV,Cars,2028,EV sales,Low Growth,21336.37,18135.92,30491.35
Romania,BEV,Cars,2029,EV sales,Base Case,38371.72,24557.9,67032.64
Romania,BEV,Cars,2029,EV sales,High Growth,67032.64,38371.72,77087.54
Romania,BEV,Cars,2029,EV sales,Low Growth,24557.9,20874.22,38371.72
Romania,BEV,Cars,2030,EV sales,Base Case,48397.8,28329.67,94526.95
Romania,BEV,Cars,2030,EV sales,High Growth,94526.95,48397.8,108705.99
Romania,BEV,Cars,2030,EV sales,Low Growth,28329.67,24080.22,48397.8
Russia,BEV,2 and 3 wheelers,2025,EV sales,Base Case,1895.23,1326.19,2961.29
Russia,BEV,2 and 3 wheelers,2025,EV sales,High Growth,2961.29,1895.23,3405.48
Russia,BEV,2 and 3 wheelers,2025,EV sales,Low Growth,1326.19,1127.26,1895.23
Russia,BEV,2 and 3 wheelers,2026,EV sales,Base Case,2742.37,1755.12,4790.72
Russia,BEV,2 and 3 wheelers,2026,EV sales,High Growth,4790.72,2742.37,5509.33
Russia,BEV,2 and 3 wheelers,2026,EV sales,Low Growth,1755.12,1491.85,2742.37
Russia,BEV,2 and 3 wheelers,2027,EV sales,Base Case,3739.25,2188.77,7303.22
Russia,BEV,2 and 3 wheelers,2027,EV sales,High Growth,7303.22,3739.25,8398.71
Russia,BEV,2 and 3 wheelers,2027,EV sales,Low Growth,2188.77,1860.46,3739.25
Russia,BEV,2 and 3 wheelers,2028,EV sales,Base Case,4885.87,2615.74,10669.09
Russia,BEV,2 and 3 wheelers,2028,EV sales,High Growth,10669.09,4885.87,12269.45
Russia,BEV,2 and 3 wheelers,2028,EV sales,Low Growth,2615.74,2223.38,4885.87
Russia,BEV,2 and 3 wheelers,2029,EV sales,Base Case,6182.24,3027.15,15093.36
Russia,BEV,2 and 3 wheelers,2029,EV sales,High Growth,15093.36,6182.24,17357.37
Russia,BEV,2 and 3 wheelers,2029,EV sales,Low Growth,3027.15,2573.08,6182.24
Russia,BEV,2 and 3 wheelers,2030,EV sales,Base Case,7628.35,3416.29,20822.16
Russia,BEV,2 and 3 wheelers,2030,EV sales,High Growth,20822.16,7628.35,23945.48
Russia,BEV,2 and 3 wheelers,2030,EV sales,Low Growth,3416.29,2903.85,7628.35
Russia,BEV,Buses,2025,EV sales,Base Case,4.5,3.76,5.62
Russia,BEV,Buses,2025,EV sales,High Growth,5.62,4.5,6.47
Russia,BEV,Buses,2025,EV sales,Low Growth,3.76,3.2,4.5
Russia,BEV,Buses,2026,EV sales,Base Case,4.5,3.44,6.29
Russia,BEV,Buses,2026,EV sales,High Growth,6.29,4.5,7.23
Russia,BEV,Buses,2026,EV sales,Low Growth,3.44,2.93,4.5
Russia,BEV,Buses,2027,EV sales,Base Case,4.5,3.15,7.03
Russia,BEV,Buses,2027,EV sales,High Growth,7.03,4.5,8.09
Russia,BEV,Buses,2027,EV sales,Low Growth,3.15,2.68,4.5
Russia,BEV,Buses,2028,EV sales,Base Case,4.5,2.88,7.86
Russia,BEV,Buses,2028,EV sales,High Growth,7.86,4.5,9.04
Russia,BEV,Buses,2028,EV sales,Low Growth,2.88,2.45,4.5
Russia,BEV,Buses,2029,EV sales,Base Case,4.5,2.63,8.79
Russia,BEV,Buses,2029,EV sales,High Growth,8.79,4.5,10.11
Russia,BEV,Buses,2029,EV sales,Low Growth,2.63,2.24,4.5
Russia,BEV,Buses,2030,EV sales,Base Case,4.5,2.41,9.83
Russia,BEV,Buses,2030,EV sales,High Growth,9.83,4.5,11.3
Russia,BEV,Buses,2030,EV sales,Low Growth,2.41,2.05,4.5
Russia,BEV,Cars,2025,EV sales,Base Case,5500.47,5030.79,6149.72
Russia,BEV,Cars,2025,EV sales,High Growth,6149.72,5500.47,7072.18
Russia,BEV,Cars,2025,EV sales,Low Growth,5030.79,4276.17,5500.47
Russia,BEV,Cars,2026,EV sales,Base Case,7251.67,6066.11,9064.59
Russia,BEV,Cars,2026,EV sales,High Growth,9064.59,7251.67,10424.28
Russia,BEV,Cars,2026,EV sales,Low Growth,6066.11,5156.19,7251.67
Russia,BEV,Cars,2027,EV sales,Base Case,9464.1,7240.81,13226.48
Russia,BEV,Cars,2027,EV sales,High Growth,13226.48,9464.1,15210.46
Russia,BEV,Cars,2027,EV sales,Low Growth,7240.81,6154.69,9464.1
Russia,BEV,Cars,2028,EV sales,Base Case,12270.88,8586.57,19173.25
Russia,BEV,Cars,2028,EV sales,High Growth,19173.25,12270.88,22049.24
Russia,BEV,Cars,2028,EV sales,Low Growth,8586.57,7298.58,12270.88
Russia,BEV,Cars,2029,EV sales,Base Case,15851.73,10145.11,27691.84
Russia,BEV,Cars,2029,EV sales,High Growth,27691.84,15851.73,31845.61
Russia,BEV,Cars,2029,EV sales,Low Growth,10145.11,8623.34,15851.73
Russia,BEV,Cars,2030,EV sales,Base Case,20449.28,11970.0,39940.01
Russia,BEV,Cars,2030,EV sales,High Growth,39940.01,20449.28,45931.01
Russia,BEV,Cars,2030,EV sales,Low Growth,11970.0,10174.5,20449.28
Russia,PHEV,Cars,2025,EV sales,Base Case,30772.89,28145.2,34405.14
Russia,PHEV,Cars,2025,EV sales,High Growth,34405.14,30772.89,39565.91
Russia,PHEV,Cars,2025,EV sales,Low Growth,28145.2,23923.42,30772.89
Russia,PHEV,Cars,2026,EV sales,Base Case,41415.58,34644.62,51769.48
Russia,PHEV,Cars,2026,EV sales,High Growth,51769.48,41415.58,59534.9
Russia,PHEV,Cars,2026,EV sales,Low Growth,34644.62,29447.93,41415.58
Russia,PHEV,Cars,2027,EV sales,Base Case,54913.39,42013.25,76743.8
Russia,PHEV,Cars,2027,EV sales,High Growth,76743.8,54913.39,88255.37
Russia,PHEV,Cars,2027,EV sales,Low Growth,42013.25,35711.26,54913.39
Russia,PHEV,Cars,2028,EV sales,Base Case,72076.67,50435.77,112619.79
Russia,PHEV,Cars,2028,EV sales,High Growth,112619.79,72076.67,129512.76
Russia,PHEV,Cars,2028,EV sales,Low Growth,50435.77,42870.41,72076.67
Russia,PHEV,Cars,2029,EV sales,Base Case,93999.35,60159.59,164210.11
Russia,PHEV,Cars,2029,EV sales,High Growth,164210.11,93999.35,188841.63
Russia,PHEV,Cars,2029,EV sales,Low Growth,60159.59,51135.65,93999.35
Russia,PHEV,Cars,2030,EV sales,Base Case,122158.29,71505.41,238590.42
Russia,PHEV,Cars,2030,EV sales,High Growth,238590.42,122158.29,274378.98
Russia,PHEV,Cars,2030,EV sales,Low Growth,71505.41,60779.6,122158.29
Seychelles,BEV,Cars,2025,EV sales,Base Case,148.62,124.32,185.77
Seychelles,BEV,Cars,2025,EV sales,High Growth,185.77,148.62,213.64
Seychelles,BEV,Cars,2025,EV sales,Low Growth,124.32,105.67,148.62
Seychelles,BEV,Cars,2026,EV sales,Base Case,190.51,145.76,266.25
Seychelles,BEV,Cars,2026,EV sales,High Growth,266.25,190.51,306.19
Seychelles,BEV,Cars,2026,EV sales,Low Growth,145.76,123.89,190.51
Seychelles,BEV,Cars,2027,EV sales,Base Case,244.45,171.05,381.95
Seychelles,BEV,Cars,2027,EV sales,High Growth,381.95,244.45,439.25
Seychelles,BEV,Cars,2027,EV sales,Low Growth,171.05,145.4,244.45
Seychelles,BEV,Cars,2028,EV sales,Base Case,314.33,201.17,549.11
Seychelles,BEV,Cars,2028,EV sales,High Growth,549.11,314.33,631.48
Seychelles,BEV,Cars,2028,EV sales,Low Growth,201.17,171.0,314.33
Seychelles,BEV,Cars,2029,EV sales,Base Case,405.43,237.32,791.86
Seychelles,BEV,Cars,2029,EV sales,High Growth,791.86,405.43,910.64
Seychelles,BEV,Cars,2029,EV sales,Low Growth,237.32,201.72,405.43
Seychelles,BEV,Cars,2030,EV sales,Base Case,524.88,281.0,1146.15
Seychelles,BEV,Cars,2030,EV sales,High Growth,1146.15,524.88,1318.07
Seychelles,BEV,Cars,2030,EV sales,Low Growth,281.0,238.85,524.88
Slovakia,BEV,Cars,2025,EV sales,Base Case,2992.45,2736.93,3345.67
Slovakia,BEV,Cars,2025,EV sales,High Growth,3345.67,2992.45,3847.52
Slovakia,BEV,Cars,2025,EV sales,Low Growth,2736.93,2326.39,2992.45
Slovakia,BEV,Cars,2026,EV sales,Base Case,3829.7,3203.59,4787.13
Slovakia,BEV,Cars,2026,EV sales,High Growth,4787.13,3829.7,5505.2
Slovakia,BEV,Cars,2026,EV sales,Low Growth,3203.59,2723.05,3829.7
Slovakia,BEV,Cars,2027,EV sales,Base Case,4879.47,3733.19,6819.26
Slovakia,BEV,Cars,2027,EV sales,High Growth,6819.26,4879.47,7842.15
Slovakia,BEV,Cars,2027,EV sales,Low Growth,3733.19,3173.21,4879.47
Slovakia,BEV,Cars,2028,EV sales,Base Case,6205.42,4342.25,9695.97
Slovakia,BEV,Cars,2028,EV sales,High Growth,9695.97,6205.42,11150.36
Slovakia,BEV,Cars,2028,EV sales,Low Growth,4342.25,3690.91,6205.42
Slovakia,BEV,Cars,2029,EV sales,Base Case,7893.51,5051.85,13789.4
Slovakia,BEV,Cars,2029,EV sales,High Growth,13789.4,7893.51,15857.81
Slovakia,BEV,Cars,2029,EV sales,Low Growth,5051.85,4294.07,7893.51
Slovakia,BEV,Cars,2030,EV sales,Base Case,10059.78,5888.5,19648.02
Slovakia,BEV,Cars,2030,EV sales,High Growth,19648.02,10059.78,22595.22
Slovakia,BEV,Cars,2030,EV sales,Low Growth,5888.5,5005.22,10059.78
Slovakia,PHEV,Cars,2025,EV sales,Base Case,3150.66,2881.63,3522.55
Slovakia,PHEV,Cars,2025,EV sales,High Growth,3522.55,3150.66,4050.93
Slovakia,PHEV,Cars,2025,EV sales,Low Growth,2881.63,2449.39,3150.66
Slovakia,PHEV,Cars,2026,EV sales,Base Case,3982.67,3331.55,4978.34
Slovakia,PHEV,Cars,2026,EV sales,High Growth,4978.34,3982.67,5725.09
Slovakia,PHEV,Cars,2026,EV sales,Low Growth,3331.55,2831.82,3982.67
Slovakia,PHEV,Cars,2027,EV sales,Base Case,5016.11,3837.74,7010.23
Slovakia,PHEV,Cars,2027,EV sales,High Growth,7010.23,5016.11,8061.77
Slovakia,PHEV,Cars,2027,EV sales,Low Growth,3837.74,3262.08,5016.11
Slovakia,PHEV,Cars,2028,EV sales,Base Case,6314.66,4418.7,9866.66
Slovakia,PHEV,Cars,2028,EV sales,High Growth,9866.66,6314.66,11346.66
Slovakia,PHEV,Cars,2028,EV sales,Low Growth,4418.7,3755.89,6314.66
Slovakia,PHEV,Cars,2029,EV sales,Base Case,7964.27,5097.13,13913.01
Slovakia,PHEV,Cars,2029,EV sales,High Growth,13913.01,7964.27,15999.96
Slovakia,PHEV,Cars,2029,EV sales,Low Growth,5097.13,4332.56,7964.27
Slovakia,PHEV,Cars,2030,EV sales,Base Case,10080.98,5900.9,19689.41
Slovakia,PHEV,Cars,2030,EV sales,High Growth,19689.41,10080.98,22642.82
Slovakia,PHEV,Cars,2030,EV sales,Low Growth,5900.9,5015.77,10080.98
Slovenia,BEV,Cars,2025,EV sales,Base Case,4463.85,4082.68,4990.74
Slovenia,BEV,Cars,2025,EV sales,High Growth,4990.74,4463.85,5739.35
Slovenia,BEV,Cars,2025,EV sales,Low Growth,4082.68,3470.28,4463.85
Slovenia,BEV,Cars,2026,EV sales,Base Case,5666.48,4740.08,7083.1
Slovenia,BEV,Cars,2026,EV sales,High Growth,7083.1,5666.48,8145.57
Slovenia,BEV,Cars,2026,EV sales,Low Growth,4740.08,4029.07,5666.48
Slovenia,BEV,Cars,2027,EV sales,Base Case,7167.05,5483.38,10016.26
Slovenia,BEV,Cars,2027,EV sales,High Growth,10016.26,7167.05,11518.7
Slovenia,BEV,Cars,2027,EV sales,Low Growth,5483.38,4660.87,7167.05
Slovenia,BEV,Cars,2028,EV sales,Base Case,9055.27,6336.44,14148.86
Slovenia,BEV,Cars,2028,EV sales,High Growth,14148.86,9055.27,16271.18
Slovenia,BEV,Cars,2028,EV sales,Low Growth,6336.44,5385.97,9055.27
Slovenia,BEV,Cars,2029,EV sales,Base Case,11452.25,7329.44,20006.26
Slovenia,BEV,Cars,2029,EV sales,High Growth,20006.26,11452.25,23007.2
Slovenia,BEV,Cars,2029,EV sales,Low Growth,7329.44,6230.02,11452.25
Slovenia,BEV,Cars,2030,EV sales,Base Case,14521.51,8500.17,28362.32
Slovenia,BEV,Cars,2030,EV sales,High Growth,28362.32,14521.51,32616.67
Slovenia,BEV,Cars,2030,EV sales,Low Growth,8500.17,7225.15,14521.51
Slovenia,PHEV,Cars,2025,EV sales,Base Case,1662.15,1520.21,1858.33
Slovenia,PHEV,Cars,2025,EV sales,High Growth,1858.33,1662.15,2137.08
Slovenia,PHEV,Cars,2025,EV sales,Low Growth,1520.21,1292.18,1662.15
Slovenia,PHEV,Cars,2026,EV sales,Base Case,2182.27,1825.49,2727.83
Slovenia,PHEV,Cars,2026,EV sales,High Growth,2727.83,2182.27,3137.01
Slovenia,PHEV,Cars,2026,EV sales,Low Growth,1825.49,1551.67,2182.27
Slovenia,PHEV,Cars,2027,EV sales,Base Case,2831.1,2166.02,3956.58
Slovenia,PHEV,Cars,2027,EV sales,High Growth,3956.58,2831.1,4550.07
Slovenia,PHEV,Cars,2027,EV sales,Low Growth,2166.02,1841.12,2831.1
Slovenia,PHEV,Cars,2028,EV sales,Base Case,3643.37,2549.45,5692.76
Slovenia,PHEV,Cars,2028,EV sales,High Growth,5692.76,3643.37,6546.68
Slovenia,PHEV,Cars,2028,EV sales,Low Growth,2549.45,2167.04,3643.37
Slovenia,PHEV,Cars,2029,EV sales,Base Case,4665.96,2986.22,8151.1
Slovenia,PHEV,Cars,2029,EV sales,High Growth,8151.1,4665.96,9373.77
Slovenia,PHEV,Cars,2029,EV sales,Low Growth,2986.22,2538.28,4665.96
Slovenia,PHEV,Cars,2030,EV sales,Base Case,5962.17,3489.96,11644.87
Slovenia,PHEV,Cars,2030,EV sales,High Growth,11644.87,5962.17,13391.6
Slovenia,PHEV,Cars,2030,EV sales,Low Growth,3489.96,2966.47,5962.17
South Africa,BEV,2 and 3 wheelers,2025,EV sales,Base Case,1728.33,1580.75,1932.33
South Africa,BEV,2 and 3 wheelers,2025,EV sales,High Growth,1932.33,1728.33,2222.18
South Africa,BEV,2 and 3 wheelers,2025,EV sales,Low Growth,1580.75,1343.63,1728.33
South Africa,BEV,2 and 3 wheelers,2026,EV sales,Base Case,2301.38,1925.13,2876.73
South Africa,BEV,2 and 3 wheelers,2026,EV sales,High Growth,2876.73,2301.38,3308.24
South Africa,BEV,2 and 3 wheelers,2026,EV sales,Low Growth,1925.13,1636.36,2301.38
South Africa,BEV,2 and 3 wheelers,2027,EV sales,Base Case,3021.49,2311.69,4222.66
South Africa,BEV,2 and 3 wheelers,2027,EV sales,High Growth,4222.66,3021.49,4856.06
South Africa,BEV,2 and 3 wheelers,2027,EV sales,Low Growth,2311.69,1964.94,3021.49
South Africa,BEV,2 and 3 wheelers,2028,EV sales,Base Case,3929.17,2749.44,6139.33
South Africa,BEV,2 and 3 wheelers,2028,EV sales,High Growth,6139.33,3929.17,7060.23
South Africa,BEV,2 and 3 wheelers,2028,EV sales,Low Growth,2749.44,2337.03,3929.17
South Africa,BEV,2 and 3 wheelers,2029,EV sales,Base Case,5079.11,3250.63,8872.84
South Africa,BEV,2 and 3 wheelers,2029,EV sales,High Growth,8872.84,5079.11,10203.77
South Africa,BEV,2 and 3 wheelers,2029,EV sales,Low Growth,3250.63,2763.04,5079.11
South Africa,BEV,2 and 3 wheelers,2030,EV sales,Base Case,6545.16,3831.21,12783.52
South Africa,BEV,2 and 3 wheelers,2030,EV sales,High Growth,12783.52,6545.16,14701.05
South Africa,BEV,2 and 3 wheelers,2030,EV sales,Low Growth,3831.21,3256.53,6545.16
South Africa,BEV,Buses,2025,EV sales,Base Case,19.34,17.69,21.62
South Africa,BEV,Buses,2025,EV sales,High Growth,21.62,19.34,24.87
South Africa,BEV,Buses,2025,EV sales,Low Growth,17.69,15.04,19.34
South Africa,BEV,Buses,2026,EV sales,Base Case,23.34,19.53,29.18
South Africa,BEV,Buses,2026,EV sales,High Growth,29.18,23.34,33.56
South Africa,BEV,Buses,2026,EV sales,Low Growth,19.53,16.6,23.34
South Africa,BEV,Buses,2027,EV sales,Base Case,28.01,21.43,39.15
South Africa,BEV,Buses,2027,EV sales,High Growth,39.15,28.01,45.02
South Africa,BEV,Buses,2027,EV sales,Low Growth,21.43,18.22,28.01
South Africa,BEV,Buses,2028,EV sales,Base Case,33.36,23.35,52.13
South Africa,BEV,Buses,2028,EV sales,High Growth,52.13,33.36,59.95
South Africa,BEV,Buses,2028,EV sales,Low Growth,23.35,19.84,33.36
South Africa,BEV,Buses,2029,EV sales,Base Case,39.41,25.22,68.85
South Africa,BEV,Buses,2029,EV sales,High Growth,68.85,39.41,79.17
South Africa,BEV,Buses,2029,EV sales,Low Growth,25.22,21.44,39.41
South Africa,BEV,Buses,2030,EV sales,Base Case,46.17,27.02,90.17
South Africa,BEV,Buses,2030,EV sales,High Growth,90.17,46.17,103.7
South Africa,BEV,Buses,2030,EV sales,Low Growth,27.02,22.97,46.17
South Africa,BEV,Cars,2025,EV sales,Base Case,1513.95,1384.68,1692.65
South Africa,BEV,Cars,2025,EV sales,High Growth,1692.65,1513.95,1946.55
South Africa,BEV,Cars,2025,EV sales,Low Growth,1384.68,1176.97,1513.95
South Africa,BEV,Cars,2026,EV sales,Base Case,1945.99,1627.85,2432.49
South Africa,BEV,Cars,2026,EV sales,High Growth,2432.49,1945.99,2797.37
South Africa,BEV,Cars,2026,EV sales,Low Growth,1627.85,1383.67,1945.99
South Africa,BEV,Cars,2027,EV sales,Base Case,2469.43,1889.31,3451.13
South Africa,BEV,Cars,2027,EV sales,High Growth,3451.13,2469.43,3968.8
South Africa,BEV,Cars,2027,EV sales,Low Growth,1889.31,1605.92,2469.43
South Africa,BEV,Cars,2028,EV sales,Base Case,3103.45,2171.64,4849.14
South Africa,BEV,Cars,2028,EV sales,High Growth,4849.14,3103.45,5576.51
South Africa,BEV,Cars,2028,EV sales,Low Growth,2171.64,1845.9,3103.45
South Africa,BEV,Cars,2029,EV sales,Base Case,3872.87,2478.64,6765.63
South Africa,BEV,Cars,2029,EV sales,High Growth,6765.63,3872.87,7780.47
South Africa,BEV,Cars,2029,EV sales,Low Growth,2478.64,2106.84,3872.87
South Africa,BEV,Cars,2030,EV sales,Base Case,4809.72,2815.37,9393.99
South Africa,BEV,Cars,2030,EV sales,High Growth,9393.99,4809.72,10803.08
South Africa,BEV,Cars,2030,EV sales,Low Growth,2815.37,2393.07,4809.72
South Africa,BEV,Vans,2025,EV sales,Base Case,244.55,223.67,273.42
South Africa,BEV,Vans,2025,EV sales,High Growth,273.42,244.55,314.43
South Africa,BEV,Vans,2025,EV sales,Low Growth,223.67,190.12,244.55
South Africa,BEV,Vans,2026,EV sales,Base Case,281.17,235.2,351.46
South Africa,BEV,Vans,2026,EV sales,High Growth,351.46,281.17,404.18
South Africa,BEV,Vans,2026,EV sales,Low Growth,235.2,199.92,281.17
South Africa,BEV,Vans,2027,EV sales,Base Case,322.61,246.82,450.86
South Africa,BEV,Vans,2027,EV sales,High Growth,450.86,322.61,518.49
South Africa,BEV,Vans,2027,EV sales,Low Growth,246.82,209.8,322.61
South Africa,BEV,Vans,2028,EV sales,Base Case,369.0,258.21,576.56
South Africa,BEV,Vans,2028,EV sales,High Growth,576.56,369.0,663.05
South Africa,BEV,Vans,2028,EV sales,Low Growth,258.21,219.48,369.0
South Africa,BEV,Vans,2029,EV sales,Base Case,420.48,269.11,734.54
South Africa,BEV,Vans,2029,EV sales,High Growth,734.54,420.48,844.73
South Africa,BEV,Vans,2029,EV sales,Low Growth,269.11,228.74,420.48
South Africa,BEV,Vans,2030,EV sales,Base Case,477.19,279.32,932.01
South Africa,BEV,Vans,2030,EV sales,High Growth,932.01,477.19,1071.81
South Africa,BEV,Vans,2030,EV sales,Low Growth,279.32,237.42,477.19
South Africa,PHEV,Cars,2025,EV sales,Base Case,823.94,753.59,921.2
South Africa,PHEV,Cars,2025,EV sales,High Growth,921.2,823.94,1059.38
South Africa,PHEV,Cars,2025,EV sales,Low Growth,753.59,640.55,823.94
South Africa,PHEV,Cars,2026,EV sales,Base Case,1038.51,868.72,1298.13
South Africa,PHEV,Cars,2026,EV sales,High Growth,1298.13,1038.51,1492.85
South Africa,PHEV,Cars,2026,EV sales,Low Growth,868.72,738.41,1038.51
South Africa,PHEV,Cars,2027,EV sales,Base Case,1291.79,988.32,1805.33
South Africa,PHEV,Cars,2027,EV sales,High Growth,1805.33,1291.79,2076.13
South Africa,PHEV,Cars,2027,EV sales,Low Growth,988.32,840.07,1291.79
South Africa,PHEV,Cars,2028,EV sales,Base Case,1588.87,1111.82,2482.61
South Africa,PHEV,Cars,2028,EV sales,High Growth,2482.61,1588.87,2855.01
South Africa,PHEV,Cars,2028,EV sales,Low Growth,1111.82,945.04,1588.87
South Africa,PHEV,Cars,2029,EV sales,Base Case,1936.0,1239.04,3382.05
South Africa,PHEV,Cars,2029,EV sales,High Growth,3382.05,1936.0,3889.36
South Africa,PHEV,Cars,2029,EV sales,Low Growth,1239.04,1053.18,1936.0
South Africa,PHEV,Cars,2030,EV sales,Base Case,2340.79,1370.18,4571.85
South Africa,PHEV,Cars,2030,EV sales,High Growth,4571.85,2340.79,5257.63
South Africa,PHEV,Cars,2030,EV sales,Low Growth,1370.18,1164.65,2340.79
South Korea,BEV,2 and 3 wheelers,2025,EV sales,Base Case,9186.17,8401.76,10270.45
South Korea,BEV,2 and 3 wheelers,2025,EV sales,High Growth,10270.45,9186.17,11811.01
South Korea,BEV,2 and 3 wheelers,2025,EV sales,Low Growth,8401.76,7141.5,9186.17
South Korea,BEV,2 and 3 wheelers,2026,EV sales,Base Case,9387.94,7853.12,11734.92
South Korea,BEV,2 and 3 wheelers,2026,EV sales,High Growth,11734.92,9387.94,13495.16
South Korea,BEV,2 and 3 wheelers,2026,EV sales,Low Growth,7853.12,6675.15,9387.94
South Korea,BEV,2 and 3 wheelers,2027,EV sales,Base Case,9713.36,7431.52,13574.84
South Korea,BEV,2 and 3 wheelers,2027,EV sales,High Growth,13574.84,9713.36,15611.06
South Korea,BEV,2 and 3 wheelers,2027,EV sales,Low Growth,7431.52,6316.79,9713.36
South Korea,BEV,2 and 3 wheelers,2028,EV sales,Base Case,11634.59,8141.32,18179.04
South Korea,BEV,2 and 3 wheelers,2028,EV sales,High Growth,18179.04,11634.59,20905.9
South Korea,BEV,2 and 3 wheelers,2028,EV sales,Low Growth,8141.32,6920.12,11634.59
South Korea,BEV,2 and 3 wheelers,2029,EV sales,Base Case,15545.89,9949.37,27157.54
South Korea,BEV,2 and 3 wheelers,2029,EV sales,High Growth,27157.54,15545.89,31231.18
South Korea,BEV,2 and 3 wheelers,2029,EV sales,Low Growth,9949.37,8456.96,15545.89
South Korea,BEV,2 and 3 wheelers,2030,EV sales,Base Case,20772.08,12158.95,40570.47
South Korea,BEV,2 and 3 wheelers,2030,EV sales,High Growth,40570.47,20772.08,46656.04
South Korea,BEV,2 and 3 wheelers,2030,EV sales,Low Growth,12158.95,10335.1,20772.08
South Korea,BEV,Buses,2025,EV sales,Base Case,3824.3,3497.75,4275.7
South Korea,BEV,Buses,2025,EV sales,High Growth,4275.7,3824.3,4917.06
South Korea,BEV,Buses,2025,EV sales,Low Growth,3497.75,2973.08,3824.3
South Korea,BEV,Buses,2026,EV sales,Base Case,4892.18,4092.36,6115.22
South Korea,BEV,Buses,2026,EV sales,High Growth,6115.22,4892.18,7032.5
South Korea,BEV,Buses,2026,EV sales,Low Growth,4092.36,3478.51,4892.18
South Korea,BEV,Buses,2027,EV sales,Base Case,6229.66,4766.2,8706.21
South Korea,BEV,Buses,2027,EV sales,High Growth,8706.21,6229.66,10012.14
South Korea,BEV,Buses,2027,EV sales,Low Growth,4766.2,4051.27,6229.66
South Korea,BEV,Buses,2028,EV sales,Base Case,7917.77,5540.48,12371.52
South Korea,BEV,Buses,2028,EV sales,High Growth,12371.52,7917.77,14227.25
South Korea,BEV,Buses,2028,EV sales,Low Growth,5540.48,4709.41,7917.77
South Korea,BEV,Buses,2029,EV sales,Base Case,10065.93,6442.19,17584.45
South Korea,BEV,Buses,2029,EV sales,High Growth,17584.45,10065.93,20222.12
South Korea,BEV,Buses,2029,EV sales,Low Growth,6442.19,5475.87,10065.93
South Korea,BEV,Buses,2030,EV sales,Base Case,12821.8,7505.25,25042.58
South Korea,BEV,Buses,2030,EV sales,High Growth,25042.58,12821.8,28798.97
South Korea,BEV,Buses,2030,EV sales,Low Growth,7505.25,6379.46,12821.8
South Korea,BEV,Cars,2025,EV sales,Base Case,160277.15,146591.1,179195.3
South Korea,BEV,Cars,2025,EV sales,High Growth,179195.3,160277.15,206074.6
South Korea,BEV,Cars,2025,EV sales,Low Growth,146591.1,124602.44,160277.15
South Korea,BEV,Cars,2026,EV sales,Base Case,201547.35,168596.71,251934.19
South Korea,BEV,Cars,2026,EV sales,High Growth,251934.19,201547.35,289724.32
South Korea,BEV,Cars,2026,EV sales,Low Growth,168596.71,143307.2,201547.35
South Korea,BEV,Cars,2027,EV sales,Base Case,253668.41,194077.14,354512.39
South Korea,BEV,Cars,2027,EV sales,High Growth,354512.39,253668.41,407689.24
South Korea,BEV,Cars,2027,EV sales,Low Growth,194077.14,164965.57,253668.41
South Korea,BEV,Cars,2028,EV sales,Base Case,320113.21,223999.77,500176.9
South Korea,BEV,Cars,2028,EV sales,High Growth,500176.9,320113.21,575203.43
South Korea,BEV,Cars,2028,EV sales,Low Growth,223999.77,190399.81,320113.21
South Korea,BEV,Cars,2029,EV sales,Base Case,405570.13,259564.88,708501.86
South Korea,BEV,Cars,2029,EV sales,High Growth,708501.86,405570.13,814777.14
South Korea,BEV,Cars,2029,EV sales,Low Growth,259564.88,220630.15,405570.13
South Korea,BEV,Cars,2030,EV sales,Base Case,516368.48,302256.53,1008532.19
South Korea,BEV,Cars,2030,EV sales,High Growth,1008532.19,516368.48,1159812.01
South Korea,BEV,Cars,2030,EV sales,Low Growth,302256.53,256918.05,516368.48
South Korea,BEV,Vans,2025,EV sales,Base Case,36029.39,32952.84,40282.08
South Korea,BEV,Vans,2025,EV sales,High Growth,40282.08,36029.39,46324.39
South Korea,BEV,Vans,2025,EV sales,Low Growth,32952.84,28009.92,36029.39
South Korea,BEV,Vans,2026,EV sales,Base Case,44213.98,36985.51,55267.48
South Korea,BEV,Vans,2026,EV sales,High Growth,55267.48,44213.98,63557.6
South Korea,BEV,Vans,2026,EV sales,Low Growth,36985.51,31437.68,44213.98
South Korea,BEV,Vans,2027,EV sales,Base Case,54288.4,41535.08,75870.35
South Korea,BEV,Vans,2027,EV sales,High Growth,75870.35,54288.4,87250.9
South Korea,BEV,Vans,2027,EV sales,Low Growth,41535.08,35304.82,54288.4
South Korea,BEV,Vans,2028,EV sales,Base Case,66860.4,46785.68,104469.38
South Korea,BEV,Vans,2028,EV sales,High Growth,104469.38,66860.4,120139.78
South Korea,BEV,Vans,2028,EV sales,Low Growth,46785.68,39767.83,66860.4
South Korea,BEV,Vans,2029,EV sales,Base Case,82750.45,52960.29,144559.08
South Korea,BEV,Vans,2029,EV sales,High Growth,144559.08,82750.45,166242.95
South Korea,BEV,Vans,2029,EV sales,Low Growth,52960.29,45016.24,82750.45
South Korea,BEV,Vans,2030,EV sales,Base Case,103066.17,60329.83,201301.12
South Korea,BEV,Vans,2030,EV sales,High Growth,201301.12,103066.17,231496.29
South Korea,BEV,Vans,2030,EV sales,Low Growth,60329.83,51280.36,103066.17
South Korea,FCEV,Buses,2025,EV sales,Base Case,493.47,451.34,551.72
South Korea,FCEV,Buses,2025,EV sales,High Growth,551.72,493.47,634.48
South Korea,FCEV,Buses,2025,EV sales,Low Growth,451.34,383.64,493.47
South Korea,FCEV,Buses,2026,EV sales,Base Case,643.56,538.34,804.45
South Korea,FCEV,Buses,2026,EV sales,High Growth,804.45,643.56,925.11
South Korea,FCEV,Buses,2026,EV sales,Low Growth,538.34,457.59,643.56
South Korea,FCEV,Buses,2027,EV sales,Base Case,828.77,634.08,1158.25
South Korea,FCEV,Buses,2027,EV sales,High Growth,1158.25,828.77,1331.98
South Korea,FCEV,Buses,2027,EV sales,Low Growth,634.08,538.97,828.77
South Korea,FCEV,Buses,2028,EV sales,Base Case,1059.26,741.22,1655.09
South Korea,FCEV,Buses,2028,EV sales,High Growth,1655.09,1059.26,1903.35
South Korea,FCEV,Buses,2028,EV sales,Low Growth,741.22,630.03,1059.26
South Korea,FCEV,Buses,2029,EV sales,Base Case,1348.68,863.15,2356.04
South Korea,FCEV,Buses,2029,EV sales,High Growth,2356.04,1348.68,2709.44
South Korea,FCEV,Buses,2029,EV sales,Low Growth,863.15,733.68,1348.68
South Korea,FCEV,Buses,2030,EV sales,Base Case,1715.49,1004.17,3350.58
South Korea,FCEV,Buses,2030,EV sales,High Growth,3350.58,1715.49,3853.16
South Korea,FCEV,Buses,2030,EV sales,Low Growth,1004.17,853.54,1715.49
South Korea,FCEV,Cars,2025,EV sales,Base Case,4076.99,3728.86,4558.21
South Korea,FCEV,Cars,2025,EV sales,High Growth,4558.21,4076.99,5241.94
South Korea,FCEV,Cars,2025,EV sales,Low Growth,3728.86,3169.53,4076.99
South Korea,FCEV,Cars,2026,EV sales,Base Case,4172.96,3490.73,5216.2
South Korea,FCEV,Cars,2026,EV sales,High Growth,5216.2,4172.96,5998.62
South Korea,FCEV,Cars,2026,EV sales,Low Growth,3490.73,2967.12,4172.96
South Korea,FCEV,Cars,2027,EV sales,Base Case,4342.78,3322.58,6069.21
South Korea,FCEV,Cars,2027,EV sales,High Growth,6069.21,4342.78,6979.59
South Korea,FCEV,Cars,2027,EV sales,Low Growth,3322.58,2824.19,4342.78
South Korea,FCEV,Cars,2028,EV sales,Base Case,4667.48,3266.08,7292.94
South Korea,FCEV,Cars,2028,EV sales,High Growth,7292.94,4667.48,8386.88
South Korea,FCEV,Cars,2028,EV sales,Low Growth,3266.08,2776.17,4667.48
South Korea,FCEV,Cars,2029,EV sales,Base Case,6277.65,4017.69,10966.6
South Korea,FCEV,Cars,2029,EV sales,High Growth,10966.6,6277.65,12611.59
South Korea,FCEV,Cars,2029,EV sales,Low Growth,4017.69,3415.04,6277.65
South Korea,FCEV,Cars,2030,EV sales,Base Case,8474.82,4960.74,16552.39
South Korea,FCEV,Cars,2030,EV sales,High Growth,16552.39,8474.82,19035.25
South Korea,FCEV,Cars,2030,EV sales,Low Growth,4960.74,4216.63,8474.82
South Korea,FCEV,Vans,2025,EV sales,Base Case,185.96,130.13,290.57
South Korea,FCEV,Vans,2025,EV sales,High Growth,290.57,185.96,334.15
South Korea,FCEV,Vans,2025,EV sales,Low Growth,130.13,110.61,185.96
South Korea,FCEV,Vans,2026,EV sales,Base Case,237.99,152.32,415.76
South Korea,FCEV,Vans,2026,EV sales,High Growth,415.76,237.99,478.12
South Korea,FCEV,Vans,2026,EV sales,Low Growth,152.32,129.47,237.99
South Korea,FCEV,Vans,2027,EV sales,Base Case,302.83,177.26,591.46
South Korea,FCEV,Vans,2027,EV sales,High Growth,591.46,302.83,680.18
South Korea,FCEV,Vans,2027,EV sales,Low Growth,177.26,150.67,302.83
South Korea,FCEV,Vans,2028,EV sales,Base Case,384.31,205.75,839.2
South Korea,FCEV,Vans,2028,EV sales,High Growth,839.2,384.31,965.08
South Korea,FCEV,Vans,2028,EV sales,Low Growth,205.75,174.88,384.31
South Korea,FCEV,Vans,2029,EV sales,Base Case,487.63,238.77,1190.5
South Korea,FCEV,Vans,2029,EV sales,High Growth,1190.5,487.63,1369.07
South Korea,FCEV,Vans,2029,EV sales,Low Growth,238.77,202.95,487.63
South Korea,FCEV,Vans,2030,EV sales,Base Case,619.79,277.57,1691.77
South Korea,FCEV,Vans,2030,EV sales,High Growth,1691.77,619.79,1945.54
South Korea,FCEV,Vans,2030,EV sales,Low Growth,277.57,235.93,619.79
South Korea,PHEV,Cars,2025,EV sales,Base Case,11081.56,10135.31,12389.56
South Korea,PHEV,Cars,2025,EV sales,High Growth,12389.56,11081.56,14247.99
South Korea,PHEV,Cars,2025,EV sales,Low Growth,10135.31,8615.01,11081.56
South Korea,PHEV,Cars,2026,EV sales,Base Case,12765.63,10678.6,15957.04
South Korea,PHEV,Cars,2026,EV sales,High Growth,15957.04,12765.63,18350.6
South Korea,PHEV,Cars,2026,EV sales,Low Growth,10678.6,9076.81,12765.63
South Korea,PHEV,Cars,2027,EV sales,Base Case,14948.2,11436.6,20890.74
South Korea,PHEV,Cars,2027,EV sales,High Growth,20890.74,14948.2,24024.35
South Korea,PHEV,Cars,2027,EV sales,Low Growth,11436.6,9721.11,14948.2
South Korea,PHEV,Cars,2028,EV sales,Base Case,17857.89,12496.09,27902.95
South Korea,PHEV,Cars,2028,EV sales,High Growth,27902.95,17857.89,32088.4
South Korea,PHEV,Cars,2028,EV sales,Low Growth,12496.09,10621.68,17857.89
South Korea,PHEV,Cars,2029,EV sales,Base Case,21803.36,13954.15,38088.9
South Korea,PHEV,Cars,2029,EV sales,High Growth,38088.9,21803.36,43802.23
South Korea,PHEV,Cars,2029,EV sales,Low Growth,13954.15,11861.03,21803.36
South Korea,PHEV,Cars,2030,EV sales,Base Case,27201.28,15922.28,53127.5
South Korea,PHEV,Cars,2030,EV sales,High Growth,53127.5,27201.28,61096.63
South Korea,PHEV,Cars,2030,EV sales,Low Growth,15922.28,13533.94,27201.28
Spain,BEV,2 and 3 wheelers,2025,EV sales,Base Case,13780.53,12603.81,15407.1
Spain,BEV,2 and 3 wheelers,2025,EV sales,High Growth,15407.1,13780.53,17718.17
Spain,BEV,2 and 3 wheelers,2025,EV sales,Low Growth,12603.81,10713.24,13780.53
Spain,BEV,2 and 3 wheelers,2026,EV sales,Base Case,15867.5,13273.35,19834.37
Spain,BEV,2 and 3 wheelers,2026,EV sales,High Growth,19834.37,15867.5,22809.53
Spain,BEV,2 and 3 wheelers,2026,EV sales,Low Growth,13273.35,11282.34,15867.5
Spain,BEV,2 and 3 wheelers,2027,EV sales,Base Case,18647.96,14267.22,26061.32
Spain,BEV,2 and 3 wheelers,2027,EV sales,High Growth,26061.32,18647.96,29970.52
Spain,BEV,2 and 3 wheelers,2027,EV sales,Low Growth,14267.22,12127.14,18647.96
Spain,BEV,2 and 3 wheelers,2028,EV sales,Base Case,22440.28,15702.62,35062.93
Spain,BEV,2 and 3 wheelers,2028,EV sales,High Growth,35062.93,22440.28,40322.37
Spain,BEV,2 and 3 wheelers,2028,EV sales,Low Growth,15702.62,13347.23,22440.28
Spain,BEV,2 and 3 wheelers,2029,EV sales,Base Case,27674.21,17711.49,48344.85
Spain,BEV,2 and 3 wheelers,2029,EV sales,High Growth,48344.85,27674.21,55596.58
Spain,BEV,2 and 3 wheelers,2029,EV sales,Low Growth,17711.49,15054.77,27674.21
Spain,BEV,2 and 3 wheelers,2030,EV sales,Base Case,34929.94,20446.26,68222.54
Spain,BEV,2 and 3 wheelers,2030,EV sales,High Growth,68222.54,34929.94,78455.92
Spain,BEV,2 and 3 wheelers,2030,EV sales,Low Growth,20446.26,17379.32,34929.94
Spain,BEV,Buses,2025,EV sales,Base Case,817.41,747.61,913.89
Spain,BEV,Buses,2025,EV sales,High Growth,913.89,817.41,1050.98
Spain,BEV,Buses,2025,EV sales,Low Growth,747.61,635.47,817.41
Spain,BEV,Buses,2026,EV sales,Base Case,1069.14,894.35,1336.42
Spain,BEV,Buses,2026,EV sales,High Growth,1336.42,1069.14,1536.89
Spain,BEV,Buses,2026,EV sales,Low Growth,894.35,760.2,1069.14
Spain,BEV,Buses,2027,EV sales,Base Case,1384.31,1059.11,1934.63
Spain,BEV,Buses,2027,EV sales,High Growth,1934.63,1384.31,2224.83
Spain,BEV,Buses,2027,EV sales,Low Growth,1059.11,900.24,1384.31
Spain,BEV,Buses,2028,EV sales,Base Case,1780.87,1246.16,2782.6
Spain,BEV,Buses,2028,EV sales,High Growth,2782.6,1780.87,3199.99
Spain,BEV,Buses,2028,EV sales,Low Growth,1246.16,1059.24,1780.87
Spain,BEV,Buses,2029,EV sales,Base Case,2283.03,1461.14,3988.29
Spain,BEV,Buses,2029,EV sales,High Growth,3988.29,2283.03,4586.53
Spain,BEV,Buses,2029,EV sales,Low Growth,1461.14,1241.97,2283.03
Spain,BEV,Buses,2030,EV sales,Base Case,2923.51,1711.28,5709.97
Spain,BEV,Buses,2030,EV sales,High Growth,5709.97,2923.51,6566.47
Spain,BEV,Buses,2030,EV sales,Low Growth,1711.28,1454.58,2923.51
Spain,BEV,Cars,2025,EV sales,Base Case,82205.3,75185.8,91908.32
Spain,BEV,Cars,2025,EV sales,High Growth,91908.32,82205.3,105694.57
Spain,BEV,Cars,2025,EV sales,Low Growth,75185.8,63907.93,82205.3
Spain,BEV,Cars,2026,EV sales,Base Case,106019.48,88686.53,132524.35
Spain,BEV,Cars,2026,EV sales,High Growth,132524.35,106019.48,152403.01
Spain,BEV,Cars,2026,EV sales,Low Growth,88686.53,75383.55,106019.48
Spain,BEV,Cars,2027,EV sales,Base Case,135911.27,103983.26,189941.77
Spain,BEV,Cars,2027,EV sales,High Growth,189941.77,135911.27,218433.03
Spain,BEV,Cars,2027,EV sales,Low Growth,103983.26,88385.77,135911.27
Spain,BEV,Cars,2028,EV sales,Base Case,173674.97,121529.36,271367.14
Spain,BEV,Cars,2028,EV sales,High Growth,271367.14,173674.97,312072.21
Spain,BEV,Cars,2028,EV sales,Low Growth,121529.36,103299.96,173674.97
Spain,BEV,Cars,2029,EV sales,Base Case,221732.92,141909.07,387351.47
Spain,BEV,Cars,2029,EV sales,High Growth,387351.47,221732.92,445454.19
Spain,BEV,Cars,2029,EV sales,Low Growth,141909.07,120622.71,221732.92
Spain,BEV,Cars,2030,EV sales,Base Case,283355.27,165862.14,553428.26
Spain,BEV,Cars,2030,EV sales,High Growth,553428.26,283355.27,636442.49
Spain,BEV,Cars,2030,EV sales,Low Growth,165862.14,140982.82,283355.27
Spain,BEV,Trucks,2025,EV sales,Base Case,555.17,507.76,620.7
Spain,BEV,Trucks,2025,EV sales,High Growth,620.7,555.17,713.8
Spain,BEV,Trucks,2025,EV sales,Low Growth,507.76,431.6,555.17
Spain,BEV,Trucks,2026,EV sales,Base Case,733.49,613.57,916.86
Spain,BEV,Trucks,2026,EV sales,High Growth,916.86,733.49,1054.39
Spain,BEV,Trucks,2026,EV sales,Low Growth,613.57,521.54,733.49
Spain,BEV,Trucks,2027,EV sales,Base Case,954.3,730.12,1333.68
Spain,BEV,Trucks,2027,EV sales,High Growth,1333.68,954.3,1533.73
Spain,BEV,Trucks,2027,EV sales,Low Growth,730.12,620.6,954.3
Spain,BEV,Trucks,2028,EV sales,Base Case,1228.6,859.72,1919.69
Spain,BEV,Trucks,2028,EV sales,High Growth,1919.69,1228.6,2207.65
Spain,BEV,Trucks,2028,EV sales,Low Growth,859.72,730.76,1228.6
Spain,BEV,Trucks,2029,EV sales,Base Case,1571.24,1005.6,2744.85
Spain,BEV,Trucks,2029,EV sales,High Growth,2744.85,1571.24,3156.58
Spain,BEV,Trucks,2029,EV sales,Low Growth,1005.6,854.76,1571.24
Spain,BEV,Trucks,2030,EV sales,Base Case,2002.26,1172.03,3910.67
Spain,BEV,Trucks,2030,EV sales,High Growth,3910.67,2002.26,4497.27
Spain,BEV,Trucks,2030,EV sales,Low Growth,1172.03,996.22,2002.26
Spain,BEV,Vans,2025,EV sales,Base Case,5493.83,5024.71,6142.28
Spain,BEV,Vans,2025,EV sales,High Growth,6142.28,5493.83,7063.63
Spain,BEV,Vans,2025,EV sales,Low Growth,5024.71,4271.0,5493.83
Spain,BEV,Vans,2026,EV sales,Base Case,6614.84,5533.39,8268.55
Spain,BEV,Vans,2026,EV sales,High Growth,8268.55,6614.84,9508.83
Spain,BEV,Vans,2026,EV sales,Low Growth,5533.39,4703.38,6614.84
Spain,BEV,Vans,2027,EV sales,Base Case,7942.81,6076.9,11100.42
Spain,BEV,Vans,2027,EV sales,High Growth,11100.42,7942.81,12765.48
Spain,BEV,Vans,2027,EV sales,Low Growth,6076.9,5165.37,7942.81
Spain,BEV,Vans,2028,EV sales,Base Case,9521.99,6663.03,14878.12
Spain,BEV,Vans,2028,EV sales,High Growth,14878.12,9521.99,17109.83
Spain,BEV,Vans,2028,EV sales,Low Growth,6663.03,5663.58,9521.99
Spain,BEV,Vans,2029,EV sales,Base Case,11407.95,7301.09,19928.87
Spain,BEV,Vans,2029,EV sales,High Growth,19928.87,11407.95,22918.2
Spain,BEV,Vans,2029,EV sales,Low Growth,7301.09,6205.92,11407.95
Spain,BEV,Vans,2030,EV sales,Base Case,13670.47,8002.01,26700.13
Spain,BEV,Vans,2030,EV sales,High Growth,26700.13,13670.47,30705.15
Spain,BEV,Vans,2030,EV sales,Low Growth,8002.01,6801.71,13670.47
Spain,FCEV,Buses,2025,EV sales,Base Case,72.67,66.46,81.24
Spain,FCEV,Buses,2025,EV sales,High Growth,81.24,72.67,93.43
Spain,FCEV,Buses,2025,EV sales,Low Growth,66.46,56.49,72.67
Spain,FCEV,Buses,2026,EV sales,Base Case,100.29,83.9,125.36
Spain,FCEV,Buses,2026,EV sales,High Growth,125.36,100.29,144.17
Spain,FCEV,Buses,2026,EV sales,Low Growth,83.9,71.31,100.29
Spain,FCEV,Buses,2027,EV sales,Base Case,133.7,102.29,186.86
Spain,FCEV,Buses,2027,EV sales,High Growth,186.86,133.7,214.89
Spain,FCEV,Buses,2027,EV sales,Low Growth,102.29,86.95,133.7
Spain,FCEV,Buses,2028,EV sales,Base Case,174.41,122.04,272.51
Spain,FCEV,Buses,2028,EV sales,High Growth,272.51,174.41,313.39
Spain,FCEV,Buses,2028,EV sales,Low Growth,122.04,103.73,174.41
Spain,FCEV,Buses,2029,EV sales,Base Case,224.43,143.64,392.06
Spain,FCEV,Buses,2029,EV sales,High Growth,392.06,224.43,450.87
Spain,FCEV,Buses,2029,EV sales,Low Growth,143.64,122.09,224.43
Spain,FCEV,Buses,2030,EV sales,Base Case,286.52,167.71,559.61
Spain,FCEV,Buses,2030,EV sales,High Growth,559.61,286.52,643.55
Spain,FCEV,Buses,2030,EV sales,Low Growth,167.71,142.56,286.52
Spain,FCEV,Cars,2025,EV sales,Base Case,7.86,7.19,8.79
Spain,FCEV,Cars,2025,EV sales,High Growth,8.79,7.86,10.11
Spain,FCEV,Cars,2025,EV sales,Low Growth,7.19,6.11,7.86
Spain,FCEV,Cars,2026,EV sales,Base Case,9.37,7.83,11.71
Spain,FCEV,Cars,2026,EV sales,High Growth,11.71,9.37,13.46
Spain,FCEV,Cars,2026,EV sales,Low Growth,7.83,6.66,9.37
Spain,FCEV,Cars,2027,EV sales,Base Case,11.34,8.68,15.85
Spain,FCEV,Cars,2027,EV sales,High Growth,15.85,11.34,18.23
Spain,FCEV,Cars,2027,EV sales,Low Growth,8.68,7.38,11.34
Spain,FCEV,Cars,2028,EV sales,Base Case,13.99,9.79,21.86
Spain,FCEV,Cars,2028,EV sales,High Growth,21.86,13.99,25.14
Spain,FCEV,Cars,2028,EV sales,Low Growth,9.79,8.32,13.99
Spain,FCEV,Cars,2029,EV sales,Base Case,17.58,11.25,30.72
Spain,FCEV,Cars,2029,EV sales,High Growth,30.72,17.58,35.33
Spain,FCEV,Cars,2029,EV sales,Low Growth,11.25,9.57,17.58
Spain,FCEV,Cars,2030,EV sales,Base Case,22.49,13.17,43.93
Spain,FCEV,Cars,2030,EV sales,High Growth,43.93,22.49,50.52
Spain,FCEV,Cars,2030,EV sales,Low Growth,13.17,11.19,22.49
Spain,PHEV,Buses,2025,EV sales,Base Case,43.28,36.2,54.1
Spain,PHEV,Buses,2025,EV sales,High Growth,54.1,43.28,62.22
Spain,PHEV,Buses,2025,EV sales,Low Growth,36.2,30.77,43.28
Spain,PHEV,Buses,2026,EV sales,Base Case,56.43,43.17,78.86
Spain,PHEV,Buses,2026,EV sales,High Growth,78.86,56.43,90.69
Spain,PHEV,Buses,2026,EV sales,Low Growth,43.17,36.7,56.43
Spain,PHEV,Buses,2027,EV sales,Base Case,73.14,51.18,114.29
Spain,PHEV,Buses,2027,EV sales,High Growth,114.29,73.14,131.43
Spain,PHEV,Buses,2027,EV sales,Low Growth,51.18,43.51,73.14
Spain,PHEV,Buses,2028,EV sales,Base Case,94.45,60.45,165.0
Spain,PHEV,Buses,2028,EV sales,High Growth,165.0,94.45,189.75
Spain,PHEV,Buses,2028,EV sales,Low Growth,60.45,51.38,94.45
Spain,PHEV,Buses,2029,EV sales,Base Case,121.73,71.26,237.76
Spain,PHEV,Buses,2029,EV sales,High Growth,237.76,121.73,273.43
Spain,PHEV,Buses,2029,EV sales,Low Growth,71.26,60.57,121.73
Spain,PHEV,Buses,2030,EV sales,Base Case,156.83,83.96,342.47
Spain,PHEV,Buses,2030,EV sales,High Growth,342.47,156.83,393.84
Spain,PHEV,Buses,2030,EV sales,Low Growth,83.96,71.37,156.83
Spain,PHEV,Cars,2025,EV sales,Base Case,89860.98,82187.76,100467.63
Spain,PHEV,Cars,2025,EV sales,High Growth,100467.63,89860.98,115537.77
Spain,PHEV,Cars,2025,EV sales,Low Growth,82187.76,69859.59,89860.98
Spain,PHEV,Cars,2026,EV sales,Base Case,114522.46,95799.37,143153.07
Spain,PHEV,Cars,2026,EV sales,High Growth,143153.07,114522.46,164626.04
Spain,PHEV,Cars,2026,EV sales,Low Growth,95799.37,81429.46,114522.46
Spain,PHEV,Cars,2027,EV sales,Base Case,145453.02,111283.49,203276.77
Spain,PHEV,Cars,2027,EV sales,High Growth,203276.77,145453.02,233768.29
Spain,PHEV,Cars,2027,EV sales,Low Growth,111283.49,94590.96,145453.02
Spain,PHEV,Cars,2028,EV sales,Base Case,184562.74,129148.09,288379.28
Spain,PHEV,Cars,2028,EV sales,High Growth,288379.28,184562.74,331636.17
Spain,PHEV,Cars,2028,EV sales,Low Growth,129148.09,109775.88,184562.74
Spain,PHEV,Cars,2029,EV sales,Base Case,234430.22,150035.34,409532.75
Spain,PHEV,Cars,2029,EV sales,High Growth,409532.75,234430.22,470962.66
Spain,PHEV,Cars,2029,EV sales,Low Growth,150035.34,127530.04,234430.22
Spain,PHEV,Cars,2030,EV sales,Base Case,298536.6,174748.54,583079.29
Spain,PHEV,Cars,2030,EV sales,High Growth,583079.29,298536.6,670541.19
Spain,PHEV,Cars,2030,EV sales,Low Growth,174748.54,148536.26,298536.6
Spain,PHEV,Vans,2025,EV sales,Base Case,234.9,214.84,262.62
Spain,PHEV,Vans,2025,EV sales,High Growth,262.62,234.9,302.02
Spain,PHEV,Vans,2025,EV sales,Low Growth,214.84,182.61,234.9
Spain,PHEV,Vans,2026,EV sales,Base Case,311.23,260.35,389.04
Spain,PHEV,Vans,2026,EV sales,High Growth,389.04,311.23,447.39
Spain,PHEV,Vans,2026,EV sales,Low Growth,260.35,221.3,311.23
Spain,PHEV,Vans,2027,EV sales,Base Case,407.28,311.61,569.2
Spain,PHEV,Vans,2027,EV sales,High Growth,569.2,407.28,654.58
Spain,PHEV,Vans,2027,EV sales,Low Growth,311.61,264.86,407.28
Spain,PHEV,Vans,2028,EV sales,Base Case,528.85,370.06,826.33
Spain,PHEV,Vans,2028,EV sales,High Growth,826.33,528.85,950.28
Spain,PHEV,Vans,2028,EV sales,Low Growth,370.06,314.55,528.85
Spain,PHEV,Vans,2029,EV sales,Base Case,683.74,437.59,1194.45
Spain,PHEV,Vans,2029,EV sales,High Growth,1194.45,683.74,1373.61
Spain,PHEV,Vans,2029,EV sales,Low Growth,437.59,371.95,683.74
Spain,PHEV,Vans,2030,EV sales,Base Case,882.51,516.57,1723.64
Spain,PHEV,Vans,2030,EV sales,High Growth,1723.64,882.51,1982.19
Spain,PHEV,Vans,2030,EV sales,Low Growth,516.57,439.09,882.51
Sweden,BEV,2 and 3 wheelers,2025,EV sales,Base Case,4181.77,3824.68,4675.36
Sweden,BEV,2 and 3 wheelers,2025,EV sales,High Growth,4675.36,4181.77,5376.66
Sweden,BEV,2 and 3 wheelers,2025,EV sales,Low Growth,3824.68,3250.98,4181.77
Sweden,BEV,2 and 3 wheelers,2026,EV sales,Base Case,4874.38,4077.48,6092.98
Sweden,BEV,2 and 3 wheelers,2026,EV sales,High Growth,6092.98,4874.38,7006.92
Sweden,BEV,2 and 3 wheelers,2026,EV sales,Low Growth,4077.48,3465.85,4874.38
Sweden,BEV,2 and 3 wheelers,2027,EV sales,Base Case,5792.68,4431.88,8095.52
Sweden,BEV,2 and 3 wheelers,2027,EV sales,High Growth,8095.52,5792.68,9309.84
Sweden,BEV,2 and 3 wheelers,2027,EV sales,Low Growth,4431.88,3767.09,5792.68
Sweden,BEV,2 and 3 wheelers,2028,EV sales,Base Case,7037.96,4924.82,10996.81
Sweden,BEV,2 and 3 wheelers,2028,EV sales,High Growth,10996.81,7037.96,12646.33
Sweden,BEV,2 and 3 wheelers,2028,EV sales,Low Growth,4924.82,4186.1,7037.96
Sweden,BEV,2 and 3 wheelers,2029,EV sales,Base Case,8746.95,5598.05,15280.3
Sweden,BEV,2 and 3 wheelers,2029,EV sales,High Growth,15280.3,8746.95,17572.34
Sweden,BEV,2 and 3 wheelers,2029,EV sales,Low Growth,5598.05,4758.34,8746.95
Sweden,BEV,2 and 3 wheelers,2030,EV sales,Base Case,11104.27,6499.89,21688.03
Sweden,BEV,2 and 3 wheelers,2030,EV sales,High Growth,21688.03,11104.27,24941.24
Sweden,BEV,2 and 3 wheelers,2030,EV sales,Low Growth,6499.89,5524.91,11104.27
Sweden,BEV,Buses,2025,EV sales,Base Case,343.86,314.5,384.45
Sweden,BEV,Buses,2025,EV sales,High Growth,384.45,343.86,442.12
Sweden,BEV,Buses,2025,EV sales,Low Growth,314.5,267.32,343.86
Sweden,BEV,Buses,2026,EV sales,Base Case,429.38,359.18,536.73
Sweden,BEV,Buses,2026,EV sales,High Growth,536.73,429.38,617.24
Sweden,BEV,Buses,2026,EV sales,Low Growth,359.18,305.31,429.38
Sweden,BEV,Buses,2027,EV sales,Base Case,537.18,410.99,750.73
Sweden,BEV,Buses,2027,EV sales,High Growth,750.73,537.18,863.34
Sweden,BEV,Buses,2027,EV sales,Low Growth,410.99,349.34,537.18
Sweden,BEV,Buses,2028,EV sales,Base Case,674.49,471.97,1053.89
Sweden,BEV,Buses,2028,EV sales,High Growth,1053.89,674.49,1211.97
Sweden,BEV,Buses,2028,EV sales,Low Growth,471.97,401.18,674.49
Sweden,BEV,Buses,2029,EV sales,Base Case,851.08,544.69,1486.77
Sweden,BEV,Buses,2029,EV sales,High Growth,1486.77,851.08,1709.78
Sweden,BEV,Buses,2029,EV sales,Low Growth,544.69,462.99,851.08
Sweden,BEV,Buses,2030,EV sales,Base Case,1080.13,632.25,2109.63
Sweden,BEV,Buses,2030,EV sales,High Growth,2109.63,1080.13,2426.07
Sweden,BEV,Buses,2030,EV sales,Low Growth,632.25,537.42,1080.13
Sweden,BEV,Cars,2025,EV sales,Base Case,135173.45,123631.0,151128.51
Sweden,BEV,Cars,2025,EV sales,High Growth,151128.51,135173.45,173797.78
Sweden,BEV,Cars,2025,EV sales,Low Growth,123631.0,105086.35,135173.45
Sweden,BEV,Cars,2026,EV sales,Base Case,171846.83,143751.87,214808.53
Sweden,BEV,Cars,2026,EV sales,High Growth,214808.53,171846.83,247029.81
Sweden,BEV,Cars,2026,EV sales,Low Growth,143751.87,122189.09,171846.83
Sweden,BEV,Cars,2027,EV sales,Base Case,217600.06,166481.89,304105.32
Sweden,BEV,Cars,2027,EV sales,High Growth,304105.32,217600.06,349721.12
Sweden,BEV,Cars,2027,EV sales,Low Growth,166481.89,141509.6,217600.06
Sweden,BEV,Cars,2028,EV sales,Base Case,275153.55,192539.17,429927.42
Sweden,BEV,Cars,2028,EV sales,High Growth,429927.42,275153.55,494416.54
Sweden,BEV,Cars,2028,EV sales,Low Growth,192539.17,163658.3,275153.55
Sweden,BEV,Cars,2029,EV sales,Base Case,348179.88,222835.12,608245.21
Sweden,BEV,Cars,2029,EV sales,High Growth,608245.21,348179.88,699481.99
Sweden,BEV,Cars,2029,EV sales,Low Growth,222835.12,189409.85,348179.88
Sweden,BEV,Cars,2030,EV sales,Base Case,441637.0,258512.42,862572.26
Sweden,BEV,Cars,2030,EV sales,High Growth,862572.26,441637.0,991958.1
Sweden,BEV,Cars,2030,EV sales,Low Growth,258512.42,219735.56,441637.0
Sweden,BEV,Trucks,2025,EV sales,Base Case,599.43,548.25,670.18
Sweden,BEV,Trucks,2025,EV sales,High Growth,670.18,599.43,770.71
Sweden,BEV,Trucks,2025,EV sales,Low Growth,548.25,466.01,599.43
Sweden,BEV,Trucks,2026,EV sales,Base Case,795.56,665.5,994.45
Sweden,BEV,Trucks,2026,EV sales,High Growth,994.45,795.56,1143.62
Sweden,BEV,Trucks,2026,EV sales,Low Growth,665.5,565.67,795.56
Sweden,BEV,Trucks,2027,EV sales,Base Case,1040.64,796.18,1454.34
Sweden,BEV,Trucks,2027,EV sales,High Growth,1454.34,1040.64,1672.5
Sweden,BEV,Trucks,2027,EV sales,Low Growth,796.18,676.75,1040.64
Sweden,BEV,Trucks,2028,EV sales,Base Case,1347.99,943.26,2106.23
Sweden,BEV,Trucks,2028,EV sales,High Growth,2106.23,1347.99,2422.17
Sweden,BEV,Trucks,2028,EV sales,Low Growth,943.26,801.77,1347.99
Sweden,BEV,Trucks,2029,EV sales,Base Case,1735.57,1110.76,3031.91
Sweden,BEV,Trucks,2029,EV sales,High Growth,3031.91,1735.57,3486.7
Sweden,BEV,Trucks,2029,EV sales,Low Growth,1110.76,944.15,1735.57
Sweden,BEV,Trucks,2030,EV sales,Base Case,2227.64,1303.95,4350.87
Sweden,BEV,Trucks,2030,EV sales,High Growth,4350.87,2227.64,5003.5
Sweden,BEV,Trucks,2030,EV sales,Low Growth,1303.95,1108.36,2227.64
Sweden,BEV,Vans,2025,EV sales,Base Case,11616.48,10624.55,12987.62
Sweden,BEV,Vans,2025,EV sales,High Growth,12987.62,11616.48,14935.76
Sweden,BEV,Vans,2025,EV sales,Low Growth,10624.55,9030.87,11616.48
Sweden,BEV,Vans,2026,EV sales,Base Case,15022.66,12566.63,18778.33
Sweden,BEV,Vans,2026,EV sales,High Growth,18778.33,15022.66,21595.08
Sweden,BEV,Vans,2026,EV sales,Low Growth,12566.63,10681.64,15022.66
Sweden,BEV,Vans,2027,EV sales,Base Case,19281.3,14751.78,26946.44
Sweden,BEV,Vans,2027,EV sales,High Growth,26946.44,19281.3,30988.41
Sweden,BEV,Vans,2027,EV sales,Low Growth,14751.78,12539.01,19281.3
Sweden,BEV,Vans,2028,EV sales,Base Case,24638.4,17240.76,38497.5
Sweden,BEV,Vans,2028,EV sales,High Growth,38497.5,24638.4,44272.13
Sweden,BEV,Vans,2028,EV sales,Low Growth,17240.76,14654.65,24638.4
Sweden,BEV,Vans,2029,EV sales,Base Case,31426.05,20112.67,54899.05
Sweden,BEV,Vans,2029,EV sales,High Growth,54899.05,31426.05,63133.9
Sweden,BEV,Vans,2029,EV sales,Low Growth,20112.67,17095.77,31426.05
Sweden,BEV,Vans,2030,EV sales,Base Case,40092.57,23468.21,78305.8
Sweden,BEV,Vans,2030,EV sales,High Growth,78305.8,40092.57,90051.67
Sweden,BEV,Vans,2030,EV sales,Low Growth,23468.21,19947.97,40092.57
Sweden,FCEV,Cars,2025,EV sales,Base Case,1.8,1.65,2.01
Sweden,FCEV,Cars,2025,EV sales,High Growth,2.01,1.8,2.31
Sweden,FCEV,Cars,2025,EV sales,Low Growth,1.65,1.4,1.8
Sweden,FCEV,Cars,2026,EV sales,Base Case,1.8,1.51,2.25
Sweden,FCEV,Cars,2026,EV sales,High Growth,2.25,1.8,2.59
Sweden,FCEV,Cars,2026,EV sales,Low Growth,1.51,1.28,1.8
Sweden,FCEV,Cars,2027,EV sales,Base Case,1.8,1.38,2.52
Sweden,FCEV,Cars,2027,EV sales,High Growth,2.52,1.8,2.89
Sweden,FCEV,Cars,2027,EV sales,Low Growth,1.38,1.17,1.8
Sweden,FCEV,Cars,2028,EV sales,Base Case,1.8,1.26,2.81
Sweden,FCEV,Cars,2028,EV sales,High Growth,2.81,1.8,3.23
Sweden,FCEV,Cars,2028,EV sales,Low Growth,1.26,1.07,1.8
Sweden,FCEV,Cars,2029,EV sales,Base Case,1.8,1.15,3.14
Sweden,FCEV,Cars,2029,EV sales,High Growth,3.14,1.8,3.62
Sweden,FCEV,Cars,2029,EV sales,Low Growth,1.15,0.98,1.8
Sweden,FCEV,Cars,2030,EV sales,Base Case,1.8,1.05,3.52
Sweden,FCEV,Cars,2030,EV sales,High Growth,3.52,1.8,4.04
Sweden,FCEV,Cars,2030,EV sales,Low Growth,1.05,0.9,1.8
Sweden,PHEV,Cars,2025,EV sales,Base Case,78019.27,71357.21,87228.2
Sweden,PHEV,Cars,2025,EV sales,High Growth,87228.2,78019.27,100312.43
Sweden,PHEV,Cars,2025,EV sales,Low Growth,71357.21,60653.63,78019.27
Sweden,PHEV,Cars,2026,EV sales,Base Case,91492.63,76534.65,114365.79
Sweden,PHEV,Cars,2026,EV sales,High Growth,114365.79,91492.63,131520.66
Sweden,PHEV,Cars,2026,EV sales,Low Growth,76534.65,65054.46,91492.63
Sweden,PHEV,Cars,2027,EV sales,Base Case,108303.02,82860.69,151358.07
Sweden,PHEV,Cars,2027,EV sales,High Growth,151358.07,108303.02,174061.78
Sweden,PHEV,Cars,2027,EV sales,Low Growth,82860.69,70431.59,108303.02
Sweden,PHEV,Cars,2028,EV sales,Base Case,129629.07,90708.16,202545.42
Sweden,PHEV,Cars,2028,EV sales,High Growth,202545.42,129629.07,232927.23
Sweden,PHEV,Cars,2028,EV sales,Low Growth,90708.16,77101.94,129629.07
Sweden,PHEV,Cars,2029,EV sales,Base Case,157010.08,100486.45,274285.33
Sweden,PHEV,Cars,2029,EV sales,High Growth,274285.33,157010.08,315428.13
Sweden,PHEV,Cars,2029,EV sales,Low Growth,100486.45,85413.49,157010.08
Sweden,PHEV,Cars,2030,EV sales,Base Case,192456.38,112654.43,375891.37
Sweden,PHEV,Cars,2030,EV sales,High Growth,375891.37,192456.38,432275.07
Sweden,PHEV,Cars,2030,EV sales,Low Growth,112654.43,95756.27,192456.38
Sweden,PHEV,Vans,2025,EV sales,Base Case,310.02,283.55,346.62
Sweden,PHEV,Vans,2025,EV sales,High Growth,346.62,310.02,398.61
Sweden,PHEV,Vans,2025,EV sales,Low Growth,283.55,241.02,310.02
Sweden,PHEV,Vans,2026,EV sales,Base Case,415.7,347.74,519.62
Sweden,PHEV,Vans,2026,EV sales,High Growth,519.62,415.7,597.56
Sweden,PHEV,Vans,2026,EV sales,Low Growth,347.74,295.57,415.7
Sweden,PHEV,Vans,2027,EV sales,Base Case,549.12,420.12,767.42
Sweden,PHEV,Vans,2027,EV sales,High Growth,767.42,549.12,882.54
Sweden,PHEV,Vans,2027,EV sales,Low Growth,420.12,357.11,549.12
Sweden,PHEV,Vans,2028,EV sales,Base Case,718.12,502.5,1122.06
Sweden,PHEV,Vans,2028,EV sales,High Growth,1122.06,718.12,1290.37
Sweden,PHEV,Vans,2028,EV sales,Low Growth,502.5,427.13,718.12
Sweden,PHEV,Vans,2029,EV sales,Base Case,933.23,597.27,1630.28
Sweden,PHEV,Vans,2029,EV sales,High Growth,1630.28,933.23,1874.82
Sweden,PHEV,Vans,2029,EV sales,Low Growth,597.27,507.68,933.23
Sweden,PHEV,Vans,2030,EV sales,Base Case,1208.69,707.51,2360.73
Sweden,PHEV,Vans,2030,EV sales,High Growth,2360.73,1208.69,2714.84
Sweden,PHEV,Vans,2030,EV sales,Low Growth,707.51,601.38,1208.69
Switzerland,BEV,2 and 3 wheelers,2025,EV sales,Base Case,4423.2,4045.5,4945.28
Switzerland,BEV,2 and 3 wheelers,2025,EV sales,High Growth,4945.28,4423.2,5687.08
Switzerland,BEV,2 and 3 wheelers,2025,EV sales,Low Growth,4045.5,3438.67,4423.2
Switzerland,BEV,2 and 3 wheelers,2026,EV sales,Base Case,5309.53,4441.48,6636.91
Switzerland,BEV,2 and 3 wheelers,2026,EV sales,High Growth,6636.91,5309.53,7632.45
Switzerland,BEV,2 and 3 wheelers,2026,EV sales,Low Growth,4441.48,3775.26,5309.53
Switzerland,BEV,2 and 3 wheelers,2027,EV sales,Base Case,6349.59,4857.96,8873.83
Switzerland,BEV,2 and 3 wheelers,2027,EV sales,High Growth,8873.83,6349.59,10204.9
Switzerland,BEV,2 and 3 wheelers,2027,EV sales,Low Growth,4857.96,4129.27,6349.59
Switzerland,BEV,2 and 3 wheelers,2028,EV sales,Base Case,7574.58,5300.32,11835.28
Switzerland,BEV,2 and 3 wheelers,2028,EV sales,High Growth,11835.28,7574.58,13610.57
Switzerland,BEV,2 and 3 wheelers,2028,EV sales,Low Growth,5300.32,4505.27,7574.58
Switzerland,BEV,2 and 3 wheelers,2029,EV sales,Base Case,9023.46,5775.01,15763.33
Switzerland,BEV,2 and 3 wheelers,2029,EV sales,High Growth,15763.33,9023.46,18127.83
Switzerland,BEV,2 and 3 wheelers,2029,EV sales,Low Growth,5775.01,4908.76,9023.46
Switzerland,BEV,2 and 3 wheelers,2030,EV sales,Base Case,10744.94,6289.56,20986.21
Switzerland,BEV,2 and 3 wheelers,2030,EV sales,High Growth,20986.21,10744.94,24134.15
Switzerland,BEV,2 and 3 wheelers,2030,EV sales,Low Growth,6289.56,5346.12,10744.94
Switzerland,BEV,Buses,2025,EV sales,Base Case,371.79,340.04,415.68
Switzerland,BEV,Buses,2025,EV sales,High Growth,415.68,371.79,478.03
Switzerland,BEV,Buses,2025,EV sales,Low Growth,340.04,289.04,371.79
Switzerland,BEV,Buses,2026,EV sales,Base Case,476.57,398.66,595.71
Switzerland,BEV,Buses,2026,EV sales,High Growth,595.71,476.57,685.07
Switzerland,BEV,Buses,2026,EV sales,Low Growth,398.66,338.86,476.57
Switzerland,BEV,Buses,2027,EV sales,Base Case,601.95,460.54,841.25
Switzerland,BEV,Buses,2027,EV sales,High Growth,841.25,601.95,967.43
Switzerland,BEV,Buses,2027,EV sales,Low Growth,460.54,391.46,601.95
Switzerland,BEV,Buses,2028,EV sales,Base Case,752.55,526.6,1175.87
Switzerland,BEV,Buses,2028,EV sales,High Growth,1175.87,752.55,1352.25
Switzerland,BEV,Buses,2028,EV sales,Low Growth,526.6,447.61,752.55
Switzerland,BEV,Buses,2029,EV sales,Base Case,934.64,598.17,1632.75
Switzerland,BEV,Buses,2029,EV sales,High Growth,1632.75,934.64,1877.67
Switzerland,BEV,Buses,2029,EV sales,Low Growth,598.17,508.45,934.64
Switzerland,BEV,Buses,2030,EV sales,Base Case,1156.65,677.05,2259.08
Switzerland,BEV,Buses,2030,EV sales,High Growth,2259.08,1156.65,2597.94
Switzerland,BEV,Buses,2030,EV sales,Low Growth,677.05,575.49,1156.65
Switzerland,BEV,Cars,2025,EV sales,Base Case,63705.12,58265.35,71224.49
Switzerland,BEV,Cars,2025,EV sales,High Growth,71224.49,63705.12,81908.17
Switzerland,BEV,Cars,2025,EV sales,Low Growth,58265.35,49525.55,63705.12
Switzerland,BEV,Cars,2026,EV sales,Base Case,80094.76,67000.2,100118.46
Switzerland,BEV,Cars,2026,EV sales,High Growth,100118.46,80094.76,115136.22
Switzerland,BEV,Cars,2026,EV sales,Low Growth,67000.2,56950.17,80094.76
Switzerland,BEV,Cars,2027,EV sales,Base Case,100532.81,76915.85,140498.88
Switzerland,BEV,Cars,2027,EV sales,High Growth,140498.88,100532.81,161573.71
Switzerland,BEV,Cars,2027,EV sales,Low Growth,76915.85,65378.47,100532.81
Switzerland,BEV,Cars,2028,EV sales,Base Case,126231.82,88330.93,197237.21
Switzerland,BEV,Cars,2028,EV sales,High Growth,197237.21,126231.82,226822.79
Switzerland,BEV,Cars,2028,EV sales,Low Growth,88330.93,75081.29,126231.82
Switzerland,BEV,Cars,2029,EV sales,Base Case,158816.7,101642.69,277441.37
Switzerland,BEV,Cars,2029,EV sales,High Growth,277441.37,158816.7,319057.57
Switzerland,BEV,Cars,2029,EV sales,Low Growth,101642.69,86396.29,158816.7
Switzerland,BEV,Cars,2030,EV sales,Base Case,200465.06,117342.32,391533.32
Switzerland,BEV,Cars,2030,EV sales,High Growth,391533.32,200465.06,450263.32
Switzerland,BEV,Cars,2030,EV sales,Low Growth,117342.32,99740.97,200465.06
Switzerland,BEV,Trucks,2025,EV sales,Base Case,751.73,687.54,840.46
Switzerland,BEV,Trucks,2025,EV sales,High Growth,840.46,751.73,966.53
Switzerland,BEV,Trucks,2025,EV sales,Low Growth,687.54,584.41,751.73
Switzerland,BEV,Trucks,2026,EV sales,Base Case,990.35,828.44,1237.94
Switzerland,BEV,Trucks,2026,EV sales,High Growth,1237.94,990.35,1423.63
Switzerland,BEV,Trucks,2026,EV sales,Low Growth,828.44,704.18,990.35
Switzerland,BEV,Trucks,2027,EV sales,Base Case,1288.56,985.86,1800.82
Switzerland,BEV,Trucks,2027,EV sales,High Growth,1800.82,1288.56,2070.95
Switzerland,BEV,Trucks,2027,EV sales,Low Growth,985.86,837.98,1288.56
Switzerland,BEV,Trucks,2028,EV sales,Base Case,1663.15,1163.79,2598.66
Switzerland,BEV,Trucks,2028,EV sales,High Growth,2598.66,1663.15,2988.46
Switzerland,BEV,Trucks,2028,EV sales,Low Growth,1163.79,989.22,1663.15
Switzerland,BEV,Trucks,2029,EV sales,Base Case,2136.76,1367.53,3732.77
Switzerland,BEV,Trucks,2029,EV sales,High Growth,3732.77,2136.76,4292.68
Switzerland,BEV,Trucks,2029,EV sales,Low Growth,1367.53,1162.4,2136.76
Switzerland,BEV,Trucks,2030,EV sales,Base Case,2740.0,1603.86,5351.56
Switzerland,BEV,Trucks,2030,EV sales,High Growth,5351.56,2740.0,6154.3
Switzerland,BEV,Trucks,2030,EV sales,Low Growth,1603.86,1363.28,2740.0
Switzerland,BEV,Vans,2025,EV sales,Base Case,3562.92,3258.69,3983.47
Switzerland,BEV,Vans,2025,EV sales,High Growth,3983.47,3562.92,4580.99
Switzerland,BEV,Vans,2025,EV sales,Low Growth,3258.69,2769.88,3562.92
Switzerland,BEV,Vans,2026,EV sales,Base Case,4504.19,3767.81,5630.23
Switzerland,BEV,Vans,2026,EV sales,High Growth,5630.23,4504.19,6474.77
Switzerland,BEV,Vans,2026,EV sales,Low Growth,3767.81,3202.63,4504.19
Switzerland,BEV,Vans,2027,EV sales,Base Case,5666.91,4335.65,7919.75
Switzerland,BEV,Vans,2027,EV sales,High Growth,7919.75,5666.91,9107.71
Switzerland,BEV,Vans,2027,EV sales,Low Growth,4335.65,3685.3,5666.91
Switzerland,BEV,Vans,2028,EV sales,Base Case,7114.43,4978.33,11116.29
Switzerland,BEV,Vans,2028,EV sales,High Growth,11116.29,7114.43,12783.73
Switzerland,BEV,Vans,2028,EV sales,Low Growth,4978.33,4231.58,7114.43
Switzerland,BEV,Vans,2029,EV sales,Base Case,8931.89,5716.41,15603.37
Switzerland,BEV,Vans,2029,EV sales,High Growth,15603.37,8931.89,17943.88
Switzerland,BEV,Vans,2029,EV sales,Low Growth,5716.41,4858.95,8931.89
Switzerland,BEV,Vans,2030,EV sales,Base Case,11233.83,6575.72,21941.06
Switzerland,BEV,Vans,2030,EV sales,High Growth,21941.06,11233.83,25232.22
Switzerland,BEV,Vans,2030,EV sales,Low Growth,6575.72,5589.37,11233.83
Switzerland,FCEV,Buses,2025,EV sales,Base Case,3.6,3.01,4.5
Switzerland,FCEV,Buses,2025,EV sales,High Growth,4.5,3.6,5.18
Switzerland,FCEV,Buses,2025,EV sales,Low Growth,3.01,2.56,3.6
Switzerland,FCEV,Buses,2026,EV sales,Base Case,3.6,2.75,5.03
Switzerland,FCEV,Buses,2026,EV sales,High Growth,5.03,3.6,5.79
Switzerland,FCEV,Buses,2026,EV sales,Low Growth,2.75,2.34,3.6
Switzerland,FCEV,Buses,2027,EV sales,Base Case,3.6,2.52,5.62
Switzerland,FCEV,Buses,2027,EV sales,High Growth,5.62,3.6,6.47
Switzerland,FCEV,Buses,2027,EV sales,Low Growth,2.52,2.14,3.6
Switzerland,FCEV,Buses,2028,EV sales,Base Case,3.6,2.3,6.29
Switzerland,FCEV,Buses,2028,EV sales,High Growth,6.29,3.6,7.23
Switzerland,FCEV,Buses,2028,EV sales,Low Growth,2.3,1.96,3.6
Switzerland,FCEV,Buses,2029,EV sales,Base Case,3.6,2.11,7.03
Switzerland,FCEV,Buses,2029,EV sales,High Growth,7.03,3.6,8.09
Switzerland,FCEV,Buses,2029,EV sales,Low Growth,2.11,1.79,3.6
Switzerland,FCEV,Buses,2030,EV sales,Base Case,3.6,1.93,7.86
Switzerland,FCEV,Buses,2030,EV sales,High Growth,7.86,3.6,9.04
Switzerland,FCEV,Buses,2030,EV sales,Low Growth,1.93,1.64,3.6
Switzerland,FCEV,Cars,2025,EV sales,Base Case,17.45,15.96,19.51
Switzerland,FCEV,Cars,2025,EV sales,High Growth,19.51,17.45,22.43
Switzerland,FCEV,Cars,2025,EV sales,Low Growth,15.96,13.56,17.45
Switzerland,FCEV,Cars,2026,EV sales,Base Case,13.09,10.95,16.36
Switzerland,FCEV,Cars,2026,EV sales,High Growth,16.36,13.09,18.81
Switzerland,FCEV,Cars,2026,EV sales,Low Growth,10.95,9.31,13.09
Switzerland,FCEV,Cars,2027,EV sales,Base Case,10.8,8.26,15.09
Switzerland,FCEV,Cars,2027,EV sales,High Growth,15.09,10.8,17.36
Switzerland,FCEV,Cars,2027,EV sales,Low Growth,8.26,7.02,10.8
Switzerland,FCEV,Cars,2028,EV sales,Base Case,10.8,7.56,16.88
Switzerland,FCEV,Cars,2028,EV sales,High Growth,16.88,10.8,19.41
Switzerland,FCEV,Cars,2028,EV sales,Low Growth,7.56,6.42,10.8
Switzerland,FCEV,Cars,2029,EV sales,Base Case,10.8,6.91,18.87
Switzerland,FCEV,Cars,2029,EV sales,High Growth,18.87,10.8,21.7
Switzerland,FCEV,Cars,2029,EV sales,Low Growth,6.91,5.88,10.8
Switzerland,FCEV,Cars,2030,EV sales,Base Case,10.8,6.32,21.09
Switzerland,FCEV,Cars,2030,EV sales,High Growth,21.09,10.8,24.26
Switzerland,FCEV,Cars,2030,EV sales,Low Growth,6.32,5.37,10.8
Switzerland,PHEV,Cars,2025,EV sales,Base Case,27647.5,25286.68,30910.84
Switzerland,PHEV,Cars,2025,EV sales,High Growth,30910.84,27647.5,35547.47
Switzerland,PHEV,Cars,2025,EV sales,Low Growth,25286.68,21493.68,27647.5
Switzerland,PHEV,Cars,2026,EV sales,Base Case,33209.24,27779.92,41511.55
Switzerland,PHEV,Cars,2026,EV sales,High Growth,41511.55,33209.24,47738.28
Switzerland,PHEV,Cars,2026,EV sales,Low Growth,27779.92,23612.93,33209.24
Switzerland,PHEV,Cars,2027,EV sales,Base Case,39858.87,30495.3,55704.46
Switzerland,PHEV,Cars,2027,EV sales,High Growth,55704.46,39858.87,64060.13
Switzerland,PHEV,Cars,2027,EV sales,Low Growth,30495.3,25921.01,39858.87
Switzerland,PHEV,Cars,2028,EV sales,Base Case,47866.83,33494.9,74791.92
Switzerland,PHEV,Cars,2028,EV sales,High Growth,74791.92,47866.83,86010.71
Switzerland,PHEV,Cars,2028,EV sales,Low Growth,33494.9,28470.66,47866.83
Switzerland,PHEV,Cars,2029,EV sales,Base Case,57577.29,36849.46,100583.38
Switzerland,PHEV,Cars,2029,EV sales,High Growth,100583.38,57577.29,115670.89
Switzerland,PHEV,Cars,2029,EV sales,Low Growth,36849.46,31322.04,57577.29
Switzerland,PHEV,Cars,2030,EV sales,Base Case,69428.2,40639.83,135601.95
Switzerland,PHEV,Cars,2030,EV sales,High Growth,135601.95,69428.2,155942.24
Switzerland,PHEV,Cars,2030,EV sales,Low Growth,40639.83,34543.85,69428.2
Switzerland,PHEV,Vans,2025,EV sales,Base Case,197.39,180.54,220.69
Switzerland,PHEV,Vans,2025,EV sales,High Growth,220.69,197.39,253.8
Switzerland,PHEV,Vans,2025,EV sales,Low Growth,180.54,153.46,197.39
Switzerland,PHEV,Vans,2026,EV sales,Base Case,254.08,212.54,317.6
Switzerland,PHEV,Vans,2026,EV sales,High Growth,317.6,254.08,365.24
Switzerland,PHEV,Vans,2026,EV sales,Low Growth,212.54,180.66,254.08
Switzerland,PHEV,Vans,2027,EV sales,Base Case,325.86,249.31,455.41
Switzerland,PHEV,Vans,2027,EV sales,High Growth,455.41,325.86,523.72
Switzerland,PHEV,Vans,2027,EV sales,Low Growth,249.31,211.92,325.86
Switzerland,PHEV,Vans,2028,EV sales,Base Case,417.36,292.05,652.13
Switzerland,PHEV,Vans,2028,EV sales,High Growth,652.13,417.36,749.95
Switzerland,PHEV,Vans,2028,EV sales,Low Growth,292.05,248.24,417.36
Switzerland,PHEV,Vans,2029,EV sales,Base Case,534.83,342.29,934.31
Switzerland,PHEV,Vans,2029,EV sales,High Growth,934.31,534.83,1074.46
Switzerland,PHEV,Vans,2029,EV sales,Low Growth,342.29,290.95,534.83
Switzerland,PHEV,Vans,2030,EV sales,Base Case,686.71,401.97,1341.24
Switzerland,PHEV,Vans,2030,EV sales,High Growth,1341.24,686.71,1542.42
Switzerland,PHEV,Vans,2030,EV sales,Low Growth,401.97,341.67,686.71
Thailand,BEV,2 and 3 wheelers,2025,EV sales,Base Case,31465.17,28778.36,35179.13
Thailand,BEV,2 and 3 wheelers,2025,EV sales,High Growth,35179.13,31465.17,40455.99
Thailand,BEV,2 and 3 wheelers,2025,EV sales,Low Growth,28778.36,24461.61,31465.17
Thailand,BEV,2 and 3 wheelers,2026,EV sales,Base Case,41364.91,34602.23,51706.14
Thailand,BEV,2 and 3 wheelers,2026,EV sales,High Growth,51706.14,41364.91,59462.06
Thailand,BEV,2 and 3 wheelers,2026,EV sales,Low Growth,34602.23,29411.9,41364.91
Thailand,BEV,2 and 3 wheelers,2027,EV sales,Base Case,53696.96,41082.58,75043.79
Thailand,BEV,2 and 3 wheelers,2027,EV sales,High Growth,75043.79,53696.96,86300.36
Thailand,BEV,2 and 3 wheelers,2027,EV sales,Low Growth,41082.58,34920.19,53696.96
Thailand,BEV,2 and 3 wheelers,2028,EV sales,Base Case,69126.96,48371.71,108010.88
Thailand,BEV,2 and 3 wheelers,2028,EV sales,High Growth,108010.88,69126.96,124212.51
Thailand,BEV,2 and 3 wheelers,2028,EV sales,Low Growth,48371.71,41115.95,69126.96
Thailand,BEV,2 and 3 wheelers,2029,EV sales,Base Case,88553.5,56674.24,154696.61
Thailand,BEV,2 and 3 wheelers,2029,EV sales,High Growth,154696.61,88553.5,177901.1
Thailand,BEV,2 and 3 wheelers,2029,EV sales,Low Growth,56674.24,48173.11,88553.5
Thailand,BEV,2 and 3 wheelers,2030,EV sales,Base Case,113189.72,66255.65,221073.67
Thailand,BEV,2 and 3 wheelers,2030,EV sales,High Growth,221073.67,113189.72,254234.72
Thailand,BEV,2 and 3 wheelers,2030,EV sales,Low Growth,66255.65,56317.31,113189.72
Thailand,BEV,Cars,2025,EV sales,Base Case,98192.91,89808.23,109783.01
Thailand,BEV,Cars,2025,EV sales,High Growth,109783.01,98192.91,126250.47
Thailand,BEV,Cars,2025,EV sales,Low Growth,89808.23,76337.0,98192.91
Thailand,BEV,Cars,2026,EV sales,Base Case,130375.62,109060.72,162969.52
Thailand,BEV,Cars,2026,EV sales,High Growth,162969.52,130375.62,187414.95
Thailand,BEV,Cars,2026,EV sales,Low Growth,109060.72,92701.61,130375.62
Thailand,BEV,Cars,2027,EV sales,Base Case,170364.54,130342.84,238091.69
Thailand,BEV,Cars,2027,EV sales,High Growth,238091.69,170364.54,273805.44
Thailand,BEV,Cars,2027,EV sales,Low Growth,130342.84,110791.42,170364.54
Thailand,BEV,Cars,2028,EV sales,Base Case,220214.47,154095.46,344085.11
Thailand,BEV,Cars,2028,EV sales,High Growth,344085.11,220214.47,395697.88
Thailand,BEV,Cars,2028,EV sales,Low Growth,154095.46,130981.14,220214.47
Thailand,BEV,Cars,2029,EV sales,Base Case,282699.37,180927.59,493855.47
Thailand,BEV,Cars,2029,EV sales,High Growth,493855.47,282699.37,567933.79
Thailand,BEV,Cars,2029,EV sales,Low Growth,180927.59,153788.46,282699.37
Thailand,BEV,Cars,2030,EV sales,Base Case,361564.07,211641.7,706179.82
Thailand,BEV,Cars,2030,EV sales,High Growth,706179.82,361564.07,812106.8
Thailand,BEV,Cars,2030,EV sales,Low Growth,211641.7,179895.44,361564.07
Thailand,PHEV,Cars,2025,EV sales,Base Case,11664.52,10668.49,13041.33
Thailand,PHEV,Cars,2025,EV sales,High Growth,13041.33,11664.52,14997.53
Thailand,PHEV,Cars,2025,EV sales,Low Growth,10668.49,9068.22,11664.52
Thailand,PHEV,Cars,2026,EV sales,Base Case,13716.27,11473.82,17145.34
Thailand,PHEV,Cars,2026,EV sales,High Growth,17145.34,13716.27,19717.14
Thailand,PHEV,Cars,2026,EV sales,Low Growth,11473.82,9752.75,13716.27
Thailand,PHEV,Cars,2027,EV sales,Base Case,16410.33,12555.25,22934.13
Thailand,PHEV,Cars,2027,EV sales,High Growth,22934.13,16410.33,26374.25
Thailand,PHEV,Cars,2027,EV sales,Low Growth,12555.25,10671.96,16410.33
Thailand,PHEV,Cars,2028,EV sales,Base Case,20018.74,14008.15,31279.27
Thailand,PHEV,Cars,2028,EV sales,High Growth,31279.27,20018.74,35971.17
Thailand,PHEV,Cars,2028,EV sales,Low Growth,14008.15,11906.92,20018.74
Thailand,PHEV,Cars,2029,EV sales,Base Case,24908.75,15941.6,43513.79
Thailand,PHEV,Cars,2029,EV sales,High Growth,43513.79,24908.75,50040.86
Thailand,PHEV,Cars,2029,EV sales,Low Growth,15941.6,13550.36,24908.75
Thailand,PHEV,Cars,2030,EV sales,Base Case,31576.16,18483.12,61672.19
Thailand,PHEV,Cars,2030,EV sales,High Growth,61672.19,31576.16,70923.02
Thailand,PHEV,Cars,2030,EV sales,Low Growth,18483.12,15710.65,31576.16
Turkey,BEV,2 and 3 wheelers,2025,EV sales,Base Case,150592.35,137733.28,168367.36
Turkey,BEV,2 and 3 wheelers,2025,EV sales,High Growth,168367.36,150592.35,193622.47
Turkey,BEV,2 and 3 wheelers,2025,EV sales,Low Growth,137733.28,117073.29,150592.35
Turkey,BEV,2 and 3 wheelers,2026,EV sales,Base Case,200023.54,167322.02,250029.43
Turkey,BEV,2 and 3 wheelers,2026,EV sales,High Growth,250029.43,200023.54,287533.84
Turkey,BEV,2 and 3 wheelers,2026,EV sales,Low Growth,167322.02,142223.72,200023.54
Turkey,BEV,2 and 3 wheelers,2027,EV sales,Base Case,262051.98,200491.25,366228.77
Turkey,BEV,2 and 3 wheelers,2027,EV sales,High Growth,366228.77,262051.98,421163.09
Turkey,BEV,2 and 3 wheelers,2027,EV sales,Low Growth,200491.25,170417.56,262051.98
Turkey,BEV,2 and 3 wheelers,2028,EV sales,Base Case,340150.52,238020.92,531485.19
Turkey,BEV,2 and 3 wheelers,2028,EV sales,High Growth,531485.19,340150.52,611207.97
Turkey,BEV,2 and 3 wheelers,2028,EV sales,Low Growth,238020.92,202317.78,340150.52
Turkey,BEV,2 and 3 wheelers,2029,EV sales,Base Case,439007.56,280964.84,766914.65
Turkey,BEV,2 and 3 wheelers,2029,EV sales,High Growth,766914.65,439007.56,881951.84
Turkey,BEV,2 and 3 wheelers,2029,EV sales,Low Growth,280964.84,238820.11,439007.56
Turkey,BEV,2 and 3 wheelers,2030,EV sales,Base Case,564952.41,330695.16,1103422.67
Turkey,BEV,2 and 3 wheelers,2030,EV sales,High Growth,1103422.67,564952.41,1268936.07
Turkey,BEV,2 and 3 wheelers,2030,EV sales,Low Growth,330695.16,281090.88,564952.41
Turkey,BEV,Cars,2025,EV sales,Base Case,126202.31,115425.91,141098.47
Turkey,BEV,Cars,2025,EV sales,High Growth,141098.47,126202.31,162263.24
Turkey,BEV,Cars,2025,EV sales,Low Growth,115425.91,98112.02,126202.31
Turkey,BEV,Cars,2026,EV sales,Base Case,168545.38,140990.17,210681.72
Turkey,BEV,Cars,2026,EV sales,High Growth,210681.72,168545.38,242283.98
Turkey,BEV,Cars,2026,EV sales,Low Growth,140990.17,119841.65,168545.38
Turkey,BEV,Cars,2027,EV sales,Base Case,221515.37,169477.42,309577.14
Turkey,BEV,Cars,2027,EV sales,High Growth,309577.14,221515.37,356013.72
Turkey,BEV,Cars,2027,EV sales,Low Growth,169477.42,144055.81,221515.37
Turkey,BEV,Cars,2028,EV sales,Base Case,287977.41,201512.69,449964.71
Turkey,BEV,Cars,2028,EV sales,High Growth,449964.71,287977.41,517459.42
Turkey,BEV,Cars,2028,EV sales,Low Growth,201512.69,171285.79,287977.41
Turkey,BEV,Cars,2029,EV sales,Base Case,371799.42,237951.63,649506.85
Turkey,BEV,Cars,2029,EV sales,High Growth,649506.85,371799.42,746932.88
Turkey,BEV,Cars,2029,EV sales,Low Growth,237951.63,202258.88,371799.42
Turkey,BEV,Cars,2030,EV sales,Base Case,478203.07,279916.39,933990.37
Turkey,BEV,Cars,2030,EV sales,High Growth,933990.37,478203.07,1074088.92
Turkey,BEV,Cars,2030,EV sales,Low Growth,279916.39,237928.93,478203.07
Turkey,PHEV,Cars,2025,EV sales,Base Case,8075.35,7385.8,9028.52
Turkey,PHEV,Cars,2025,EV sales,High Growth,9028.52,8075.35,10382.8
Turkey,PHEV,Cars,2025,EV sales,Low Growth,7385.8,6277.93,8075.35
Turkey,PHEV,Cars,2026,EV sales,Base Case,10766.23,9006.08,13457.79
Turkey,PHEV,Cars,2026,EV sales,High Growth,13457.79,10766.23,15476.46
Turkey,PHEV,Cars,2026,EV sales,Low Growth,9006.08,7655.17,10766.23
Turkey,PHEV,Cars,2027,EV sales,Base Case,14153.05,10828.24,19779.49
Turkey,PHEV,Cars,2027,EV sales,High Growth,19779.49,14153.05,22746.41
Turkey,PHEV,Cars,2027,EV sales,Low Growth,10828.24,9204.01,14153.05
Turkey,PHEV,Cars,2028,EV sales,Base Case,18429.7,12896.22,28796.41
Turkey,PHEV,Cars,2028,EV sales,High Growth,28796.41,18429.7,33115.87
Turkey,PHEV,Cars,2028,EV sales,Low Growth,12896.22,10961.78,18429.7
Turkey,PHEV,Cars,2029,EV sales,Base Case,23857.96,15269.1,41678.15
Turkey,PHEV,Cars,2029,EV sales,High Growth,41678.15,23857.96,47929.87
Turkey,PHEV,Cars,2029,EV sales,Low Growth,15269.1,12978.73,23857.96
Turkey,PHEV,Cars,2030,EV sales,Base Case,30791.22,18023.65,60139.1
Turkey,PHEV,Cars,2030,EV sales,High Growth,60139.1,30791.22,69159.97
Turkey,PHEV,Cars,2030,EV sales,Low Growth,18023.65,15320.11,30791.22
United Kingdom,BEV,2 and 3 wheelers,2025,EV sales,Base Case,5096.43,4661.24,5697.98
United Kingdom,BEV,2 and 3 wheelers,2025,EV sales,High Growth,5697.98,5096.43,6552.68
United Kingdom,BEV,2 and 3 wheelers,2025,EV sales,Low Growth,4661.24,3962.06,5096.43
United Kingdom,BEV,2 and 3 wheelers,2026,EV sales,Base Case,6125.95,5124.43,7657.44
United Kingdom,BEV,2 and 3 wheelers,2026,EV sales,High Growth,7657.44,6125.95,8806.05
United Kingdom,BEV,2 and 3 wheelers,2026,EV sales,Low Growth,5124.43,4355.76,6125.95
United Kingdom,BEV,2 and 3 wheelers,2027,EV sales,Base Case,7398.84,5660.72,10340.2
United Kingdom,BEV,2 and 3 wheelers,2027,EV sales,High Growth,10340.2,7398.84,11891.23
United Kingdom,BEV,2 and 3 wheelers,2027,EV sales,Low Growth,5660.72,4811.61,7398.84
United Kingdom,BEV,2 and 3 wheelers,2028,EV sales,Base Case,8995.31,6294.49,14055.18
United Kingdom,BEV,2 and 3 wheelers,2028,EV sales,High Growth,14055.18,8995.31,16163.46
United Kingdom,BEV,2 and 3 wheelers,2028,EV sales,Low Growth,6294.49,5350.31,8995.31
United Kingdom,BEV,2 and 3 wheelers,2029,EV sales,Base Case,11021.49,7053.75,19253.74
United Kingdom,BEV,2 and 3 wheelers,2029,EV sales,High Growth,19253.74,11021.49,22141.8
United Kingdom,BEV,2 and 3 wheelers,2029,EV sales,Low Growth,7053.75,5995.69,11021.49
United Kingdom,BEV,2 and 3 wheelers,2030,EV sales,Base Case,13617.74,7971.15,26597.16
United Kingdom,BEV,2 and 3 wheelers,2030,EV sales,High Growth,26597.16,13617.74,30586.73
United Kingdom,BEV,2 and 3 wheelers,2030,EV sales,Low Growth,7971.15,6775.48,13617.74
United Kingdom,BEV,Buses,2025,EV sales,Base Case,2545.59,2328.22,2846.05
United Kingdom,BEV,Buses,2025,EV sales,High Growth,2846.05,2545.59,3272.96
United Kingdom,BEV,Buses,2025,EV sales,Low Growth,2328.22,1978.99,2545.59
United Kingdom,BEV,Buses,2026,EV sales,Base Case,3345.48,2798.54,4181.86
United Kingdom,BEV,Buses,2026,EV sales,High Growth,4181.86,3345.48,4809.13
United Kingdom,BEV,Buses,2026,EV sales,Low Growth,2798.54,2378.76,3345.48
United Kingdom,BEV,Buses,2027,EV sales,Base Case,4349.65,3327.84,6078.82
United Kingdom,BEV,Buses,2027,EV sales,High Growth,6078.82,4349.65,6990.64
United Kingdom,BEV,Buses,2027,EV sales,Low Growth,3327.84,2828.66,4349.65
United Kingdom,BEV,Buses,2028,EV sales,Base Case,5615.96,3929.78,8774.94
United Kingdom,BEV,Buses,2028,EV sales,High Growth,8774.94,5615.96,10091.18
United Kingdom,BEV,Buses,2028,EV sales,Low Growth,3929.78,3340.31,5615.96
United Kingdom,BEV,Buses,2029,EV sales,Base Case,7222.57,4622.44,12617.3
United Kingdom,BEV,Buses,2029,EV sales,High Growth,12617.3,7222.57,14509.9
United Kingdom,BEV,Buses,2029,EV sales,Low Growth,4622.44,3929.08,7222.57
United Kingdom,BEV,Buses,2030,EV sales,Base Case,9274.95,5429.09,18115.13
United Kingdom,BEV,Buses,2030,EV sales,High Growth,18115.13,9274.95,20832.4
United Kingdom,BEV,Buses,2030,EV sales,Low Growth,5429.09,4614.73,9274.95
United Kingdom,BEV,Cars,2025,EV sales,Base Case,506601.79,463343.12,566398.02
United Kingdom,BEV,Cars,2025,EV sales,High Growth,566398.02,506601.79,651357.73
United Kingdom,BEV,Cars,2025,EV sales,Low Growth,463343.12,393841.65,506601.79
United Kingdom,BEV,Cars,2026,EV sales,Base Case,651700.15,545154.76,814625.19
United Kingdom,BEV,Cars,2026,EV sales,High Growth,814625.19,651700.15,936818.97
United Kingdom,BEV,Cars,2026,EV sales,Low Growth,545154.76,463381.55,651700.15
United Kingdom,BEV,Cars,2027,EV sales,Base Case,833745.97,637884.03,1165195.42
United Kingdom,BEV,Cars,2027,EV sales,High Growth,1165195.42,833745.97,1339974.73
United Kingdom,BEV,Cars,2027,EV sales,Low Growth,637884.03,542201.43,833745.97
United Kingdom,BEV,Cars,2028,EV sales,Base Case,1063736.69,744351.59,1662088.58
United Kingdom,BEV,Cars,2028,EV sales,High Growth,1662088.58,1063736.69,1911401.86
United Kingdom,BEV,Cars,2028,EV sales,Low Growth,744351.59,632698.85,1063736.69
United Kingdom,BEV,Cars,2029,EV sales,Base Case,1356518.85,868172.06,2369740.9
United Kingdom,BEV,Cars,2029,EV sales,High Growth,2369740.9,1356518.85,2725202.04
United Kingdom,BEV,Cars,2029,EV sales,Low Growth,868172.06,737946.25,1356518.85
United Kingdom,BEV,Cars,2030,EV sales,Base Case,1732135.28,1013906.19,3383076.72
United Kingdom,BEV,Cars,2030,EV sales,High Growth,3383076.72,1732135.28,3890538.22
United Kingdom,BEV,Cars,2030,EV sales,Low Growth,1013906.19,861820.26,1732135.28
United Kingdom,BEV,Trucks,2025,EV sales,Base Case,2513.73,2299.08,2810.44
United Kingdom,BEV,Trucks,2025,EV sales,High Growth,2810.44,2513.73,3232.0
United Kingdom,BEV,Trucks,2025,EV sales,Low Growth,2299.08,1954.22,2513.73
United Kingdom,BEV,Trucks,2026,EV sales,Base Case,3334.81,2789.61,4168.52
United Kingdom,BEV,Trucks,2026,EV sales,High Growth,4168.52,3334.81,4793.79
United Kingdom,BEV,Trucks,2026,EV sales,Low Growth,2789.61,2371.17,3334.81
United Kingdom,BEV,Trucks,2027,EV sales,Base Case,4359.43,3335.33,6092.5
United Kingdom,BEV,Trucks,2027,EV sales,High Growth,6092.5,4359.43,7006.37
United Kingdom,BEV,Trucks,2027,EV sales,Low Growth,3335.33,2835.03,4359.43
United Kingdom,BEV,Trucks,2028,EV sales,Base Case,5642.58,3948.41,8816.54
United Kingdom,BEV,Trucks,2028,EV sales,High Growth,8816.54,5642.58,10139.02
United Kingdom,BEV,Trucks,2028,EV sales,Low Growth,3948.41,3356.15,5642.58
United Kingdom,BEV,Trucks,2029,EV sales,Base Case,7258.49,4645.44,12680.07
United Kingdom,BEV,Trucks,2029,EV sales,High Growth,12680.07,7258.49,14582.08
United Kingdom,BEV,Trucks,2029,EV sales,Low Growth,4645.44,3948.62,7258.49
United Kingdom,BEV,Trucks,2030,EV sales,Base Case,9307.38,5448.08,18178.47
United Kingdom,BEV,Trucks,2030,EV sales,High Growth,18178.47,9307.38,20905.24
United Kingdom,BEV,Trucks,2030,EV sales,Low Growth,5448.08,4630.87,9307.38
United Kingdom,BEV,Vans,2025,EV sales,Base Case,29198.49,26705.23,32644.9
United Kingdom,BEV,Vans,2025,EV sales,High Growth,32644.9,29198.49,37541.64
United Kingdom,BEV,Vans,2025,EV sales,Low Growth,26705.23,22699.45,29198.49
United Kingdom,BEV,Vans,2026,EV sales,Base Case,37344.64,31239.22,46680.8
United Kingdom,BEV,Vans,2026,EV sales,High Growth,46680.8,37344.64,53682.91
United Kingdom,BEV,Vans,2026,EV sales,Low Growth,31239.22,26553.34,37344.64
United Kingdom,BEV,Vans,2027,EV sales,Base Case,47535.92,36368.88,66433.47
United Kingdom,BEV,Vans,2027,EV sales,High Growth,66433.47,47535.92,76398.49
United Kingdom,BEV,Vans,2027,EV sales,Low Growth,36368.88,30913.55,47535.92
United Kingdom,BEV,Vans,2028,EV sales,Base Case,60380.1,42251.08,94343.91
United Kingdom,BEV,Vans,2028,EV sales,High Growth,94343.91,60380.1,108495.5
United Kingdom,BEV,Vans,2028,EV sales,Low Growth,42251.08,35913.42,60380.1
United Kingdom,BEV,Vans,2029,EV sales,Base Case,76697.64,49086.49,133985.27
United Kingdom,BEV,Vans,2029,EV sales,High Growth,133985.27,76697.64,154083.06
United Kingdom,BEV,Vans,2029,EV sales,Low Growth,49086.49,41723.52,76697.64
United Kingdom,BEV,Vans,2030,EV sales,Base Case,97596.17,57127.96,190617.52
United Kingdom,BEV,Vans,2030,EV sales,High Growth,190617.52,97596.17,219210.15
United Kingdom,BEV,Vans,2030,EV sales,Low Growth,57127.96,48558.77,97596.17
United Kingdom,FCEV,Buses,2025,EV sales,Base Case,86.92,79.5,97.18
United Kingdom,FCEV,Buses,2025,EV sales,High Growth,97.18,86.92,111.76
United Kingdom,FCEV,Buses,2025,EV sales,Low Growth,79.5,67.58,86.92
United Kingdom,FCEV,Buses,2026,EV sales,Base Case,105.26,88.05,131.58
United Kingdom,FCEV,Buses,2026,EV sales,High Growth,131.58,105.26,151.31
United Kingdom,FCEV,Buses,2026,EV sales,Low Growth,88.05,74.84,105.26
United Kingdom,FCEV,Buses,2027,EV sales,Base Case,126.22,96.57,176.4
United Kingdom,FCEV,Buses,2027,EV sales,High Growth,176.4,126.22,202.85
United Kingdom,FCEV,Buses,2027,EV sales,Low Growth,96.57,82.08,126.22
United Kingdom,FCEV,Buses,2028,EV sales,Base Case,150.02,104.98,234.41
United Kingdom,FCEV,Buses,2028,EV sales,High Growth,234.41,150.02,269.57
United Kingdom,FCEV,Buses,2028,EV sales,Low Growth,104.98,89.23,150.02
United Kingdom,FCEV,Buses,2029,EV sales,Base Case,176.92,113.23,309.07
United Kingdom,FCEV,Buses,2029,EV sales,High Growth,309.07,176.92,355.43
United Kingdom,FCEV,Buses,2029,EV sales,Low Growth,113.23,96.25,176.92
United Kingdom,FCEV,Buses,2030,EV sales,Base Case,207.23,121.3,404.75
United Kingdom,FCEV,Buses,2030,EV sales,High Growth,404.75,207.23,465.47
United Kingdom,FCEV,Buses,2030,EV sales,Low Growth,121.3,103.11,207.23
United Kingdom,FCEV,Cars,2025,EV sales,Base Case,22.5,18.82,28.12
United Kingdom,FCEV,Cars,2025,EV sales,High Growth,28.12,22.5,32.34
United Kingdom,FCEV,Cars,2025,EV sales,Low Growth,18.82,16.0,22.5
United Kingdom,FCEV,Cars,2026,EV sales,Base Case,22.5,17.21,31.44
United Kingdom,FCEV,Cars,2026,EV sales,High Growth,31.44,22.5,36.16
United Kingdom,FCEV,Cars,2026,EV sales,Low Growth,17.21,14.63,22.5
United Kingdom,FCEV,Cars,2027,EV sales,Base Case,22.5,15.74,35.16
United Kingdom,FCEV,Cars,2027,EV sales,High Growth,35.16,22.5,40.43
United Kingdom,FCEV,Cars,2027,EV sales,Low Growth,15.74,13.38,22.5
United Kingdom,FCEV,Cars,2028,EV sales,Base Case,22.5,14.4,39.31
United Kingdom,FCEV,Cars,2028,EV sales,High Growth,39.31,22.5,45.2
United Kingdom,FCEV,Cars,2028,EV sales,Low Growth,14.4,12.24,22.5
United Kingdom,FCEV,Cars,2029,EV sales,Base Case,23.14,13.54,45.19
United Kingdom,FCEV,Cars,2029,EV sales,High Growth,45.19,23.14,51.97
United Kingdom,FCEV,Cars,2029,EV sales,Low Growth,13.54,11.51,23.14
United Kingdom,FCEV,Cars,2030,EV sales,Base Case,25.64,13.73,55.99
United Kingdom,FCEV,Cars,2030,EV sales,High Growth,55.99,25.64,64.38
United Kingdom,FCEV,Cars,2030,EV sales,Low Growth,13.73,11.67,25.64
United Kingdom,PHEV,Buses,2025,EV sales,Base Case,58.5,31.32,127.74
United Kingdom,PHEV,Buses,2025,EV sales,High Growth,127.74,58.5,146.91
United Kingdom,PHEV,Buses,2025,EV sales,Low Growth,31.32,26.62,58.5
United Kingdom,PHEV,Buses,2026,EV sales,Base Case,58.5,28.64,142.82
United Kingdom,PHEV,Buses,2026,EV sales,High Growth,142.82,58.5,164.25
United Kingdom,PHEV,Buses,2026,EV sales,Low Growth,28.64,24.35,58.5
United Kingdom,PHEV,Buses,2027,EV sales,Base Case,58.5,26.2,159.68
United Kingdom,PHEV,Buses,2027,EV sales,High Growth,159.68,58.5,183.63
United Kingdom,PHEV,Buses,2027,EV sales,Low Growth,26.2,22.27,58.5
United Kingdom,PHEV,Buses,2028,EV sales,Base Case,58.5,23.96,178.53
United Kingdom,PHEV,Buses,2028,EV sales,High Growth,178.53,58.5,205.31
United Kingdom,PHEV,Buses,2028,EV sales,Low Growth,23.96,20.37,58.5
United Kingdom,PHEV,Buses,2029,EV sales,Base Case,58.5,21.92,199.6
United Kingdom,PHEV,Buses,2029,EV sales,High Growth,199.6,58.5,229.54
United Kingdom,PHEV,Buses,2029,EV sales,Low Growth,21.92,18.63,58.5
United Kingdom,PHEV,Buses,2030,EV sales,Base Case,58.5,20.04,223.16
United Kingdom,PHEV,Buses,2030,EV sales,High Growth,223.16,58.5,256.63
United Kingdom,PHEV,Buses,2030,EV sales,Low Growth,20.04,17.04,58.5
United Kingdom,PHEV,Cars,2025,EV sales,Base Case,209581.27,191685.15,234318.99
United Kingdom,PHEV,Cars,2025,EV sales,High Growth,234318.99,209581.27,269466.83
United Kingdom,PHEV,Cars,2025,EV sales,Low Growth,191685.15,162932.38,209581.27
United Kingdom,PHEV,Cars,2026,EV sales,Base Case,257384.42,215305.06,321730.52
United Kingdom,PHEV,Cars,2026,EV sales,High Growth,321730.52,257384.42,369990.1
United Kingdom,PHEV,Cars,2026,EV sales,Low Growth,215305.06,183009.3,257384.42
United Kingdom,PHEV,Cars,2027,EV sales,Base Case,315044.93,241035.21,440288.68
United Kingdom,PHEV,Cars,2027,EV sales,High Growth,440288.68,315044.93,506331.98
United Kingdom,PHEV,Cars,2027,EV sales,Low Growth,241035.21,204879.93,315044.93
United Kingdom,PHEV,Cars,2028,EV sales,Base Case,384834.83,269288.84,601304.42
United Kingdom,PHEV,Cars,2028,EV sales,High Growth,601304.42,384834.83,691500.08
United Kingdom,PHEV,Cars,2028,EV sales,Low Growth,269288.84,228895.51,384834.83
United Kingdom,PHEV,Cars,2029,EV sales,Base Case,469652.47,300577.58,820449.09
United Kingdom,PHEV,Cars,2029,EV sales,High Growth,820449.09,469652.47,943516.46
United Kingdom,PHEV,Cars,2029,EV sales,Low Growth,300577.58,255490.94,469652.47
United Kingdom,PHEV,Cars,2030,EV sales,Base Case,573195.25,335520.1,1119521.96
United Kingdom,PHEV,Cars,2030,EV sales,High Growth,1119521.96,573195.25,1287450.26
United Kingdom,PHEV,Cars,2030,EV sales,Low Growth,335520.1,285192.09,573195.25
United Kingdom,PHEV,Vans,2025,EV sales,Base Case,2295.34,2099.34,2566.27
United Kingdom,PHEV,Vans,2025,EV sales,High Growth,2566.27,2295.34,2951.21
United Kingdom,PHEV,Vans,2025,EV sales,Low Growth,2099.34,1784.44,2295.34
United Kingdom,PHEV,Vans,2026,EV sales,Base Case,2991.68,2502.57,3739.59
United Kingdom,PHEV,Vans,2026,EV sales,High Growth,3739.59,2991.68,4300.53
United Kingdom,PHEV,Vans,2026,EV sales,Low Growth,2502.57,2127.19,2991.68
United Kingdom,PHEV,Vans,2027,EV sales,Base Case,3883.19,2970.96,5426.93
United Kingdom,PHEV,Vans,2027,EV sales,High Growth,5426.93,3883.19,6240.97
United Kingdom,PHEV,Vans,2027,EV sales,Low Growth,2970.96,2525.32,3883.19
United Kingdom,PHEV,Vans,2028,EV sales,Base Case,5030.67,3520.22,7860.42
United Kingdom,PHEV,Vans,2028,EV sales,High Growth,7860.42,5030.67,9039.48
United Kingdom,PHEV,Vans,2028,EV sales,Low Growth,3520.22,2992.18,5030.67
United Kingdom,PHEV,Vans,2029,EV sales,Base Case,6516.14,4170.33,11383.23
United Kingdom,PHEV,Vans,2029,EV sales,High Growth,11383.23,6516.14,13090.72
United Kingdom,PHEV,Vans,2029,EV sales,Low Growth,4170.33,3544.78,6516.14
United Kingdom,PHEV,Vans,2030,EV sales,Base Case,8450.38,4946.44,16504.66
United Kingdom,PHEV,Vans,2030,EV sales,High Growth,16504.66,8450.38,18980.36
United Kingdom,PHEV,Vans,2030,EV sales,Low Growth,4946.44,4204.47,8450.38
United States,BEV,2 and 3 wheelers,2025,EV sales,Base Case,8487.73,7762.96,9489.57
United States,BEV,2 and 3 wheelers,2025,EV sales,High Growth,9489.57,8487.73,10913.0
United States,BEV,2 and 3 wheelers,2025,EV sales,Low Growth,7762.96,6598.52,8487.73
United States,BEV,2 and 3 wheelers,2026,EV sales,Base Case,9318.25,7794.83,11647.82
United States,BEV,2 and 3 wheelers,2026,EV sales,High Growth,11647.82,9318.25,13394.99
United States,BEV,2 and 3 wheelers,2026,EV sales,Low Growth,7794.83,6625.6,9318.25
United States,BEV,2 and 3 wheelers,2027,EV sales,Base Case,10275.6,7861.68,14360.59
United States,BEV,2 and 3 wheelers,2027,EV sales,High Growth,14360.59,10275.6,16514.67
United States,BEV,2 and 3 wheelers,2027,EV sales,Low Growth,7861.68,6682.42,10275.6
United States,BEV,2 and 3 wheelers,2028,EV sales,Base Case,11413.06,7986.31,17832.91
United States,BEV,2 and 3 wheelers,2028,EV sales,High Growth,17832.91,11413.06,20507.84
United States,BEV,2 and 3 wheelers,2028,EV sales,Low Growth,7986.31,6788.36,11413.06
United States,BEV,2 and 3 wheelers,2029,EV sales,Base Case,12796.2,8189.57,22354.04
United States,BEV,2 and 3 wheelers,2029,EV sales,High Growth,22354.04,12796.2,25707.15
United States,BEV,2 and 3 wheelers,2029,EV sales,Low Growth,8189.57,6961.13,12796.2
United States,BEV,2 and 3 wheelers,2030,EV sales,Base Case,14505.68,8490.91,28331.41
United States,BEV,2 and 3 wheelers,2030,EV sales,High Growth,28331.41,14505.68,32581.12
United States,BEV,2 and 3 wheelers,2030,EV sales,Low Growth,8490.91,7217.27,14505.68
United States,BEV,Buses,2025,EV sales,Base Case,3236.39,2960.03,3618.39
United States,BEV,Buses,2025,EV sales,High Growth,3618.39,3236.39,4161.15
United States,BEV,Buses,2025,EV sales,Low Growth,2960.03,2516.03,3236.39
United States,BEV,Buses,2026,EV sales,Base Case,4167.3,3485.99,5209.12
United States,BEV,Buses,2026,EV sales,High Growth,5209.12,4167.3,5990.49
United States,BEV,Buses,2026,EV sales,Low Growth,3485.99,2963.09,4167.3
United States,BEV,Buses,2027,EV sales,Base Case,5324.92,4074.0,7441.8
United States,BEV,Buses,2027,EV sales,High Growth,7441.8,5324.92,8558.07
United States,BEV,Buses,2027,EV sales,Low Growth,4074.0,3462.9,5324.92
United States,BEV,Buses,2028,EV sales,Base Case,6772.93,4739.37,10582.7
United States,BEV,Buses,2028,EV sales,High Growth,10582.7,6772.93,12170.1
United States,BEV,Buses,2028,EV sales,Low Growth,4739.37,4028.46,6772.93
United States,BEV,Buses,2029,EV sales,Base Case,8597.27,5502.26,15018.82
United States,BEV,Buses,2029,EV sales,High Growth,15018.82,8597.27,17271.64
United States,BEV,Buses,2029,EV sales,Low Growth,5502.26,4676.92,8597.27
United States,BEV,Buses,2030,EV sales,Base Case,10914.0,6388.51,21316.4
United States,BEV,Buses,2030,EV sales,High Growth,21316.4,10914.0,24513.86
United States,BEV,Buses,2030,EV sales,Low Growth,6388.51,5430.24,10914.0
United States,BEV,Cars,2025,EV sales,Base Case,1600066.3,1463436.8,1788928.51
United States,BEV,Cars,2025,EV sales,High Growth,1788928.51,1600066.3,2057267.78
United States,BEV,Cars,2025,EV sales,Low Growth,1463436.8,1243921.28,1600066.3
United States,BEV,Cars,2026,EV sales,Base Case,2060406.55,1723554.06,2575508.19
United States,BEV,Cars,2026,EV sales,High Growth,2575508.19,2060406.55,2961834.41
United States,BEV,Cars,2026,EV sales,Low Growth,1723554.06,1465020.96,2060406.55
United States,BEV,Cars,2027,EV sales,Base Case,2638583.39,2018732.66,3687532.39
United States,BEV,Cars,2027,EV sales,High Growth,3687532.39,2638583.39,4240662.25
United States,BEV,Cars,2027,EV sales,Low Growth,2018732.66,1715922.76,2638583.39
United States,BEV,Cars,2028,EV sales,Base Case,3369325.58,2357691.39,5264571.21
United States,BEV,Cars,2028,EV sales,High Growth,5264571.21,3369325.58,6054256.9
United States,BEV,Cars,2028,EV sales,Low Growth,2357691.39,2004037.68,3369325.58
United States,BEV,Cars,2029,EV sales,Base Case,4299516.92,2751690.83,7510946.96
United States,BEV,Cars,2029,EV sales,High Growth,7510946.96,4299516.92,8637589.0
United States,BEV,Cars,2029,EV sales,Low Growth,2751690.83,2338937.2,4299516.92
United States,BEV,Cars,2030,EV sales,Base Case,5492450.57,3215008.5,10727442.51
United States,BEV,Cars,2030,EV sales,High Growth,10727442.51,5492450.57,12336558.89
United States,BEV,Cars,2030,EV sales,Low Growth,3215008.5,2732757.23,5492450.57
United States,BEV,Vans,2025,EV sales,Base Case,35677.76,32631.24,39888.95
United States,BEV,Vans,2025,EV sales,High Growth,39888.95,35677.76,45872.3
United States,BEV,Vans,2025,EV sales,Low Growth,32631.24,27736.56,35677.76
United States,BEV,Vans,2026,EV sales,Base Case,47991.02,40145.04,59988.77
United States,BEV,Vans,2026,EV sales,High Growth,59988.77,47991.02,68987.08
United States,BEV,Vans,2026,EV sales,Low Growth,40145.04,34123.29,47991.02
United States,BEV,Vans,2027,EV sales,Base Case,63245.26,48387.81,88387.94
United States,BEV,Vans,2027,EV sales,High Growth,88387.94,63245.26,101646.13
United States,BEV,Vans,2027,EV sales,Low Growth,48387.81,41129.64,63245.26
United States,BEV,Vans,2028,EV sales,Base Case,82192.95,57514.66,128426.48
United States,BEV,Vans,2028,EV sales,High Growth,128426.48,82192.95,147690.46
United States,BEV,Vans,2028,EV sales,Low Growth,57514.66,48887.46,82192.95
United States,BEV,Vans,2029,EV sales,Base Case,105849.9,67743.94,184912.17
United States,BEV,Vans,2029,EV sales,High Growth,184912.17,105849.9,212649.0
United States,BEV,Vans,2029,EV sales,Low Growth,67743.94,57582.35,105849.9
United States,BEV,Vans,2030,EV sales,Base Case,135587.47,79366.19,264819.28
United States,BEV,Vans,2030,EV sales,High Growth,264819.28,135587.47,304542.18
United States,BEV,Vans,2030,EV sales,Low Growth,79366.19,67461.26,135587.47
United States,FCEV,Buses,2025,EV sales,Base Case,241.3,220.7,269.79
United States,FCEV,Buses,2025,EV sales,High Growth,269.79,241.3,310.25
United States,FCEV,Buses,2025,EV sales,Low Growth,220.7,187.59,241.3
United States,FCEV,Buses,2026,EV sales,Base Case,314.2,262.83,392.75
United States,FCEV,Buses,2026,EV sales,High Growth,392.75,314.2,451.67
United States,FCEV,Buses,2026,EV sales,Low Growth,262.83,223.41,314.2
United States,FCEV,Buses,2027,EV sales,Base Case,404.7,309.63,565.59
United States,FCEV,Buses,2027,EV sales,High Growth,565.59,404.7,650.43
United States,FCEV,Buses,2027,EV sales,Low Growth,309.63,263.19,404.7
United States,FCEV,Buses,2028,EV sales,Base Case,518.01,362.48,809.39
United States,FCEV,Buses,2028,EV sales,High Growth,809.39,518.01,930.8
United States,FCEV,Buses,2028,EV sales,Low Growth,362.48,308.11,518.01
United States,FCEV,Buses,2029,EV sales,Base Case,661.16,423.14,1155.0
United States,FCEV,Buses,2029,EV sales,High Growth,1155.0,661.16,1328.25
United States,FCEV,Buses,2029,EV sales,Low Growth,423.14,359.67,661.16
United States,FCEV,Buses,2030,EV sales,Base Case,843.65,493.83,1647.75
United States,FCEV,Buses,2030,EV sales,High Growth,1647.75,843.65,1894.92
United States,FCEV,Buses,2030,EV sales,Low Growth,493.83,419.76,843.65
United States,FCEV,Cars,2025,EV sales,Base Case,846.4,774.13,946.31
United States,FCEV,Cars,2025,EV sales,High Growth,946.31,846.4,1088.25
United States,FCEV,Cars,2025,EV sales,Low Growth,774.13,658.01,846.4
United States,FCEV,Cars,2026,EV sales,Base Case,567.0,474.3,708.75
United States,FCEV,Cars,2026,EV sales,High Growth,708.75,567.0,815.06
United States,FCEV,Cars,2026,EV sales,Low Growth,474.3,403.16,567.0
United States,FCEV,Cars,2027,EV sales,Base Case,581.78,445.11,813.06
United States,FCEV,Cars,2027,EV sales,High Growth,813.06,581.78,935.02
United States,FCEV,Cars,2027,EV sales,Low Growth,445.11,378.34,581.78
United States,FCEV,Cars,2028,EV sales,Base Case,713.79,499.48,1115.3
United States,FCEV,Cars,2028,EV sales,High Growth,1115.3,713.79,1282.6
United States,FCEV,Cars,2028,EV sales,Low Growth,499.48,424.56,713.79
United States,FCEV,Cars,2029,EV sales,Base Case,875.77,560.49,1529.9
United States,FCEV,Cars,2029,EV sales,High Growth,1529.9,875.77,1759.39
United States,FCEV,Cars,2029,EV sales,Low Growth,560.49,476.42,875.77
United States,FCEV,Cars,2030,EV sales,Base Case,1074.49,628.96,2098.62
United States,FCEV,Cars,2030,EV sales,High Growth,2098.62,1074.49,2413.42
United States,FCEV,Cars,2030,EV sales,Low Growth,628.96,534.61,1074.49
United States,PHEV,Cars,2025,EV sales,Base Case,396035.59,362218.15,442781.25
United States,PHEV,Cars,2025,EV sales,High Growth,442781.25,396035.59,509198.43
United States,PHEV,Cars,2025,EV sales,Low Growth,362218.15,307885.43,396035.59
United States,PHEV,Cars,2026,EV sales,Base Case,485739.91,406327.09,607174.89
United States,PHEV,Cars,2026,EV sales,High Growth,607174.89,485739.91,698251.12
United States,PHEV,Cars,2026,EV sales,Low Growth,406327.09,345378.03,485739.91
United States,PHEV,Cars,2027,EV sales,Base Case,592220.75,453097.44,827653.66
United States,PHEV,Cars,2027,EV sales,High Growth,827653.66,592220.75,951801.71
United States,PHEV,Cars,2027,EV sales,Low Growth,453097.44,385132.82,592220.75
United States,PHEV,Cars,2028,EV sales,Base Case,718596.61,502839.22,1122807.21
United States,PHEV,Cars,2028,EV sales,High Growth,1122807.21,718596.61,1291228.29
United States,PHEV,Cars,2028,EV sales,Low Growth,502839.22,427413.34,718596.61
United States,PHEV,Cars,2029,EV sales,Base Case,868765.11,556009.67,1517670.19
United States,PHEV,Cars,2029,EV sales,High Growth,1517670.19,868765.11,1745320.72
United States,PHEV,Cars,2029,EV sales,Low Growth,556009.67,472608.22,868765.11
United States,PHEV,Cars,2030,EV sales,Base Case,1047597.63,613211.76,2046089.11
United States,PHEV,Cars,2030,EV sales,High Growth,2046089.11,1047597.63,2353002.48
United States,PHEV,Cars,2030,EV sales,Low Growth,613211.76,521230.0,1047597.63
Vietnam,BEV,2 and 3 wheelers,2025,EV sales,Base Case,309155.67,282756.9,345646.55
Vietnam,BEV,2 and 3 wheelers,2025,EV sales,High Growth,345646.55,309155.67,397493.53
Vietnam,BEV,2 and 3 wheelers,2025,EV sales,Low Growth,282756.9,240343.37,309155.67
Vietnam,BEV,2 and 3 wheelers,2026,EV sales,Base Case,370092.53,309586.71,462615.66
Vietnam,BEV,2 and 3 wheelers,2026,EV sales,High Growth,462615.66,370092.53,532008.01
Vietnam,BEV,2 and 3 wheelers,2026,EV sales,Low Growth,309586.71,263148.7,370092.53
Vietnam,BEV,2 and 3 wheelers,2027,EV sales,Base Case,449395.05,343824.06,628048.68
Vietnam,BEV,2 and 3 wheelers,2027,EV sales,High Growth,628048.68,449395.05,722255.98
Vietnam,BEV,2 and 3 wheelers,2027,EV sales,Low Growth,343824.06,292250.45,449395.05
Vietnam,BEV,2 and 3 wheelers,2028,EV sales,Base Case,554298.39,387871.25,866091.23
Vietnam,BEV,2 and 3 wheelers,2028,EV sales,High Growth,866091.23,554298.39,996004.91
Vietnam,BEV,2 and 3 wheelers,2028,EV sales,Low Growth,387871.25,329690.57,554298.39
Vietnam,BEV,2 and 3 wheelers,2029,EV sales,Base Case,694570.0,444524.8,1213363.86
Vietnam,BEV,2 and 3 wheelers,2029,EV sales,High Growth,1213363.86,694570.0,1395368.44
Vietnam,BEV,2 and 3 wheelers,2029,EV sales,Low Growth,444524.8,377846.08,694570.0
Vietnam,BEV,2 and 3 wheelers,2030,EV sales,Base Case,883395.97,517096.24,1725382.75
Vietnam,BEV,2 and 3 wheelers,2030,EV sales,High Growth,1725382.75,883395.97,1984190.16
Vietnam,BEV,2 and 3 wheelers,2030,EV sales,Low Growth,517096.24,439531.81,883395.97
Vietnam,BEV,Cars,2025,EV sales,Base Case,87994.58,80480.73,98380.93
Vietnam,BEV,Cars,2025,EV sales,High Growth,98380.93,87994.58,113138.08
Vietnam,BEV,Cars,2025,EV sales,Low Growth,80480.73,68408.62,87994.58
Vietnam,BEV,Cars,2026,EV sales,Base Case,119049.28,99586.11,148811.6
Vietnam,BEV,Cars,2026,EV sales,High Growth,148811.6,119049.28,171133.34
Vietnam,BEV,Cars,2026,EV sales,Low Growth,99586.11,84648.19,119049.28
Vietnam,BEV,Cars,2027,EV sales,Base Case,157849.09,120767.5,220600.81
Vietnam,BEV,Cars,2027,EV sales,High Growth,220600.81,157849.09,253690.94
Vietnam,BEV,Cars,2027,EV sales,Low Growth,120767.5,102652.37,157849.09
Vietnam,BEV,Cars,2028,EV sales,Base Case,206390.93,144422.41,322485.83
Vietnam,BEV,Cars,2028,EV sales,High Growth,322485.83,206390.93,370858.7
Vietnam,BEV,Cars,2028,EV sales,Low Growth,144422.41,122759.05,206390.93
Vietnam,BEV,Cars,2029,EV sales,Base Case,267370.6,171117.19,467077.22
Vietnam,BEV,Cars,2029,EV sales,High Growth,467077.22,267370.6,537138.81
Vietnam,BEV,Cars,2029,EV sales,Low Growth,171117.19,145449.61,267370.6
Vietnam,BEV,Cars,2030,EV sales,Base Case,344427.48,201610.78,672709.91
Vietnam,BEV,Cars,2030,EV sales,High Growth,672709.91,344427.48,773616.4
Vietnam,BEV,Cars,2030,EV sales,Low Growth,201610.78,171369.17,344427.48
Vietnam,PHEV,Cars,2025,EV sales,Base Case,119.94,109.7,134.1
Vietnam,PHEV,Cars,2025,EV sales,High Growth,134.1,119.94,154.22
Vietnam,PHEV,Cars,2025,EV sales,Low Growth,109.7,93.25,119.94
Vietnam,PHEV,Cars,2026,EV sales,Base Case,160.76,134.48,200.96
Vietnam,PHEV,Cars,2026,EV sales,High Growth,200.96,160.76,231.1
Vietnam,PHEV,Cars,2026,EV sales,Low Growth,134.48,114.31,160.76
Vietnam,PHEV,Cars,2027,EV sales,Base Case,210.5,161.05,294.18
Vietnam,PHEV,Cars,2027,EV sales,High Growth,294.18,210.5,338.3
Vietnam,PHEV,Cars,2027,EV sales,Low Growth,161.05,136.89,210.5
Vietnam,PHEV,Cars,2028,EV sales,Base Case,271.57,190.03,424.32
Vietnam,PHEV,Cars,2028,EV sales,High Growth,424.32,271.57,487.97
Vietnam,PHEV,Cars,2028,EV sales,Low Growth,190.03,161.52,271.57
Vietnam,PHEV,Cars,2029,EV sales,Base Case,347.26,222.25,606.64
Vietnam,PHEV,Cars,2029,EV sales,High Growth,606.64,347.26,697.63
Vietnam,PHEV,Cars,2029,EV sales,Low Growth,222.25,188.91,347.26
Vietnam,PHEV,Cars,2030,EV sales,Base Case,442.0,258.73,863.29
Vietnam,PHEV,Cars,2030,EV sales,High Growth,863.29,442.0,992.78
Vietnam,PHEV,Cars,2030,EV sales,Low Growth,258.73,219.92,442.0
World,BEV,2 and 3 wheelers,2025,EV sales,Base Case,11388183.39,10415747.6,12732376.1
World,BEV,2 and 3 wheelers,2025,EV sales,High Growth,12732376.1,11388183.39,14642232.52
World,BEV,2 and 3 wheelers,2025,EV sales,Low Growth,10415747.6,8853385.46,11388183.39
World,BEV,2 and 3 wheelers,2026,EV sales,Base Case,12423232.48,10392178.6,15529040.59
World,BEV,2 and 3 wheelers,2026,EV sales,High Growth,15529040.59,12423232.48,17858396.68
World,BEV,2 and 3 wheelers,2026,EV sales,Low Growth,10392178.6,8833351.81,12423232.48
World,BEV,2 and 3 wheelers,2027,EV sales,Base Case,13536748.53,10356722.63,18918181.19
World,BEV,2 and 3 wheelers,2027,EV sales,High Growth,18918181.19,13536748.53,21755908.36
World,BEV,2 and 3 wheelers,2027,EV sales,Low Growth,10356722.63,8803214.24,13536748.53
World,BEV,2 and 3 wheelers,2028,EV sales,Base Case,14748931.28,10320590.14,23045205.12
World,BEV,2 and 3 wheelers,2028,EV sales,High Growth,23045205.12,14748931.28,26501985.89
World,BEV,2 and 3 wheelers,2028,EV sales,Low Growth,10320590.14,8772501.62,14748931.28
World,BEV,2 and 3 wheelers,2029,EV sales,Base Case,16083049.45,10293151.65,28095931.14
World,BEV,2 and 3 wheelers,2029,EV sales,High Growth,28095931.14,16083049.45,32310320.81
World,BEV,2 and 3 wheelers,2029,EV sales,Low Growth,10293151.65,8749178.9,16083049.45
World,BEV,2 and 3 wheelers,2030,EV sales,Base Case,17565907.03,10282211.88,34308412.17
World,BEV,2 and 3 wheelers,2030,EV sales,High Growth,34308412.17,17565907.03,39454674.0
World,BEV,2 and 3 wheelers,2030,EV sales,Low Growth,10282211.88,8739880.09,17565907.03
World,BEV,Buses,2025,EV sales,Base Case,63000.0,57620.44,70436.14
World,BEV,Buses,2025,EV sales,High Growth,70436.14,63000.0,81001.56
World,BEV,Buses,2025,EV sales,Low Growth,57620.44,48977.37,63000.0
World,BEV,Buses,2026,EV sales,Base Case,63000.0,52700.23,78750.0
World,BEV,Buses,2026,EV sales,High Growth,78750.0,63000.0,90562.5
World,BEV,Buses,2026,EV sales,Low Growth,52700.23,44795.2,63000.0
World,BEV,Buses,2027,EV sales,Base Case,63000.0,48200.17,88045.18
World,BEV,Buses,2027,EV sales,High Growth,88045.18,63000.0,101251.95
World,BEV,Buses,2027,EV sales,Low Growth,48200.17,40970.14,63000.0
World,BEV,Buses,2028,EV sales,Base Case,63000.0,44084.36,98437.5
World,BEV,Buses,2028,EV sales,High Growth,98437.5,63000.0,113203.12
World,BEV,Buses,2028,EV sales,Low Growth,44084.36,37471.7,63000.0
World,BEV,Buses,2029,EV sales,Base Case,63000.0,40320.0,110056.47
World,BEV,Buses,2029,EV sales,High Growth,110056.47,63000.0,126564.94
World,BEV,Buses,2029,EV sales,Low Growth,40320.0,34272.0,63000.0
World,BEV,Buses,2030,EV sales,Base Case,63000.0,36877.08,123046.88
World,BEV,Buses,2030,EV sales,High Growth,123046.88,63000.0,141503.91
World,BEV,Buses,2030,EV sales,Low Growth,36877.08,31345.52,63000.0
World,BEV,Cars,2025,EV sales,Base Case,14671510.34,13418711.6,16403247.23
World,BEV,Cars,2025,EV sales,High Growth,16403247.23,14671510.34,18863734.31
World,BEV,Cars,2025,EV sales,Low Growth,13418711.6,11405904.86,14671510.34
World,BEV,Cars,2026,EV sales,Base Case,18929976.2,15835145.47,23662470.25
World,BEV,Cars,2026,EV sales,High Growth,23662470.25,18929976.2,27211840.78
World,BEV,Cars,2026,EV sales,Low Growth,15835145.47,13459873.65,18929976.2
World,BEV,Cars,2027,EV sales,Base Case,24272092.13,18570140.79,33921279.98
World,BEV,Cars,2027,EV sales,High Growth,33921279.98,24272092.13,39009471.98
World,BEV,Cars,2027,EV sales,Low Growth,18570140.79,15784619.67,24272092.13
World,BEV,Cars,2028,EV sales,Base Case,31016205.03,21703643.04,48462820.36
World,BEV,Cars,2028,EV sales,High Growth,48462820.36,31016205.03,55732243.41
World,BEV,Cars,2028,EV sales,Low Growth,21703643.04,18448096.59,31016205.03
World,BEV,Cars,2029,EV sales,Base Case,39592083.17,25338933.23,69164522.92
World,BEV,Cars,2029,EV sales,High Growth,69164522.92,39592083.17,79539201.35
World,BEV,Cars,2029,EV sales,Low Growth,25338933.23,21538093.24,39592083.17
World,BEV,Cars,2030,EV sales,Base Case,50579913.72,29606976.09,98788893.99
World,BEV,Cars,2030,EV sales,High Growth,98788893.99,50579913.72,113607228.09
World,BEV,Cars,2030,EV sales,Low Growth,29606976.09,25165929.68,50579913.72
World,BEV,Trucks,2025,EV sales,Base Case,100340.59,91772.51,112184.19
World,BEV,Trucks,2025,EV sales,High Growth,112184.19,100340.59,129011.81
World,BEV,Trucks,2025,EV sales,Low Growth,91772.51,78006.64,100340.59
World,BEV,Trucks,2026,EV sales,Base Case,122140.47,102171.92,152675.58
World,BEV,Trucks,2026,EV sales,High Growth,152675.58,122140.47,175576.92
World,BEV,Trucks,2026,EV sales,Low Growth,102171.92,86846.13,122140.47
World,BEV,Trucks,2027,EV sales,Base Case,147815.0,113090.6,206577.75
World,BEV,Trucks,2027,EV sales,High Growth,206577.75,147815.0,237564.41
World,BEV,Trucks,2027,EV sales,Low Growth,113090.6,96127.01,147815.0
World,BEV,Trucks,2028,EV sales,Base Case,177868.32,124463.67,277919.25
World,BEV,Trucks,2028,EV sales,High Growth,277919.25,177868.32,319607.14
World,BEV,Trucks,2028,EV sales,Low Growth,124463.67,105794.12,177868.32
World,BEV,Trucks,2029,EV sales,Base Case,212909.34,136261.98,371937.3
World,BEV,Trucks,2029,EV sales,High Growth,371937.3,212909.34,427727.9
World,BEV,Trucks,2029,EV sales,Low Growth,136261.98,115822.68,212909.34
World,BEV,Trucks,2030,EV sales,Base Case,253673.49,148487.9,495456.04
World,BEV,Trucks,2030,EV sales,High Growth,495456.04,253673.49,569774.45
World,BEV,Trucks,2030,EV sales,Low Growth,148487.9,126214.71,253673.49
World,BEV,Vans,2025,EV sales,Base Case,822274.72,752060.76,919331.08
World,BEV,Vans,2025,EV sales,High Growth,919331.08,822274.72,1057230.74
World,BEV,Vans,2025,EV sales,Low Growth,752060.76,639251.65,822274.72
World,BEV,Vans,2026,EV sales,Base Case,1073692.12,898155.96,1342115.15
World,BEV,Vans,2026,EV sales,High Growth,1342115.15,1073692.12,1543432.43
World,BEV,Vans,2026,EV sales,Low Growth,898155.96,763432.57,1073692.12
World,BEV,Vans,2027,EV sales,Base Case,1389689.58,1063226.48,1942150.22
World,BEV,Vans,2027,EV sales,High Growth,1942150.22,1389689.58,2233472.76
World,BEV,Vans,2027,EV sales,Low Growth,1063226.48,903742.51,1389689.58
World,BEV,Vans,2028,EV sales,Base Case,1788789.08,1251708.25,2794982.93
World,BEV,Vans,2028,EV sales,High Growth,2794982.93,1788789.08,3214230.37
World,BEV,Vans,2028,EV sales,Low Growth,1251708.25,1063952.01,1788789.08
World,BEV,Vans,2029,EV sales,Base Case,2295995.32,1469437.01,4010938.76
World,BEV,Vans,2029,EV sales,High Growth,4010938.76,2295995.32,4612579.58
World,BEV,Vans,2029,EV sales,Low Growth,1469437.01,1249021.45,2295995.32
World,BEV,Vans,2030,EV sales,Base Case,2945064.66,1723894.97,5752079.41
World,BEV,Vans,2030,EV sales,High Growth,5752079.41,2945064.66,6614891.32
World,BEV,Vans,2030,EV sales,Low Growth,1723894.97,1465310.73,2945064.66
World,FCEV,Buses,2025,EV sales,Base Case,2460.72,2250.6,2751.16
World,FCEV,Buses,2025,EV sales,High Growth,2751.16,2460.72,3163.84
World,FCEV,Buses,2025,EV sales,Low Growth,2250.6,1913.01,2460.72
World,FCEV,Buses,2026,EV sales,Base Case,3015.98,2522.9,3769.97
World,FCEV,Buses,2026,EV sales,High Growth,3769.97,3015.98,4335.47
World,FCEV,Buses,2026,EV sales,Low Growth,2522.9,2144.47,3015.98
World,FCEV,Buses,2027,EV sales,Base Case,3730.88,2854.43,5214.06
World,FCEV,Buses,2027,EV sales,High Growth,5214.06,3730.88,5996.17
World,FCEV,Buses,2027,EV sales,Low Growth,2854.43,2426.26,3730.88
World,FCEV,Buses,2028,EV sales,Base Case,4663.3,3263.16,7286.41
World,FCEV,Buses,2028,EV sales,High Growth,7286.41,4663.3,8379.38
World,FCEV,Buses,2028,EV sales,Low Growth,3263.16,2773.68,4663.3
World,FCEV,Buses,2029,EV sales,Base Case,5891.39,3770.49,10291.84
World,FCEV,Buses,2029,EV sales,High Growth,10291.84,5891.39,11835.61
World,FCEV,Buses,2029,EV sales,Low Growth,3770.49,3204.92,5891.39
World,FCEV,Buses,2030,EV sales,Base Case,7520.63,4402.2,14688.73
World,FCEV,Buses,2030,EV sales,High Growth,14688.73,7520.63,16892.03
World,FCEV,Buses,2030,EV sales,Low Growth,4402.2,3741.87,7520.63
World,FCEV,Cars,2025,EV sales,Base Case,6997.06,6399.58,7822.95
World,FCEV,Cars,2025,EV sales,High Growth,7822.95,6997.06,8996.39
World,FCEV,Cars,2025,EV sales,Low Growth,6399.58,5439.64,6997.06
World,FCEV,Cars,2026,EV sales,Base Case,6832.32,5715.32,8540.4
World,FCEV,Cars,2026,EV sales,High Growth,8540.4,6832.32,9821.46
World,FCEV,Cars,2026,EV sales,Low Growth,5715.32,4858.02,6832.32
World,FCEV,Cars,2027,EV sales,Base Case,6619.89,5064.76,9251.57
World,FCEV,Cars,2027,EV sales,High Growth,9251.57,6619.89,10639.31
World,FCEV,Cars,2027,EV sales,Low Growth,5064.76,4305.04,6619.89
World,FCEV,Cars,2028,EV sales,Base Case,6435.08,4502.96,10054.81
World,FCEV,Cars,2028,EV sales,High Growth,10054.81,6435.08,11563.04
World,FCEV,Cars,2028,EV sales,Low Growth,4502.96,3827.52,6435.08
World,FCEV,Cars,2029,EV sales,Base Case,8033.06,5141.16,14033.18
World,FCEV,Cars,2029,EV sales,High Growth,14033.18,8033.06,16138.16
World,FCEV,Cars,2029,EV sales,Low Growth,5141.16,4369.99,8033.06
World,FCEV,Cars,2030,EV sales,Base Case,10027.86,5869.81,19585.66
World,FCEV,Cars,2030,EV sales,High Growth,19585.66,10027.86,22523.51
World,FCEV,Cars,2030,EV sales,Low Growth,5869.81,4989.34,10027.86
World,FCEV,Trucks,2025,EV sales,Base Case,6106.24,5584.83,6826.98
World,FCEV,Trucks,2025,EV sales,High Growth,6826.98,6106.24,7851.03
World,FCEV,Trucks,2025,EV sales,Low Growth,5584.83,4747.1,6106.24
World,FCEV,Trucks,2026,EV sales,Base Case,7874.16,6586.83,9842.7
World,FCEV,Trucks,2026,EV sales,High Growth,9842.7,7874.16,11319.11
World,FCEV,Trucks,2026,EV sales,Low Growth,6586.83,5598.81,7874.16
World,FCEV,Trucks,2027,EV sales,Base Case,10108.47,7733.8,14127.01
World,FCEV,Trucks,2027,EV sales,High Growth,14127.01,10108.47,16246.06
World,FCEV,Trucks,2027,EV sales,Low Growth,7733.8,6573.73,10108.47
World,FCEV,Trucks,2028,EV sales,Base Case,12948.06,9060.43,20231.34
World,FCEV,Trucks,2028,EV sales,High Growth,20231.34,12948.06,23266.05
World,FCEV,Trucks,2028,EV sales,Low Growth,9060.43,7701.36,12948.06
World,FCEV,Trucks,2029,EV sales,Base Case,16580.48,10611.51,28964.91
World,FCEV,Trucks,2029,EV sales,High Growth,28964.91,16580.48,33309.65
World,FCEV,Trucks,2029,EV sales,Low Growth,10611.51,9019.78,16580.48
World,FCEV,Trucks,2030,EV sales,Base Case,21258.91,12443.91,41521.3
World,FCEV,Trucks,2030,EV sales,High Growth,41521.3,21258.91,47749.5
World,FCEV,Trucks,2030,EV sales,Low Growth,12443.91,10577.32,21258.91
World,FCEV,Vans,2025,EV sales,Base Case,3443.17,3149.16,3849.58
World,FCEV,Vans,2025,EV sales,High Growth,3849.58,3443.17,4427.02
World,FCEV,Vans,2025,EV sales,Low Growth,3149.16,2676.78,3443.17
World,FCEV,Vans,2026,EV sales,Base Case,4570.84,3823.56,5713.55
World,FCEV,Vans,2026,EV sales,High Growth,5713.55,4570.84,6570.58
World,FCEV,Vans,2026,EV sales,Low Growth,3823.56,3250.03,4570.84
World,FCEV,Vans,2027,EV sales,Base Case,5978.74,4574.23,8355.54
World,FCEV,Vans,2027,EV sales,High Growth,8355.54,5978.74,9608.88
World,FCEV,Vans,2027,EV sales,Low Growth,4574.23,3888.09,5978.74
World,FCEV,Vans,2028,EV sales,Base Case,7742.11,5417.56,12097.05
World,FCEV,Vans,2028,EV sales,High Growth,12097.05,7742.11,13911.61
World,FCEV,Vans,2028,EV sales,Low Growth,5417.56,4604.92,7742.11
World,FCEV,Vans,2029,EV sales,Base Case,9962.54,6376.02,17403.84
World,FCEV,Vans,2029,EV sales,High Growth,17403.84,9962.54,20014.41
World,FCEV,Vans,2029,EV sales,Low Growth,6376.02,5419.62,9962.54
World,FCEV,Vans,2030,EV sales,Base Case,12777.15,7479.11,24955.38
World,FCEV,Vans,2030,EV sales,High Growth,24955.38,12777.15,28698.68
World,FCEV,Vans,2030,EV sales,Low Growth,7479.11,6357.25,12777.15
World,PHEV,2 and 3 wheelers,2025,EV sales,Base Case,3.86,2.96,5.4
World,PHEV,2 and 3 wheelers,2025,EV sales,High Growth,5.4,3.86,6.21
World,PHEV,2 and 3 wheelers,2025,EV sales,Low Growth,2.96,2.51,3.86
World,PHEV,2 and 3 wheelers,2026,EV sales,Base Case,4.91,3.44,7.68
World,PHEV,2 and 3 wheelers,2026,EV sales,High Growth,7.68,4.91,8.83
World,PHEV,2 and 3 wheelers,2026,EV sales,Low Growth,3.44,2.92,4.91
World,PHEV,2 and 3 wheelers,2027,EV sales,Base Case,6.25,4.0,10.92
World,PHEV,2 and 3 wheelers,2027,EV sales,High Growth,10.92,6.25,12.56
World,PHEV,2 and 3 wheelers,2027,EV sales,Low Growth,4.0,3.4,6.25
World,PHEV,2 and 3 wheelers,2028,EV sales,Base Case,7.88,4.61,15.38
World,PHEV,2 and 3 wheelers,2028,EV sales,High Growth,15.38,7.88,17.69
World,PHEV,2 and 3 wheelers,2028,EV sales,Low Growth,4.61,3.92,7.88
World,PHEV,2 and 3 wheelers,2029,EV sales,Base Case,9.78,5.24,21.37
World,PHEV,2 and 3 wheelers,2029,EV sales,High Growth,21.37,9.78,24.57
World,PHEV,2 and 3 wheelers,2029,EV sales,Low Growth,5.24,4.45,9.78
World,PHEV,2 and 3 wheelers,2030,EV sales,Base Case,11.98,5.87,29.25
World,PHEV,2 and 3 wheelers,2030,EV sales,High Growth,29.25,11.98,33.63
World,PHEV,2 and 3 wheelers,2030,EV sales,Low Growth,5.87,4.99,11.98
World,PHEV,Buses,2025,EV sales,Base Case,1773.49,1622.05,1982.82
World,PHEV,Buses,2025,EV sales,High Growth,1982.82,1773.49,2280.25
World,PHEV,Buses,2025,EV sales,Low Growth,1622.05,1378.75,1773.49
World,PHEV,Buses,2026,EV sales,Base Case,2825.22,2363.33,3531.53
World,PHEV,Buses,2026,EV sales,High Growth,3531.53,2825.22,4061.26
World,PHEV,Buses,2026,EV sales,Low Growth,2363.33,2008.83,2825.22
World,PHEV,Buses,2027,EV sales,Base Case,4132.1,3161.4,5774.79
World,PHEV,Buses,2027,EV sales,High Growth,5774.79,4132.1,6641.01
World,PHEV,Buses,2027,EV sales,Low Growth,3161.4,2687.19,4132.1
World,PHEV,Buses,2028,EV sales,Base Case,5694.14,3984.48,8897.09
World,PHEV,Buses,2028,EV sales,High Growth,8897.09,5694.14,10231.66
World,PHEV,Buses,2028,EV sales,Low Growth,3984.48,3386.81,5694.14
World,PHEV,Buses,2029,EV sales,Base Case,7511.35,4807.26,13121.79
World,PHEV,Buses,2029,EV sales,High Growth,13121.79,7511.35,15090.05
World,PHEV,Buses,2029,EV sales,Low Growth,4807.26,4086.17,7511.35
World,PHEV,Buses,2030,EV sales,Base Case,9583.74,5609.85,18718.25
World,PHEV,Buses,2030,EV sales,High Growth,18718.25,9583.74,21525.98
World,PHEV,Buses,2030,EV sales,Low Growth,5609.85,4768.37,9583.74
World,PHEV,Cars,2025,EV sales,Base Case,8260173.3,7554837.96,9235154.5
World,PHEV,Cars,2025,EV sales,High Growth,9235154.5,8260173.3,10620427.68
World,PHEV,Cars,2025,EV sales,Low Growth,7554837.96,6421612.27,8260173.3
World,PHEV,Cars,2026,EV sales,Base Case,10785970.95,9022590.27,13482463.69
World,PHEV,Cars,2026,EV sales,High Growth,13482463.69,10785970.95,15504833.24
World,PHEV,Cars,2026,EV sales,Low Growth,9022590.27,7669201.73,10785970.95
World,PHEV,Cars,2027,EV sales,Base Case,13963113.55,10682926.84,19514044.42
World,PHEV,Cars,2027,EV sales,High Growth,19514044.42,13963113.55,22441151.08
World,PHEV,Cars,2027,EV sales,Low Growth,10682926.84,9080487.81,13963113.55
World,PHEV,Cars,2028,EV sales,Base Case,17979715.15,12581336.73,28093304.92
World,PHEV,Cars,2028,EV sales,High Growth,28093304.92,17979715.15,32307300.66
World,PHEV,Cars,2028,EV sales,Low Growth,12581336.73,10694136.22,17979715.15
World,PHEV,Cars,2029,EV sales,Base Case,23089729.74,14777427.04,40336097.88
World,PHEV,Cars,2029,EV sales,High Growth,40336097.88,23089729.74,46386512.56
World,PHEV,Cars,2029,EV sales,Low Growth,14777427.04,12560812.98,23089729.74
World,PHEV,Cars,2030,EV sales,Base Case,29635995.21,17347443.62,57882803.14
World,PHEV,Cars,2030,EV sales,High Growth,57882803.14,29635995.21,66565223.61
World,PHEV,Cars,2030,EV sales,Low Growth,17347443.62,14745327.08,29635995.21
World,PHEV,Trucks,2025,EV sales,Base Case,126.21,115.43,141.1
World,PHEV,Trucks,2025,EV sales,High Growth,141.1,126.21,162.27
World,PHEV,Trucks,2025,EV sales,Low Growth,115.43,98.12,126.21
World,PHEV,Trucks,2026,EV sales,Base Case,121.35,101.51,151.69
World,PHEV,Trucks,2026,EV sales,High Growth,151.69,121.35,174.44
World,PHEV,Trucks,2026,EV sales,Low Growth,101.51,86.28,121.35
World,PHEV,Trucks,2027,EV sales,Base Case,112.87,86.36,157.75
World,PHEV,Trucks,2027,EV sales,High Growth,157.75,112.87,181.41
World,PHEV,Trucks,2027,EV sales,Low Growth,86.36,73.4,112.87
World,PHEV,Trucks,2028,EV sales,Base Case,100.78,70.52,157.47
World,PHEV,Trucks,2028,EV sales,High Growth,157.47,100.78,181.09
World,PHEV,Trucks,2028,EV sales,Low Growth,70.52,59.94,100.78
World,PHEV,Trucks,2029,EV sales,Base Case,85.08,54.45,148.62
World,PHEV,Trucks,2029,EV sales,High Growth,148.62,85.08,170.92
World,PHEV,Trucks,2029,EV sales,Low Growth,54.45,46.28,85.08
World,PHEV,Trucks,2030,EV sales,Base Case,65.76,38.49,128.44
World,PHEV,Trucks,2030,EV sales,High Growth,128.44,65.76,147.71
World,PHEV,Trucks,2030,EV sales,Low Growth,38.49,32.72,65.76
World,PHEV,Vans,2025,EV sales,Base Case,15418.76,14102.16,17238.7
World,PHEV,Vans,2025,EV sales,High Growth,17238.7,15418.76,19824.51
World,PHEV,Vans,2025,EV sales,Low Growth,14102.16,11986.83,15418.76
World,PHEV,Vans,2026,EV sales,Base Case,19997.74,16728.34,24997.17
World,PHEV,Vans,2026,EV sales,High Growth,24997.17,19997.74,28746.75
World,PHEV,Vans,2026,EV sales,Low Growth,16728.34,14219.09,19997.74
World,PHEV,Vans,2027,EV sales,Base Case,25755.83,19705.32,35994.87
World,PHEV,Vans,2027,EV sales,High Growth,35994.87,25755.83,41394.1
World,PHEV,Vans,2027,EV sales,Low Growth,19705.32,16749.53,25755.83
World,PHEV,Vans,2028,EV sales,Base Case,33040.33,23120.03,51625.52
World,PHEV,Vans,2028,EV sales,High Growth,51625.52,33040.33,59369.35
World,PHEV,Vans,2028,EV sales,Low Growth,23120.03,19652.03,33040.33
World,PHEV,Vans,2029,EV sales,Base Case,42320.08,27084.85,73930.14
World,PHEV,Vans,2029,EV sales,High Growth,73930.14,42320.08,85019.66
World,PHEV,Vans,2029,EV sales,Low Growth,27084.85,23022.12,42320.08
World,PHEV,Vans,2030,EV sales,Base Case,54228.0,31742.39,105914.06
World,PHEV,Vans,2030,EV sales,High Growth,105914.06,54228.0,121801.17
World,PHEV,Vans,2030,EV sales,Low Growth,31742.39,26981.03,54228.0
